country,state,city,station,last_update,latitude,longitude,pollutant_id,pollutant_min,pollutant_max,pollutant_avg
India,Bihar,Bhagalpur,"Mayaganj, Bhagalpur - BSPCB","15-04-2026 11:00:00",25.265194,87.012947,OZONE,4,23,10
India,Bihar,"Bihar Sharif","D M Colony, Bihar Sharif - BSPCB","15-04-2026 11:00:00",25.204762,85.514960,PM2.5,12,95,48
India,Bihar,"Bihar Sharif","D M Colony, Bihar Sharif - BSPCB","15-04-2026 11:00:00",25.204762,85.514960,NO2,9,10,9
India,Bihar,Buxar,"Charitra Van, Buxar - BSPCB","15-04-2026 11:00:00",25.567520,83.966379,PM10,31,72,48
India,Bihar,Buxar,"Charitra Van, Buxar - BSPCB","15-04-2026 11:00:00",25.567520,83.966379,NO2,9,10,9
India,Bihar,Buxar,"Charitra Van, Buxar - BSPCB","15-04-2026 11:00:00",25.567520,83.966379,CO,18,29,24
India,Bihar,Buxar,"Charitra Van, Buxar - BSPCB","15-04-2026 11:00:00",25.567520,83.966379,OZONE,2,40,9
India,Bihar,Chhapra,"Darshan Nagar, Chhapra - BSPCB","15-04-2026 11:00:00",25.7808257,84.7446768,PM10,60,82,71
India,Bihar,Chhapra,"Darshan Nagar, Chhapra - BSPCB","15-04-2026 11:00:00",25.7808257,84.7446768,NH3,5,10,8
India,Bihar,Gaya,"Collectorate, Gaya - BSPCB","15-04-2026 11:00:00",24.7955,84.9994,OZONE,NA,NA,NA
India,Bihar,Gaya,"Kareemganj, Gaya - BSPCB","15-04-2026 11:00:00",24.792403,84.992416,NH3,1,6,1
India,Andhra_Pradesh,Vijayawada,"Rajiv Nagar, Vijayawada - APPCB","15-04-2026 11:00:00",16.554731,80.649110,CO,27,42,36
India,Andhra_Pradesh,Visakhapatnam,"GVM Corporation, Visakhapatnam - APPCB","15-04-2026 11:00:00",17.72,83.3,PM10,67,291,141
India,Andhra_Pradesh,Visakhapatnam,"GVM Corporation, Visakhapatnam - APPCB","15-04-2026 11:00:00",17.72,83.3,NO2,25,96,58
India,Arunachal_Pradesh,Naharlagun,"Naharlagun, Naharlagun - APSPCB","15-04-2026 11:00:00",27.103358,93.679645,OZONE,6,6,6
India,Assam,Byrnihat,"Central Academy for SFS, Byrnihat - PCBA","15-04-2026 11:00:00",26.071318,91.87488,NH3,3,5,4
India,Assam,Byrnihat,"Central Academy for SFS, Byrnihat - PCBA","15-04-2026 11:00:00",26.071318,91.87488,CO,34,114,61
India,Assam,Guwahati,"LGBI Airport, Guwahati - PCBA","15-04-2026 11:00:00",26.10887,91.589544,SO2,NA,NA,NA
India,Assam,Guwahati,"LGBI Airport, Guwahati - PCBA","15-04-2026 11:00:00",26.10887,91.589544,CO,42,49,48
India,Assam,Guwahati,"Railway Colony, Guwahati - PCBA","15-04-2026 11:00:00",26.181742,91.78063,CO,NA,NA,NA
India,Andhra_Pradesh,Kadapa,"Yerramukkapalli, Kadapa - APPCB","15-04-2026 11:00:00",14.465052,78.824187,PM10,60,77,67
India,Andhra_Pradesh,Kadapa,"Yerramukkapalli, Kadapa - APPCB","15-04-2026 11:00:00",14.465052,78.824187,NH3,3,5,3
India,Andhra_Pradesh,Kadapa,"Yerramukkapalli, Kadapa - APPCB","15-04-2026 11:00:00",14.465052,78.824187,CO,20,35,24
India,Andhra_Pradesh,Kadapa,"Yerramukkapalli, Kadapa - APPCB","15-04-2026 11:00:00",14.465052,78.824187,OZONE,25,38,37
India,Andhra_Pradesh,Machilipatnam,"Srinivas Nagar Colony, Machilipatnam - APPCB","15-04-2026 11:00:00",16.186555,81.13219,OZONE,30,42,34
India,Andhra_Pradesh,Nellore,"Ambedkar Nagar, Nellore - APPCB ","15-04-2026 11:00:00","14.438164 ","79.966814 ",PM2.5,27,63,38
India,Andhra_Pradesh,Rajamahendravaram,"Anand Kala Kshetram, Rajamahendravaram - APPCB","15-04-2026 11:00:00",16.9872867,81.7363176,NH3,1,4,3
India,Andhra_Pradesh,Rajamahendravaram,"Anand Kala Kshetram, Rajamahendravaram - APPCB","15-04-2026 11:00:00",16.9872867,81.7363176,OZONE,2,32,9
India,Andhra_Pradesh,Tirumala,"Toll Gate, Tirumala - APPCB","15-04-2026 11:00:00",13.67,79.35,PM2.5,NA,NA,NA
India,Andhra_Pradesh,Tirumala,"Toll Gate, Tirumala - APPCB","15-04-2026 11:00:00",13.67,79.35,NO2,27,67,46
India,Bihar,Aurangabad,"Gurdeo Nagar, Aurangabad - BSPCB","15-04-2026 11:00:00",24.75746,84.366208,PM2.5,17,45,27
India,Bihar,Aurangabad,"Gurdeo Nagar, Aurangabad - BSPCB","15-04-2026 11:00:00",24.75746,84.366208,PM10,18,126,90
India,Bihar,Aurangabad,"Gurdeo Nagar, Aurangabad - BSPCB","15-04-2026 11:00:00",24.75746,84.366208,NH3,1,2,1
India,Bihar,Aurangabad,"Gurdeo Nagar, Aurangabad - BSPCB","15-04-2026 11:00:00",24.75746,84.366208,CO,101,103,102
India,Bihar,Begusarai,"Lohiyanagar, Begusarai - BSPCB","15-04-2026 11:00:00",25.42742023,86.13886079,PM10,48,132,90
India,Bihar,Begusarai,"Lohiyanagar, Begusarai - BSPCB","15-04-2026 11:00:00",25.42742023,86.13886079,NO2,10,18,13
India,Bihar,Begusarai,"Lohiyanagar, Begusarai - BSPCB","15-04-2026 11:00:00",25.42742023,86.13886079,SO2,34,38,36
India,Bihar,Bettiah,"Kamalnath Nagar, Bettiah - BSPCB","15-04-2026 11:00:00",26.80365,84.51954,OZONE,22,28,23
India,Bihar,Bhagalpur,"DM Office_Kachari Chowk, Bhagalpur - BSPCB","15-04-2026 11:00:00",25.251013,86.989001,PM10,62,103,86
India,Bihar,Bhagalpur,"DM Office_Kachari Chowk, Bhagalpur - BSPCB","15-04-2026 11:00:00",25.251013,86.989001,CO,32,56,40
India,Andhra_Pradesh,Tirumala,"Toll Gate, Tirumala - APPCB","15-04-2026 11:00:00",13.67,79.35,SO2,3,28,12
India,Andhra_Pradesh,Tirupati,"Vaikuntapuram, Tirupati - APPCB","15-04-2026 11:00:00",13.615387,79.409230,PM2.5,59,90,79
India,Andhra_Pradesh,Tirupati,"Vaikuntapuram, Tirupati - APPCB","15-04-2026 11:00:00",13.615387,79.409230,NH3,5,6,6
India,Andhra_Pradesh,Vijayawada,"Kanuru, Vijayawada - APPCB","15-04-2026 11:00:00",16.486692,80.699436,NH3,NA,NA,NA
India,Andhra_Pradesh,Vijayawada,"Rajiv Gandhi Park, Vijayawada - APPCB","15-04-2026 11:00:00",16.509717,80.612222,PM2.5,42,75,60
India,Andhra_Pradesh,Vijayawada,"Rajiv Gandhi Park, Vijayawada - APPCB","15-04-2026 11:00:00",16.509717,80.612222,NO2,11,25,19
India,Andhra_Pradesh,Vijayawada,"Rajiv Gandhi Park, Vijayawada - APPCB","15-04-2026 11:00:00",16.509717,80.612222,NH3,6,7,6
India,Andhra_Pradesh,Vijayawada,"Rajiv Gandhi Park, Vijayawada - APPCB","15-04-2026 11:00:00",16.509717,80.612222,OZONE,8,18,12
India,Andhra_Pradesh,Vijayawada,"Rajiv Nagar, Vijayawada - APPCB","15-04-2026 11:00:00",16.554731,80.649110,SO2,12,16,14
India,Assam,Nalbari,"Bata Chowk, Nalbari - PCBA","15-04-2026 11:00:00",26.446912,91.439057,NH3,6,6,6
India,Assam,Nalbari,"Bata Chowk, Nalbari - PCBA","15-04-2026 11:00:00",26.446912,91.439057,OZONE,5,16,16
India,Assam,Silchar,"Tarapur, Silchar - PCBA","15-04-2026 11:00:00",24.82827,92.79525,PM2.5,24,69,46
India,Assam,Sivasagar,"Girls College, Sivasagar - PCBA","15-04-2026 11:00:00",26.987634,94.636574,OZONE,44,82,58
India,Bihar,Araria,"Kharahiya Basti, Araria - BSPCB","15-04-2026 11:00:00",26.146529,87.454184,PM10,51,113,88
India,Bihar,Araria,"Kharahiya Basti, Araria - BSPCB","15-04-2026 11:00:00",26.146529,87.454184,CO,19,106,25
India,Bihar,Arrah,"New DM Office, Arrah - BSPCB","15-04-2026 11:00:00",25.5626095,84.663264,NH3,1,2,2
India,Andhra_Pradesh,Amaravati,"Secretariat, Amaravati - APPCB","15-04-2026 11:00:00",16.5150833,80.5181667,OZONE,2,75,13
India,Andhra_Pradesh,Anantapur,"Gulzarpet, Anantapur - APPCB","15-04-2026 11:00:00",14.675886,77.593027,PM10,52,71,60
India,Andhra_Pradesh,Chittoor,"Gangineni Cheruvu, Chittoor - APPCB","15-04-2026 11:00:00",13.204880,79.097889,PM10,47,77,58
India,Andhra_Pradesh,Eluru,"District Court, Eluru - APPCB","15-04-2026 11:00:00",16.711754,81.092095,PM10,35,72,51
India,Bihar,Gaya,"SFTI Kusdihra, Gaya - BSPCB","15-04-2026 11:00:00",24.762518,84.982348,PM10,45,75,58
India,Bihar,Gaya,"SFTI Kusdihra, Gaya - BSPCB","15-04-2026 11:00:00",24.762518,84.982348,SO2,8,9,8
India,Bihar,Kishanganj,"SDM Office_Khagra, Kishanganj - BSPCB","15-04-2026 11:00:00",26.0881305,87.93840336,NO2,8,9,8
India,Bihar,Manguraha,"Forest Rest House, Manguraha - BSPCB","15-04-2026 11:00:00",27.308328,84.531742,PM10,107,248,139
India,Andhra_Pradesh,Guntur,"Rajendra Nagar North, Guntur - APPCB","15-04-2026 11:00:00",16.316553,80.413302,PM2.5,59,84,69
India,Andhra_Pradesh,Eluru,"District Court, Eluru - APPCB","15-04-2026 11:00:00",16.711754,81.092095,CO,22,38,28
India,Bihar,Rajgir,"Dangi Tola, Rajgir - BSPCB","15-04-2026 11:00:00",25.03280,85.41948,PM2.5,30,87,53
India,Bihar,Rajgir,"Dangi Tola, Rajgir - BSPCB","15-04-2026 11:00:00",25.03280,85.41948,PM10,24,87,50
India,Bihar,Rajgir,"Dangi Tola, Rajgir - BSPCB","15-04-2026 11:00:00",25.03280,85.41948,OZONE,24,30,27
India,Bihar,Saharsa,"Police Line, Saharsa - BSPCB","15-04-2026 11:00:00",25.892357,86.590325,SO2,14,17,16
India,Bihar,Saharsa,"Police Line, Saharsa - BSPCB","15-04-2026 11:00:00",25.892357,86.590325,OZONE,10,74,28
India,Bihar,Samastipur,"DM Office_Kasipur, Samastipur - BSPCB","15-04-2026 11:00:00",25.859655,85.77944,PM10,NA,NA,NA
India,Bihar,Samastipur,"DM Office_Kasipur, Samastipur - BSPCB","15-04-2026 11:00:00",25.859655,85.77944,NO2,NA,NA,NA
India,Bihar,Samastipur,"DM Office_Kasipur, Samastipur - BSPCB","15-04-2026 11:00:00",25.859655,85.77944,NH3,NA,NA,NA
India,Bihar,Sasaram,"Dada Peer, Sasaram - BSPCB","15-04-2026 11:00:00",24.952822,84.002396,PM2.5,8,58,31
India,Bihar,Sasaram,"Dada Peer, Sasaram - BSPCB","15-04-2026 11:00:00",24.952822,84.002396,PM10,63,131,90
India,Bihar,Sasaram,"Dada Peer, Sasaram - BSPCB","15-04-2026 11:00:00",24.952822,84.002396,CO,37,97,67
India,Chhattisgarh,Chhal,"Nawapara SECL Colony, Chhal - CECB","15-04-2026 11:00:00",22.118125,83.140608,NH3,5,5,5
India,Chhattisgarh,Chhal,"Nawapara SECL Colony, Chhal - CECB","15-04-2026 11:00:00",22.118125,83.140608,CO,20,76,58
India,Chhattisgarh,Chhal,"Nawapara SECL Colony, Chhal - CECB","15-04-2026 11:00:00",22.118125,83.140608,OZONE,11,25,11
India,Chhattisgarh,Korba,"Rampur, Korba - CECB","15-04-2026 11:00:00",22.368195,82.746431,CO,6,71,44
India,Chhattisgarh,Korba,"Urja Nagar, Korba - CECB","15-04-2026 11:00:00",22.348441,82.549611,SO2,1,16,9
India,Chhattisgarh,Kunjemura,"OP Jindal School, Kunjemura - CECB","15-04-2026 11:00:00",22.126650,83.483212,CO,16,94,58
India,Chhattisgarh,Milupara,"Govt. Higher Secondary School, Milupara - CECB","15-04-2026 11:00:00",22.1910172,83.5197009,NH3,1,2,1
India,Bihar,Patna,"IGSC Planetarium Complex, Patna - BSPCB","15-04-2026 11:00:00",25.610369,85.132568,CO,6,69,18
India,Bihar,Patna,"Rajbansi Nagar, Patna - BSPCB","15-04-2026 11:00:00",25.599486,85.113666,NH3,2,3,3
India,Bihar,Patna,"Rajbansi Nagar, Patna - BSPCB","15-04-2026 11:00:00",25.599486,85.113666,OZONE,27,35,32
India,Bihar,Patna,"Samanpura, Patna - BSPCB","15-04-2026 11:00:00",25.596727,85.085624,PM2.5,55,228,97
India,Bihar,Purnia,"Mariam Nagar, Purnia - BSPCB","15-04-2026 11:00:00",25.366336,87.117468,PM2.5,65,80,74
India,Bihar,Purnia,"Mariam Nagar, Purnia - BSPCB","15-04-2026 11:00:00",25.366336,87.117468,NO2,5,6,6
India,Bihar,Purnia,"Mariam Nagar, Purnia - BSPCB","15-04-2026 11:00:00",25.366336,87.117468,NH3,2,2,2
India,Bihar,Muzaffarpur,"Buddha Colony, Muzaffarpur - BSPCB","15-04-2026 11:00:00",26.11442,85.39813,CO,20,56,34
India,Bihar,Muzaffarpur,"MIT-Daudpur Kothi, Muzaffarpur - BSPCB","15-04-2026 11:00:00",26.1403345,85.3650192,PM2.5,58,88,68
India,Bihar,Patna,"DRM Office Danapur, Patna - BSPCB","15-04-2026 11:00:00",25.586562,85.043586,CO,18,96,63
India,Bihar,Patna,"Govt. High School Shikarpur, Patna - BSPCB","15-04-2026 11:00:00",25.592539,85.227158,SO2,2,9,8
India,Chhattisgarh,Bhilai,"32Bungalows, Bhilai - CECB","15-04-2026 11:00:00",21.194815,81.314770,CO,14,102,31
India,Chhattisgarh,Bhilai,"32Bungalows, Bhilai - CECB","15-04-2026 11:00:00",21.194815,81.314770,OZONE,4,43,23
India,Chhattisgarh,Bhilai,"Civic Center, Bhilai - Bhilai Steel Plant","15-04-2026 11:00:00",21.185571,81.343175,SO2,5,10,9
India,Bihar,Manguraha,"Forest Rest House, Manguraha - BSPCB","15-04-2026 11:00:00",27.308328,84.531742,OZONE,9,11,9
India,Bihar,Motihari,"Gandak Colony, Motihari - BSPCB","15-04-2026 11:00:00",26.63086,84.90051,NH3,3,3,3
India,Bihar,Motihari,"Gandak Colony, Motihari - BSPCB","15-04-2026 11:00:00",26.63086,84.90051,SO2,3,3,3
India,Chhattisgarh,Bhilai,"Hathkhoj, Bhilai - CECB","15-04-2026 11:00:00",21.224231,81.408350,PM2.5,23,86,60
India,Chhattisgarh,Bhilai,"Hathkhoj, Bhilai - CECB","15-04-2026 11:00:00",21.224231,81.408350,OZONE,8,23,12
India,Bihar,Manguraha,"Forest Rest House, Manguraha - BSPCB","15-04-2026 11:00:00",27.308328,84.531742,SO2,16,17,16
India,Chandigarh,Chandigarh,"Sector 22, Chandigarh - CPCC","15-04-2026 11:00:00",30.735567,76.775714,CO,57,107,61
India,Delhi,Delhi,"Alipur, Delhi - DPCC","15-04-2026 11:00:00",28.815329,77.153010,NH3,8,18,11
India,Delhi,Delhi,"Alipur, Delhi - DPCC","15-04-2026 11:00:00",28.815329,77.153010,OZONE,2,40,13
India,Delhi,Delhi,"Anand Vihar, Delhi - DPCC","15-04-2026 11:00:00",28.647622,77.3158090,PM2.5,23,379,253
India,Delhi,Delhi,"Anand Vihar, Delhi - DPCC","15-04-2026 11:00:00",28.647622,77.3158090,SO2,21,52,35
India,Delhi,Delhi,"Ashok Vihar, Delhi - DPCC","15-04-2026 11:00:00",28.695381,77.181665,PM10,103,418,213
India,Delhi,Delhi,"Aya Nagar, Delhi - IMD","15-04-2026 11:00:00",28.4706914,77.1099364,OZONE,5,91,31
India,Delhi,Delhi,"Bawana, Delhi - DPCC","15-04-2026 11:00:00",28.776200,77.051074,OZONE,4,65,21
India,Delhi,Delhi,"Dwarka-Sector 8, Delhi - DPCC ","15-04-2026 11:00:00",28.5710274,77.0719006,PM2.5,38,421,214
India,Delhi,Delhi,"Dwarka-Sector 8, Delhi - DPCC ","15-04-2026 11:00:00",28.5710274,77.0719006,NH3,3,47,7
India,Delhi,Delhi,"IGI Airport (T3), Delhi - IMD","15-04-2026 11:00:00",28.5627763,77.1180053,NO2,17,63,41
India,Delhi,Delhi,"IGNOU_Maidan Garhi, Delhi - DPCC","15-04-2026 11:00:00","28.493624 ","77.201159 ",PM10,61,324,157
India,Delhi,Delhi,"IGNOU_Maidan Garhi, Delhi - DPCC","15-04-2026 11:00:00","28.493624 ","77.201159 ",NH3,1,4,2
India,Delhi,Delhi,"IGNOU_Maidan Garhi, Delhi - DPCC","15-04-2026 11:00:00","28.493624 ","77.201159 ",SO2,8,40,16
India,Delhi,Delhi,"IGNOU_Maidan Garhi, Delhi - DPCC","15-04-2026 11:00:00","28.493624 ","77.201159 ",CO,28,107,53
India,Chhattisgarh,Raipur,"Bhatagaon New ISBT, Raipur - CECB","15-04-2026 11:00:00",21.219665,81.630094,NH3,2,2,2
India,Chhattisgarh,Tumidih,"OP Jindal Industrial Park, Tumidih - CECB","15-04-2026 11:00:00",22.06631475,83.33820077,NO2,NA,NA,NA
India,Chhattisgarh,Tumidih,"OP Jindal Industrial Park, Tumidih - CECB","15-04-2026 11:00:00",22.06631475,83.33820077,NH3,1,2,2
India,Delhi,Delhi,"Alipur, Delhi - DPCC","15-04-2026 11:00:00",28.815329,77.153010,PM2.5,33,423,194
India,Delhi,Delhi,"Alipur, Delhi - DPCC","15-04-2026 11:00:00",28.815329,77.153010,NO2,18,83,49
India,Delhi,Delhi,"Jawaharlal Nehru Stadium, Delhi - DPCC","15-04-2026 11:00:00",28.580280,77.233829,SO2,10,57,28
India,Delhi,Delhi,"Jawaharlal Nehru Stadium, Delhi - DPCC","15-04-2026 11:00:00",28.580280,77.233829,CO,6,117,28
India,Delhi,Delhi,"Major Dhyan Chand National Stadium, Delhi - DPCC","15-04-2026 11:00:00",28.611281,77.237738,PM10,83,410,176
India,Delhi,Delhi,"Major Dhyan Chand National Stadium, Delhi - DPCC","15-04-2026 11:00:00",28.611281,77.237738,NH3,11,18,13
India,Delhi,Delhi,"Mundka, Delhi - DPCC","15-04-2026 11:00:00",28.684678,77.076574,NH3,3,11,6
India,Delhi,Delhi,"Mundka, Delhi - DPCC","15-04-2026 11:00:00",28.684678,77.076574,CO,42,102,68
India,Delhi,Delhi,"CRRI Mathura Road, Delhi - IMD","15-04-2026 11:00:00",28.5512005,77.2735737,PM10,87,430,242
India,Delhi,Delhi,"CRRI Mathura Road, Delhi - IMD","15-04-2026 11:00:00",28.5512005,77.2735737,CO,43,157,122
India,Delhi,Delhi,"Commonwealth Sports Complex, Delhi - DPCC","15-04-2026 11:00:00","28.615828 ","77.271992 ",PM10,108,357,205
India,Delhi,Delhi,"DTU, Delhi - CPCB","15-04-2026 11:00:00",28.7500499,77.1112615,NH3,6,11,8
India,Delhi,Delhi,"DTU, Delhi - CPCB","15-04-2026 11:00:00",28.7500499,77.1112615,CO,15,60,53
India,Delhi,Delhi,"Jahangirpuri, Delhi - DPCC","15-04-2026 11:00:00",28.732820,77.170633,CO,12,139,58
India,Delhi,Delhi,"Jahangirpuri, Delhi - DPCC","15-04-2026 11:00:00",28.732820,77.170633,OZONE,5,88,26
India,Delhi,Delhi,"Jawaharlal Nehru Stadium, Delhi - DPCC","15-04-2026 11:00:00",28.580280,77.233829,PM2.5,48,392,190
India,Delhi,Delhi,"IHBAS, Dilshad Garden, Delhi - CPCB","15-04-2026 11:00:00",28.6811736,77.3025234,OZONE,11,131,23
India,Delhi,Delhi,"ITO, Delhi - CPCB","15-04-2026 11:00:00",28.628624,77.241060,NO2,34,89,58
India,Delhi,Delhi,"ITO, Delhi - CPCB","15-04-2026 11:00:00",28.628624,77.241060,NH3,3,6,5
India,Delhi,Delhi,"IHBAS, Dilshad Garden, Delhi - CPCB","15-04-2026 11:00:00",28.6811736,77.3025234,NH3,5,8,6
India,Delhi,Delhi,"JNU, Delhi - DPCC","15-04-2026 11:00:00","28.540721 ","77.168544 ",CO,40,115,90
India,Delhi,Delhi,"Punjabi Bagh, Delhi - DPCC","15-04-2026 11:00:00",28.674045,77.131023,CO,40,104,100
India,Delhi,Delhi,"Pusa, Delhi - DPCC","15-04-2026 11:00:00",28.639652,77.146275,PM2.5,38,359,126
India,Delhi,Delhi,"Pusa, Delhi - DPCC","15-04-2026 11:00:00",28.639652,77.146275,OZONE,3,55,13
India,Delhi,Delhi,"Pusa, Delhi - IMD","15-04-2026 11:00:00",28.636110,77.173332,PM2.5,28,341,115
India,Delhi,Delhi,"Pusa, Delhi - IMD","15-04-2026 11:00:00",28.636110,77.173332,PM10,86,378,177
India,Delhi,Delhi,"Pusa, Delhi - IMD","15-04-2026 11:00:00",28.636110,77.173332,OZONE,10,246,246
India,Delhi,Delhi,"R K Puram, Delhi - DPCC","15-04-2026 11:00:00",28.563262,77.186937,NO2,10,125,67
India,Delhi,Delhi,"Rohini, Delhi - DPCC","15-04-2026 11:00:00",28.732528,77.119920,PM2.5,38,500,250
India,Delhi,Delhi,"Rohini, Delhi - DPCC","15-04-2026 11:00:00",28.732528,77.119920,PM10,109,476,270
India,Delhi,Delhi,"Sri Aurobindo Marg, Delhi - DPCC","15-04-2026 11:00:00",28.531346,77.190156,NO2,5,84,44
India,Delhi,Delhi,"Talkatora Garden, Delhi - DPCC","15-04-2026 11:00:00",28.621810,77.1944633,PM2.5,16,380,151
India,Delhi,Delhi,"Talkatora Garden, Delhi - DPCC","15-04-2026 11:00:00",28.621810,77.1944633,NH3,1,8,4
India,Delhi,Delhi,"Talkatora Garden, Delhi - DPCC","15-04-2026 11:00:00",28.621810,77.1944633,CO,34,104,80
India,Delhi,Delhi,"Vivek Vihar, Delhi - DPCC","15-04-2026 11:00:00",28.672342,77.315260,CO,38,119,58
India,Delhi,Delhi,"Wazirpur, Delhi - DPCC","15-04-2026 11:00:00",28.699793,77.165453,PM10,159,463,306
India,Delhi,Delhi,"Wazirpur, Delhi - DPCC","15-04-2026 11:00:00",28.699793,77.165453,NO2,54,175,118
India,Delhi,Delhi,"Wazirpur, Delhi - DPCC","15-04-2026 11:00:00",28.699793,77.165453,NH3,7,10,8
India,Delhi,Delhi,"Wazirpur, Delhi - DPCC","15-04-2026 11:00:00",28.699793,77.165453,SO2,8,64,23
India,Gujarat,Ahmedabad,"Chandkheda, Ahmedabad - IITM","15-04-2026 11:00:00",23.107969,72.574648,PM2.5,NA,NA,NA
India,Gujarat,Ahmedabad,"Gyaspur, Ahmedabad - IITM","15-04-2026 11:00:00",22.977134,72.553024,PM2.5,44,121,69
India,Gujarat,Ahmedabad,"Gyaspur, Ahmedabad - IITM","15-04-2026 11:00:00",22.977134,72.553024,CO,38,67,51
India,Gujarat,Ahmedabad,"Maninagar, Ahmedabad - GPCB","15-04-2026 11:00:00",23.002657,72.591912,PM10,77,141,109
India,Delhi,Delhi,"NSIT Dwarka, Delhi - CPCB","15-04-2026 11:00:00",28.60909,77.0325413,OZONE,14,180,32
India,Delhi,Delhi,"NSUT Jaffarpur, Delhi - DPCC","15-04-2026 11:00:00","28.594004 ","76.909423 ",NH3,1,4,2
India,Delhi,Delhi,"Najafgarh, Delhi - DPCC","15-04-2026 11:00:00",28.570173,76.933762,PM10,NA,NA,NA
India,Delhi,Delhi,"Najafgarh, Delhi - DPCC","15-04-2026 11:00:00",28.570173,76.933762,SO2,NA,NA,NA
India,Delhi,Delhi,"Narela, Delhi - DPCC","15-04-2026 11:00:00",28.822836,77.101981,CO,7,76,33
India,Delhi,Delhi,"Patparganj, Delhi - DPCC","15-04-2026 11:00:00",28.623763,77.287209,CO,42,141,81
India,Delhi,Delhi,"Patparganj, Delhi - DPCC","15-04-2026 11:00:00",28.623763,77.287209,OZONE,3,88,22
India,Delhi,Delhi,"Punjabi Bagh, Delhi - DPCC","15-04-2026 11:00:00",28.674045,77.131023,PM10,91,433,217
India,Delhi,Delhi,"Punjabi Bagh, Delhi - DPCC","15-04-2026 11:00:00",28.674045,77.131023,NO2,14,95,56
India,Delhi,Delhi,"Punjabi Bagh, Delhi - DPCC","15-04-2026 11:00:00",28.674045,77.131023,SO2,25,83,47
India,Delhi,Delhi,"Rohini, Delhi - DPCC","15-04-2026 11:00:00",28.732528,77.119920,SO2,10,114,34
India,Delhi,Delhi,"Shadipur, Delhi - CPCB","15-04-2026 11:00:00",28.6514781,77.1473105,PM10,101,500,246
India,Delhi,Delhi,"Shadipur, Delhi - CPCB","15-04-2026 11:00:00",28.6514781,77.1473105,NO2,39,128,69
India,Delhi,Delhi,"Sirifort, Delhi - CPCB","15-04-2026 11:00:00",28.5504249,77.2159377,NH3,7,17,14
India,Gujarat,Ahmedabad,"Maninagar, Ahmedabad - GPCB","15-04-2026 11:00:00",23.002657,72.591912,SO2,42,104,83
India,Gujarat,Ahmedabad,"SAC ISRO Bopal, Ahmedabad - IITM","15-04-2026 11:00:00",23.041137,72.456691,PM2.5,46,146,84
India,Delhi,Delhi,"Nehru Nagar, Delhi - DPCC","15-04-2026 11:00:00",28.567890,77.250515,PM10,108,401,226
India,Delhi,Delhi,"Nehru Nagar, Delhi - DPCC","15-04-2026 11:00:00",28.567890,77.250515,SO2,2,116,34
India,Delhi,Delhi,"Okhla Phase-2, Delhi - DPCC","15-04-2026 11:00:00",28.530785,77.271255,SO2,9,49,28
India,Haryana,Ambala,"Patti Mehar, Ambala - HSPCB","15-04-2026 11:00:00",30.379589,76.778328,NO2,9,12,10
India,Haryana,Ambala,"Patti Mehar, Ambala - HSPCB","15-04-2026 11:00:00",30.379589,76.778328,OZONE,13,23,19
India,Haryana,Bahadurgarh,"Arya Nagar, Bahadurgarh - HSPCB","15-04-2026 11:00:00",28.6701,76.9254,PM10,71,107,98
India,Haryana,Bahadurgarh,"Arya Nagar, Bahadurgarh - HSPCB","15-04-2026 11:00:00",28.6701,76.9254,NO2,12,14,13
India,Haryana,Bahadurgarh,"Arya Nagar, Bahadurgarh - HSPCB","15-04-2026 11:00:00",28.6701,76.9254,CO,37,50,46
India,Haryana,Ballabgarh,"Nathu Colony, Ballabgarh - HSPCB","15-04-2026 11:00:00",28.3419248,77.319699,PM2.5,58,303,189
India,Haryana,Ballabgarh,"Nathu Colony, Ballabgarh - HSPCB","15-04-2026 11:00:00",28.3419248,77.319699,CO,14,116,44
India,Haryana,Bhiwani,"H.B. Colony, Bhiwani - HSPCB","15-04-2026 11:00:00",28.806223,76.141105,OZONE,2,14,8
India,Gujarat,Ahmedabad,"SVPI Airport Hansol, Ahmedabad - IITM","15-04-2026 11:00:00",23.076793,72.627874,NO2,14,76,31
India,Gujarat,Ahmedabad,"SVPI Airport Hansol, Ahmedabad - IITM","15-04-2026 11:00:00",23.076793,72.627874,NH3,1,3,2
India,Gujarat,Ahmedabad,"SVPI Airport Hansol, Ahmedabad - IITM","15-04-2026 11:00:00",23.076793,72.627874,CO,4,46,15
India,Gujarat,Ankleshwar,"GIDC, Ankleshwar - GPCB","15-04-2026 11:00:00",21.613267,73.010555,SO2,24,27,26
India,Gujarat,Ankleshwar,"GIDC, Ankleshwar - GPCB","15-04-2026 11:00:00",21.613267,73.010555,OZONE,10,33,13
India,Gujarat,Bhavnagar,"Vidhyanagar, Bhavnagar - Nexteng Enviro","15-04-2026 11:00:00",21.755417,72.139056,PM2.5,35,56,45
India,Gujarat,Bhavnagar,"Vidhyanagar, Bhavnagar - Nexteng Enviro","15-04-2026 11:00:00",21.755417,72.139056,NH3,3,4,3
India,Gujarat,Bhavnagar,"Vidhyanagar, Bhavnagar - Nexteng Enviro","15-04-2026 11:00:00",21.755417,72.139056,CO,106,110,108
India,Gujarat,Surat,"Science Center, Surat - SMC","15-04-2026 11:00:00",21.170046,72.795405,NO2,15,16,15
India,Gujarat,Vadodara,"Bapunagar, Vadodara - Nexteng Enviro","15-04-2026 11:00:00",22.320153,73.216285,OZONE,2,7,3
India,Gujarat,Vatva,"Phase-4 GIDC, Vatva - GPCB","15-04-2026 11:00:00",22.969611,72.643500,PM10,115,169,134
India,Gujarat,Vatva,"Phase-4 GIDC, Vatva - GPCB","15-04-2026 11:00:00",22.969611,72.643500,SO2,67,103,84
India,Gujarat,Vatva,"Phase-4 GIDC, Vatva - GPCB","15-04-2026 11:00:00",22.969611,72.643500,CO,40,80,49
India,Gujarat,Mehsana,"Sadanand Nagar, Mehsana - Nexteng Enviro","15-04-2026 11:00:00",23.593150,72.372792,NO2,33,48,39
India,Gujarat,Mehsana,"Sadanand Nagar, Mehsana - Nexteng Enviro","15-04-2026 11:00:00",23.593150,72.372792,NH3,2,4,3
India,Gujarat,Rajkot,"Mavdi, Rajkot - Nexteng Enviro ","15-04-2026 11:00:00",22.248853,70.776774,PM2.5,11,52,35
India,Gujarat,Ahmedabad,"SAC ISRO Bopal, Ahmedabad - IITM","15-04-2026 11:00:00",23.041137,72.456691,NO2,6,27,15
India,Gujarat,Ahmedabad,"SAC ISRO Satellite, Ahmedabad - IITM","15-04-2026 11:00:00",23.023389,72.515201,PM10,76,155,112
India,Haryana,Dharuhera,"Municipal Corporation Office, Dharuhera -  HSPCB","15-04-2026 11:00:00",28.206800,76.799700,NO2,15,53,38
India,Haryana,Faridabad,"Sector 11, Faridabad - HSPCB","15-04-2026 11:00:00",28.376058,77.315741,NO2,30,33,31
India,Haryana,Faridabad,"Sector 30, Faridabad - HSPCB","15-04-2026 11:00:00",28.4417,77.3217,NH3,11,12,11
India,Haryana,Faridabad,"Sector 30, Faridabad - HSPCB","15-04-2026 11:00:00",28.4417,77.3217,SO2,6,6,6
India,Haryana,Faridabad,"Sector 30, Faridabad - HSPCB","15-04-2026 11:00:00",28.4417,77.3217,CO,59,66,62
India,Gujarat,Gandhinagar,"IIPHG Lekawada, Gandhinagar - IITM","15-04-2026 11:00:00",23.243639,72.68994,NH3,1,2,2
India,Gujarat,Gandhinagar,"Sector-10, Gandhinagar - GPCB","15-04-2026 11:00:00",23.221714,72.654328,NH3,1,3,1
India,Gujarat,Rajkot,"Mavdi, Rajkot - Nexteng Enviro ","15-04-2026 11:00:00",22.248853,70.776774,OZONE,5,14,9
India,Haryana,Karnal,"Sector-12, Karnal - HSPCB","15-04-2026 11:00:00",29.695300,77.002700,PM2.5,47,138,91
India,Haryana,Karnal,"Sector-12, Karnal - HSPCB","15-04-2026 11:00:00",29.695300,77.002700,PM10,42,105,79
India,Haryana,Kurukshetra,"Sector-7, Kurukshetra - HSPCB","15-04-2026 11:00:00",29.966942,76.875879,CO,6,24,20
India,Haryana,Mandikhera,"General Hospital, Mandikhera(Nuh) - HSPCB","15-04-2026 11:00:00",27.9002,76.9938,CO,NA,NA,NA
India,Haryana,Manesar,"Sector-2 IMT, Manesar - HSPCB","15-04-2026 11:00:00",28.360699,76.936090,PM2.5,74,377,267
India,Haryana,Manesar,"Sector-2 IMT, Manesar - HSPCB","15-04-2026 11:00:00",28.360699,76.936090,NO2,18,82,35
India,Jammu_and_Kashmir,Srinagar,"Khunmoh, Srinagar - JKPCC","15-04-2026 11:00:00",34.06313,74.96017,PM10,35,110,68
India,Jharkhand,Dhanbad,"Sardar Patel Nagar, Dhanbad - JSPCB","15-04-2026 11:00:00",23.80569,86.44268,SO2,NA,NA,NA
India,Jharkhand,Jorapokhar,"Tata Stadium, Jorapokhar - JSPCB","15-04-2026 11:00:00",23.707909,86.414670,PM2.5,39,76,57
India,Jharkhand,Jorapokhar,"Tata Stadium, Jorapokhar - JSPCB","15-04-2026 11:00:00",23.707909,86.414670,NO2,8,8,8
India,Jharkhand,Jorapokhar,"Tata Stadium, Jorapokhar - JSPCB","15-04-2026 11:00:00",23.707909,86.414670,CO,38,40,39
India,Haryana,Panchgaon,"Amity University, Panchgaon - IITM","15-04-2026 11:00:00",28.3153,76.9143,OZONE,1,98,25
India,Haryana,Panchkula,"Sector-6, Panchkula - HSPCB ","15-04-2026 11:00:00",30.7057778,76.8531805555555,PM2.5,25,81,49
India,Haryana,Panipat,"Sector-18, Panipat - HSPCB","15-04-2026 11:00:00",29.432304,76.972765,NH3,2,3,3
India,Haryana,"Yamuna Nagar","Gobind Pura, Yamuna Nagar - HSPCB","15-04-2026 11:00:00",30.1480566,77.2893471,PM2.5,66,309,164
India,Haryana,"Yamuna Nagar","Gobind Pura, Yamuna Nagar - HSPCB","15-04-2026 11:00:00",30.1480566,77.2893471,CO,25,51,39
India,"Himachal Pradesh",Baddi,"HIMUDA Complex Phase-1, Baddi - HPPCB","15-04-2026 11:00:00",30.943887,76.801991,NO2,3,94,21
India,Haryana,Narnaul,"Shastri Nagar, Narnaul - HSPCB","15-04-2026 11:00:00",28.060249,76.113115,PM2.5,98,315,194
India,Haryana,Palwal,"Shyam Nagar, Palwal - HSPCB","15-04-2026 11:00:00",28.1485564,77.3320667,PM2.5,47,127,87
India,Haryana,Palwal,"Shyam Nagar, Palwal - HSPCB","15-04-2026 11:00:00",28.1485564,77.3320667,NH3,8,9,9
India,Haryana,Gurugram,"Sector-51, Gurugram - HSPCB","15-04-2026 11:00:00",28.4227,77.0667,CO,14,112,83
India,Haryana,Gurugram,"Teri Gram, Gurugram - HSPCB","15-04-2026 11:00:00",28.4275,77.1465,CO,32,57,51
India,Haryana,Gurugram,"Vikas Sadan, Gurugram - HSPCB","15-04-2026 11:00:00",28.4501238,77.0263051,PM10,NA,NA,NA
India,Haryana,Sirsa,"F-Block, Sirsa - HSPCB","15-04-2026 11:00:00",29.536400,75.015800,PM10,47,150,89
India,Haryana,Sonipat,"Murthal, Sonipat - HSPCB","15-04-2026 11:00:00",29.027200,77.062100,PM10,107,199,154
India,Haryana,Gurugram,"NISE Gwal Pahari, Gurugram - IMD","15-04-2026 11:00:00",28.422681,77.148944,PM2.5,15,398,170
India,Haryana,Jind,"Police Lines, Jind - HSPCB","15-04-2026 11:00:00",29.307814,76.337619,SO2,1,7,2
India,Karnataka,Bengaluru,"Sanegurava Halli, Bengaluru - KSPCB","15-04-2026 11:00:00",12.990328,77.5431385,PM10,NA,NA,NA
India,Karnataka,Bengaluru,"Sanegurava Halli, Bengaluru - KSPCB","15-04-2026 11:00:00",12.990328,77.5431385,SO2,NA,NA,NA
India,Karnataka,Bengaluru,"Silk Board, Bengaluru - KSPCB","15-04-2026 11:00:00",12.917348,77.622813,CO,12,40,19
India,Karnataka,Chamarajanagar,"Urban, Chamarajanagar - KSPCB","15-04-2026 11:00:00",11.55358,76.55521,PM10,33,74,54
India,Karnataka,Chamarajanagar,"Urban, Chamarajanagar - KSPCB","15-04-2026 11:00:00",11.55358,76.55521,SO2,3,5,4
India,Karnataka,Chikkaballapur,"Chikkaballapur Rural, Chikkaballapur - KSPCB","15-04-2026 11:00:00",13.428828,77.731418,PM2.5,50,84,64
India,Karnataka,Chikkaballapur,"Chikkaballapur Rural, Chikkaballapur - KSPCB","15-04-2026 11:00:00",13.428828,77.731418,SO2,12,20,17
India,Karnataka,Bengaluru,"Jigani, Bengaluru - KSPCB","15-04-2026 11:00:00",12.7816279,77.6299145,PM2.5,38,74,56
India,Karnataka,Bengaluru,"Jigani, Bengaluru - KSPCB","15-04-2026 11:00:00",12.7816279,77.6299145,PM10,48,127,93
India,Karnataka,Bengaluru,"Kasturi Nagar, Bengaluru - KSPCB","15-04-2026 11:00:00",13.003872,77.664217,NO2,NA,NA,NA
India,Karnataka,Bengaluru,"Kasturi Nagar, Bengaluru - KSPCB","15-04-2026 11:00:00",13.003872,77.664217,CO,NA,NA,NA
India,Karnataka,Bengaluru,"Kasturi Nagar, Bengaluru - KSPCB","15-04-2026 11:00:00",13.003872,77.664217,OZONE,NA,NA,NA
India,Karnataka,Bengaluru,"Peenya, Bengaluru - CPCB","15-04-2026 11:00:00",13.0270199,77.494094,NO2,20,39,26
India,Karnataka,Bengaluru,"Peenya, Bengaluru - CPCB","15-04-2026 11:00:00",13.0270199,77.494094,SO2,5,17,10
India,Karnataka,Bengaluru,"RVCE-Mailasandra, Bengaluru - KSPCB","15-04-2026 11:00:00",12.921418,77.502466,PM10,NA,NA,NA
India,Karnataka,Dharwad,"Kalabhavan, Dharwad - KSPCB","15-04-2026 11:00:00",15.459706,75.008381,SO2,6,8,7
India,Karnataka,Hubballi,"Lingaraj Nagar, Hubballi - KSPCB","15-04-2026 11:00:00",15.3714823,75.1160168,NO2,7,9,9
India,Karnataka,Hubballi,"Lingaraj Nagar, Hubballi - KSPCB","15-04-2026 11:00:00",15.3714823,75.1160168,OZONE,24,29,27
India,Karnataka,Kalaburagi,"Mahatma Basaveswar Colony, Kalaburgi - KSPCB","15-04-2026 11:00:00",17.336318,76.847397,NO2,13,17,15
India,Karnataka,Madikeri,"Stuart Hill, Madikeri - KSPCB","15-04-2026 11:00:00",12.415911,75.735050,PM2.5,28,63,44
India,Karnataka,Madikeri,"Stuart Hill, Madikeri - KSPCB","15-04-2026 11:00:00",12.415911,75.735050,CO,10,20,15
India,Karnataka,Madikeri,"Stuart Hill, Madikeri - KSPCB","15-04-2026 11:00:00",12.415911,75.735050,OZONE,2,6,4
India,Karnataka,Mysuru,"Hebbal 1st Stage, Mysuru - KSPCB","15-04-2026 11:00:00",12.21041,76.37376,SO2,2,4,3
India,Karnataka,Ramanagara,"Vijay Nagar, Ramanagara - KSPCB","15-04-2026 11:00:00",12.733409,77.298051,NH3,3,5,4
India,Karnataka,Ramanagara,"Vijay Nagar, Ramanagara - KSPCB","15-04-2026 11:00:00",12.733409,77.298051,SO2,20,38,26
India,Karnataka,Ramanagara,"Vijay Nagar, Ramanagara - KSPCB","15-04-2026 11:00:00",12.733409,77.298051,OZONE,16,65,22
India,Karnataka,Shivamogga,"Vinoba Nagara, Shivamogga - KSPCB","15-04-2026 11:00:00",13.940000,75.555917,CO,5,39,21
India,Karnataka,Vijayapura,"Ibrahimpur, Vijayapura - KSPCB","15-04-2026 11:00:00",16.802639,75.722694,NO2,11,12,11
India,Kerala,Kannur,"Thavakkara, Kannur - Kerala PCB","15-04-2026 11:00:00",11.875000,75.373200,NH3,2,2,2
India,Kerala,Kannur,"Thavakkara, Kannur - Kerala PCB","15-04-2026 11:00:00",11.875000,75.373200,OZONE,26,31,30
India,Kerala,Kollam,"Polayathode, Kollam - Kerala PCB","15-04-2026 11:00:00",8.8787,76.6073,PM2.5,42,52,47
India,Kerala,Kollam,"Polayathode, Kollam - Kerala PCB","15-04-2026 11:00:00",8.8787,76.6073,CO,14,18,15
India,Karnataka,Bagalkot,"Vidayagiri, Bagalkot - KSPCB","15-04-2026 11:00:00",16.172806,75.659694,NH3,1,1,1
India,Karnataka,Bengaluru,"BTM Layout, Bengaluru - CPCB","15-04-2026 11:00:00",12.9135218,77.5950804,PM2.5,34,51,41
India,Karnataka,Bengaluru,"BTM Layout, Bengaluru - CPCB","15-04-2026 11:00:00",12.9135218,77.5950804,SO2,18,18,18
India,Karnataka,Bengaluru,"BWSSB Kadabesanahalli, Bengaluru - CPCB","15-04-2026 11:00:00",12.9352049,77.6814488,PM10,31,112,70
India,Karnataka,Bengaluru,"City Railway Station, Bengaluru - KSPCB","15-04-2026 11:00:00",12.9756843,77.5660749,NO2,NA,NA,NA
India,Karnataka,Bengaluru,"City Railway Station, Bengaluru - KSPCB","15-04-2026 11:00:00",12.9756843,77.5660749,SO2,NA,NA,NA
India,Karnataka,Bengaluru,"Hebbal, Bengaluru - KSPCB","15-04-2026 11:00:00",13.029152,77.585901,PM2.5,37,88,66
India,Karnataka,Bengaluru,"Hebbal, Bengaluru - KSPCB","15-04-2026 11:00:00",13.029152,77.585901,PM10,62,118,96
India,Karnataka,Bengaluru,"Bapuji Nagar, Bengaluru - KSPCB","15-04-2026 11:00:00",12.951913,77.539784,PM10,79,150,112
India,Karnataka,Bengaluru,"Bapuji Nagar, Bengaluru - KSPCB","15-04-2026 11:00:00",12.951913,77.539784,SO2,18,33,24
India,"Madhya Pradesh",Bhopal,"T T Nagar, Bhopal - MPPCB","15-04-2026 11:00:00",23.233584,77.400574,PM10,93,158,123
India,"Madhya Pradesh",Bhopal,"T T Nagar, Bhopal - MPPCB","15-04-2026 11:00:00",23.233584,77.400574,CO,20,101,38
India,"Madhya Pradesh",Bhopal,"T T Nagar, Bhopal - MPPCB","15-04-2026 11:00:00",23.233584,77.400574,OZONE,46,198,86
India,"Madhya Pradesh",Dewas,"Bhopal Chauraha, Dewas - MPPCB","15-04-2026 11:00:00",22.9682591,76.064118,PM2.5,33,242,76
India,"Madhya Pradesh",Dewas,"Bhopal Chauraha, Dewas - MPPCB","15-04-2026 11:00:00",22.9682591,76.064118,CO,26,70,30
India,"Madhya Pradesh",Gwalior,"City Center, Gwalior - MPPCB","15-04-2026 11:00:00",26.203442,78.193251,PM2.5,12,93,46
India,"Madhya Pradesh",Gwalior,"City Center, Gwalior - MPPCB","15-04-2026 11:00:00",26.203442,78.193251,PM10,50,183,113
India,"Madhya Pradesh",Gwalior,"Deen Dayal Nagar, Gwalior - MPPCB","15-04-2026 11:00:00",26.259242,78.216432,NO2,27,92,55
India,"Madhya Pradesh",Gwalior,"Deen Dayal Nagar, Gwalior - MPPCB","15-04-2026 11:00:00",26.259242,78.216432,NH3,5,13,7
India,Kerala,Kollam,"Polayathode, Kollam - Kerala PCB","15-04-2026 11:00:00",8.8787,76.6073,OZONE,32,38,34
India,Kerala,Thiruvananthapuram,"Kariavattom, Thiruvananthapuram - Kerala PCB","15-04-2026 11:00:00",8.563700,76.886500,NO2,6,7,6
India,"Madhya Pradesh",Bhopal,"Idgah Hills, Bhopal - MPPCB","15-04-2026 11:00:00",23.264759,77.381568,SO2,12,21,15
India,"Madhya Pradesh",Bhopal,"Idgah Hills, Bhopal - MPPCB","15-04-2026 11:00:00",23.264759,77.381568,CO,16,68,39
India,"Madhya Pradesh",Bhopal,"Paryavaran Parisar, Bhopal - MPPCB","15-04-2026 11:00:00",23.210494,77.425409,PM2.5,33,200,88
India,"Madhya Pradesh",Bhopal,"Paryavaran Parisar, Bhopal - MPPCB","15-04-2026 11:00:00",23.210494,77.425409,CO,8,93,22
India,"Madhya Pradesh",Bhopal,"T T Nagar, Bhopal - MPPCB","15-04-2026 11:00:00",23.233584,77.400574,PM2.5,44,226,118
India,"Madhya Pradesh",Jabalpur,"Marhatal, Jabalpur - MPPCB","15-04-2026 11:00:00",23.168606,79.932247,PM10,88,236,137
India,"Madhya Pradesh",Jabalpur,"Suhagi, Jabalpur - JMC","15-04-2026 11:00:00",23.218135,79.957770,OZONE,2,85,23
India,"Madhya Pradesh",Katni,"Gole Bazar, Katni - MPPCB","15-04-2026 11:00:00",23.50016,80.23284,CO,16,94,40
India,"Madhya Pradesh",Mandideep,"Sector-D Industrial Area, Mandideep - MPPCB","15-04-2026 11:00:00",23.108440,77.511428,PM2.5,59,391,144
India,"Madhya Pradesh",Mandideep,"Sector-D Industrial Area, Mandideep - MPPCB","15-04-2026 11:00:00",23.108440,77.511428,OZONE,25,165,56
India,"Madhya Pradesh",Pithampur,"Sector-2 Industrial Area, Pithampur - MPPCB","15-04-2026 11:00:00",22.624758,75.675238,NH3,14,17,16
India,"Madhya Pradesh",Pithampur,"Sector-2 Industrial Area, Pithampur - MPPCB","15-04-2026 11:00:00",22.624758,75.675238,CO,12,34,17
India,Maharashtra,Ahmednagar,"Tarakpur, Ahmednagar - MPCB","15-04-2026 11:00:00",19.10122,74.73339,SO2,3,8,6
India,Maharashtra,Akola,"Ramdaspeth, Akola - MPCB","15-04-2026 11:00:00",20.719516,77.000253,PM10,57,145,93
India,Maharashtra,Ambernath,"Chinchpada, Ambernath - MPCB","15-04-2026 11:00:00",19.2157840,73.1997810,PM2.5,27,76,45
India,Maharashtra,Ambernath,"Chinchpada, Ambernath - MPCB","15-04-2026 11:00:00",19.2157840,73.1997810,CO,4,34,14
India,Maharashtra,Ambernath,"Chinchpada, Ambernath - MPCB","15-04-2026 11:00:00",19.2157840,73.1997810,OZONE,1,41,10
India,Maharashtra,Amravati,"Shivneri Colony, Amravati - MPCB","15-04-2026 11:00:00",20.9402359,77.7895248,PM10,64,113,92
India,Maharashtra,Amravati,"Shri Shivaji Science College, Amravati - MPCB","15-04-2026 11:00:00",20.939198,77.765701,NH3,2,13,4
India,Maharashtra,Bhiwandi,"Gokul Nagar, Bhiwandi - MPCB","15-04-2026 11:00:00",19.309073,73.057223,PM10,66,148,98
India,Maharashtra,Bhiwandi,"Gokul Nagar, Bhiwandi - MPCB","15-04-2026 11:00:00",19.309073,73.057223,NO2,15,35,25
India,Maharashtra,Bhiwandi,"Gokul Nagar, Bhiwandi - MPCB","15-04-2026 11:00:00",19.309073,73.057223,NH3,4,8,6
India,Maharashtra,Boisar,"Khaira, Boisar - MPCB","15-04-2026 11:00:00",19.786089,72.757971,NO2,20,25,24
India,Maharashtra,Chandrapur,"Chauhan Colony, Chandrapur - MPCB","15-04-2026 11:00:00",19.962900,79.298714,NO2,32,37,34
India,Maharashtra,Chandrapur,"Chauhan Colony, Chandrapur - MPCB","15-04-2026 11:00:00",19.962900,79.298714,CO,20,28,21
India,Maharashtra,Chandrapur,"Chauhan Colony, Chandrapur - MPCB","15-04-2026 11:00:00",19.962900,79.298714,OZONE,16,20,18
India,Maharashtra,Chandrapur,"MIDC Khutala, Chandrapur - MPCB","15-04-2026 11:00:00",19.9775302,79.2337086,PM10,103,176,123
India,"Madhya Pradesh",Indore,"Regional Park, Indore - IMC","15-04-2026 11:00:00",22.6780,75.8559,PM10,21,64,49
India,"Madhya Pradesh",Indore,"Regional Park, Indore - IMC","15-04-2026 11:00:00",22.6780,75.8559,NH3,1,4,2
India,"Madhya Pradesh",Indore,"Residency Area, Indore - IMC","15-04-2026 11:00:00",22.7084,75.8815,NO2,2,37,28
India,"Madhya Pradesh",Indore,"Residency Area, Indore - IMC","15-04-2026 11:00:00",22.7084,75.8815,SO2,13,25,16
India,"Madhya Pradesh",Indore,"Residency Area, Indore - IMC","15-04-2026 11:00:00",22.7084,75.8815,CO,34,58,45
India,"Madhya Pradesh",Jabalpur,"Govindh Bhavan Colony, Jabalpur - JMC","15-04-2026 11:00:00",23.163174,79.973061,NH3,2,2,2
India,"Madhya Pradesh",Jabalpur,"Govindh Bhavan Colony, Jabalpur - JMC","15-04-2026 11:00:00",23.163174,79.973061,CO,10,28,23
India,"Madhya Pradesh",Gwalior,"Deen Dayal Nagar, Gwalior - MPPCB","15-04-2026 11:00:00",26.259242,78.216432,OZONE,41,161,78
India,"Madhya Pradesh",Indore,"Airport Area, Indore - IMC","15-04-2026 11:00:00",22.7289,75.8076,PM2.5,70,305,131
India,"Madhya Pradesh",Indore,"Airport Area, Indore - IMC","15-04-2026 11:00:00",22.7289,75.8076,CO,47,60,56
India,"Madhya Pradesh",Indore,"Chhoti Gwaltoli, Indore - MPPCB","15-04-2026 11:00:00",22.4310,75.5213,SO2,4,25,12
India,"Madhya Pradesh",Indore,"Maguda Nagar, Indore - IMC","15-04-2026 11:00:00",22.7524,75.8872,NO2,5,12,10
India,"Madhya Pradesh",Indore,"Maguda Nagar, Indore - IMC","15-04-2026 11:00:00",22.7524,75.8872,CO,34,58,41
India,Maharashtra,Aurangabad,"More Chowk Waluj, Aurangabad - MPCB","15-04-2026 11:00:00",19.8389439,75.244448,NO2,15,22,19
India,Maharashtra,Aurangabad,"More Chowk Waluj, Aurangabad - MPCB","15-04-2026 11:00:00",19.8389439,75.244448,SO2,27,41,30
India,Maharashtra,Aurangabad,"More Chowk Waluj, Aurangabad - MPCB","15-04-2026 11:00:00",19.8389439,75.244448,CO,3,112,15
India,Maharashtra,Aurangabad,"More Chowk Waluj, Aurangabad - MPCB","15-04-2026 11:00:00",19.8389439,75.244448,OZONE,14,59,26
India,Maharashtra,Aurangabad,"Rachnakar Colony, Aurangabad - MPCB","15-04-2026 11:00:00",19.863756,75.321188,NO2,8,90,31
India,Maharashtra,Beed,"Bir, Beed - MPCB","15-04-2026 11:00:00",18.988474,75.753873,NO2,16,119,38
India,Maharashtra,Beed,"Bir, Beed - MPCB","15-04-2026 11:00:00",18.988474,75.753873,CO,13,115,28
India,"Madhya Pradesh",Sagar,"Civil Lines, Sagar - MPPCB","15-04-2026 11:00:00",23.838586,78.759431,NO2,8,57,21
India,"Madhya Pradesh",Sagar,"Civil Lines, Sagar - MPPCB","15-04-2026 11:00:00",23.838586,78.759431,SO2,2,26,10
India,"Madhya Pradesh",Sagar,"Civil Lines, Sagar - MPPCB","15-04-2026 11:00:00",23.838586,78.759431,OZONE,46,156,63
India,"Madhya Pradesh",Sagar,"Deen Dayal Nagar, Sagar - MPPCB","15-04-2026 11:00:00",23.8640158,78.80289321,PM2.5,12,95,54
India,Maharashtra,Chandrapur,"MIDC Khutala, Chandrapur - MPCB","15-04-2026 11:00:00",19.9775302,79.2337086,OZONE,9,217,57
India,Maharashtra,Dhule,"Deopur, Dhule - MPCB","15-04-2026 11:00:00",20.918946,74.776388,CO,10,31,18
India,Maharashtra,Dhule,"Deopur, Dhule - MPCB","15-04-2026 11:00:00",20.918946,74.776388,OZONE,21,66,24
India,Maharashtra,Dombivli,"Kalu Nagar, Dombivli - MPCB","15-04-2026 11:00:00","19.2268427 ","73.0788456 ",PM10,29,96,54
India,Maharashtra,Dombivli,"Kalu Nagar, Dombivli - MPCB","15-04-2026 11:00:00","19.2268427 ","73.0788456 ",NO2,13,36,21
India,Maharashtra,Dombivli,"Kalu Nagar, Dombivli - MPCB","15-04-2026 11:00:00","19.2268427 ","73.0788456 ",NH3,1,2,1
India,Maharashtra,Dombivli,"Kalu Nagar, Dombivli - MPCB","15-04-2026 11:00:00","19.2268427 ","73.0788456 ",CO,3,34,14
India,Maharashtra,Dombivli,"Kalu Nagar, Dombivli - MPCB","15-04-2026 11:00:00","19.2268427 ","73.0788456 ",OZONE,2,35,8
India,Maharashtra,Hingoli,"Ashta Vinayak Nagar, Hingoli - MPCB","15-04-2026 11:00:00",19.710842,77.151824,PM2.5,25,62,40
India,Maharashtra,Jalgaon,"Prabhat Colony, Jalgaon - MPCB","15-04-2026 11:00:00",21.001264,75.565602,NO2,6,30,13
India,Maharashtra,Jalgaon,"Prabhat Colony, Jalgaon - MPCB","15-04-2026 11:00:00",21.001264,75.565602,CO,18,28,20
India,Maharashtra,Latur,"Sawe Wadi, Latur - MPCB","15-04-2026 11:00:00",18.39963,76.57452,SO2,1,22,9
India,Maharashtra,Mahad,"Kamble Tarf Birwadi, Mahad - MPCB","15-04-2026 11:00:00",18.1023399,73.4783687,CO,28,73,47
India,Maharashtra,Malegaon,"Mahesh Nagar, Malegaon - MPCB","15-04-2026 11:00:00",20.555712,74.529236,PM2.5,4,320,78
India,Maharashtra,Malegaon,"Mahesh Nagar, Malegaon - MPCB","15-04-2026 11:00:00",20.555712,74.529236,OZONE,3,75,17
India,Maharashtra,Mira-Bhayandar,"Bhayandar West, Mira-Bhayandar - MPCB","15-04-2026 11:00:00",19.296481,72.840923,PM10,40,160,84
India,Maharashtra,Mumbai,"Bandra Kurla Complex, Mumbai - IITM","15-04-2026 11:00:00",19.053536,72.84643,PM10,84,198,127
India,Maharashtra,Mumbai,"Bandra Kurla Complex, Mumbai - IITM","15-04-2026 11:00:00",19.053536,72.84643,NH3,18,55,28
India,Maharashtra,Mumbai,"Bandra Kurla Complex, Mumbai - MPCB","15-04-2026 11:00:00",19.065931,72.862131,PM2.5,28,132,65
India,Maharashtra,Mumbai,"Bandra Kurla Complex, Mumbai - MPCB","15-04-2026 11:00:00",19.065931,72.862131,PM10,50,132,89
India,Maharashtra,Mumbai,"Chembur, Mumbai - MPCB","15-04-2026 11:00:00",19.0364585,72.8954371,NO2,12,48,25
India,Maharashtra,Mumbai,"Chembur, Mumbai - MPCB","15-04-2026 11:00:00",19.0364585,72.8954371,NH3,7,12,8
India,Maharashtra,Mumbai,"Chhatrapati Shivaji Intl. Airport (T2), Mumbai - MPCB","15-04-2026 11:00:00",19.10078,72.87462,PM2.5,35,112,64
India,Maharashtra,Mumbai,"Colaba, Mumbai - MPCB","15-04-2026 11:00:00",18.910000,72.820000,NO2,28,28,28
India,Maharashtra,Mumbai,"Colaba, Mumbai - MPCB","15-04-2026 11:00:00",18.910000,72.820000,SO2,NA,NA,NA
India,Maharashtra,Mumbai,"Deonar, Mumbai - IITM","15-04-2026 11:00:00",19.04946,72.9230,NH3,NA,NA,NA
India,Maharashtra,Mumbai,"Deonar, Mumbai - IITM","15-04-2026 11:00:00",19.04946,72.9230,SO2,NA,NA,NA
India,Maharashtra,Mumbai,"Ghatkopar, Mumbai - BMC","15-04-2026 11:00:00",19.083694,72.920967,PM2.5,61,149,89
India,Maharashtra,Mumbai,"Ghatkopar, Mumbai - BMC","15-04-2026 11:00:00",19.083694,72.920967,NH3,6,26,10
India,Maharashtra,Jalna,"Old MIDC, Jalna - MPCB","15-04-2026 11:00:00",19.854616,75.905894,PM2.5,NA,NA,NA
India,Maharashtra,Jalna,"Old MIDC, Jalna - MPCB","15-04-2026 11:00:00",19.854616,75.905894,PM10,NA,NA,NA
India,Maharashtra,Jalna,"Old MIDC, Jalna - MPCB","15-04-2026 11:00:00",19.854616,75.905894,CO,4,26,16
India,Maharashtra,Jalna,"Old MIDC, Jalna - MPCB","15-04-2026 11:00:00",19.854616,75.905894,OZONE,28,77,44
India,Maharashtra,Kalyan,"Khadakpada, Kalyan - MPCB","15-04-2026 11:00:00",19.25292,73.142019,PM10,NA,NA,NA
India,Maharashtra,Kolhapur,"Shivaji University, Kolhapur - MPCB","15-04-2026 11:00:00",16.6870449,74.2505872,PM2.5,46,79,63
India,Maharashtra,Kolhapur,"Shivaji University, Kolhapur - MPCB","15-04-2026 11:00:00",16.6870449,74.2505872,NH3,3,4,3
India,Maharashtra,Mumbai,"Mindspace-Malad West, Mumbai - MPCB","15-04-2026 11:00:00",19.1878657,72.8304069,PM2.5,8,49,23
India,Maharashtra,Mumbai,"Mindspace-Malad West, Mumbai - MPCB","15-04-2026 11:00:00",19.1878657,72.8304069,PM10,37,85,58
India,Maharashtra,Mumbai,"Mindspace-Malad West, Mumbai - MPCB","15-04-2026 11:00:00",19.1878657,72.8304069,CO,9,24,12
India,Maharashtra,Mumbai,"Mindspace-Malad West, Mumbai - MPCB","15-04-2026 11:00:00",19.1878657,72.8304069,OZONE,10,52,10
India,Maharashtra,Mumbai,"Navy Nagar-Colaba, Mumbai - IITM","15-04-2026 11:00:00",18.897756,72.813320,NH3,13,21,18
India,Maharashtra,Mumbai,"Powai, Mumbai - MPCB","15-04-2026 11:00:00",19.137500,72.915056,NH3,2,2,2
India,Maharashtra,Mumbai,"Kandivali East, Mumbai - MPCB","15-04-2026 11:00:00",19.205800,72.868200,CO,31,32,32
India,Maharashtra,Mumbai,"Kandivali West, Mumbai - BMC","15-04-2026 11:00:00",19.215859,72.831718,NH3,3,4,4
India,Maharashtra,Mumbai,"Kherwadi_Bandra East, Mumbai - MPCB","15-04-2026 11:00:00",19.0632143,72.8456324,NH3,7,27,14
India,Maharashtra,Mumbai,"Kurla, Mumbai - MPCB","15-04-2026 11:00:00",19.0863,72.8888,OZONE,NA,NA,NA
India,Maharashtra,Mumbai,"Bandra Kurla Complex, Mumbai - MPCB","15-04-2026 11:00:00",19.065931,72.862131,CO,8,14,11
India,Maharashtra,Mumbai,"Borivali East, Mumbai - IITM","15-04-2026 11:00:00",19.23241,72.86895,NO2,19,81,37
India,Maharashtra,Mumbai,"Byculla, Mumbai - BMC","15-04-2026 11:00:00",18.9767,72.8380,CO,40,69,50
India,Maharashtra,Mumbai,"Byculla, Mumbai - BMC","15-04-2026 11:00:00",18.9767,72.8380,OZONE,1,62,16
India,Maharashtra,Mumbai,"Sewri, Mumbai - BMC","15-04-2026 11:00:00",19.000084,72.856730,SO2,2,10,5
India,Maharashtra,Mumbai,"Shivaji Nagar, Mumbai - BMC","15-04-2026 11:00:00",19.060498,72.923356,OZONE,3,58,16
India,Maharashtra,Mumbai,"Sewri, Mumbai - BMC","15-04-2026 11:00:00",19.000084,72.856730,PM10,31,108,61
India,Maharashtra,Nagpur,"Mahal, Nagpur - MPCB","15-04-2026 11:00:00",21.14472,79.107595,PM10,84,142,110
India,Maharashtra,Nagpur,"Opp GPO Civil Lines, Nagpur - MPCB","15-04-2026 11:00:00",21.152875,79.0517531,PM2.5,71,167,99
India,Maharashtra,Nagpur,"Opp GPO Civil Lines, Nagpur - MPCB","15-04-2026 11:00:00",21.152875,79.0517531,CO,11,117,22
India,Maharashtra,Nagpur,"Ram Nagar, Nagpur - MPCB","15-04-2026 11:00:00",21.143383,79.048912,PM10,77,139,112
India,Maharashtra,Nanded,"Sneh Nagar, Nanded - MPCB","15-04-2026 11:00:00",19.173852,77.296291,PM2.5,NA,NA,NA
India,Maharashtra,Nanded,"Sneh Nagar, Nanded - MPCB","15-04-2026 11:00:00",19.173852,77.296291,NO2,NA,NA,NA
India,Maharashtra,Nanded,"Sneh Nagar, Nanded - MPCB","15-04-2026 11:00:00",19.173852,77.296291,SO2,NA,NA,NA
India,Maharashtra,Nashik,"Gangapur Road, Nashik - MPCB","15-04-2026 11:00:00",20.0073285,73.7762427,PM2.5,23,94,56
India,Maharashtra,Nashik,"Gangapur Road, Nashik - MPCB","15-04-2026 11:00:00",20.0073285,73.7762427,NH3,3,3,3
India,Maharashtra,Nashik,"Pandav Nagari, Nashik - MPCB","15-04-2026 11:00:00",19.9591346,73.7788008,SO2,5,10,7
India,Maharashtra,Nashik,"Pandav Nagari, Nashik - MPCB","15-04-2026 11:00:00",19.9591346,73.7788008,CO,10,34,16
India,Maharashtra,"Navi Mumbai","Kopripada-Vashi, Navi Mumbai - MPCB","15-04-2026 11:00:00",19.090337,73.014232,NO2,9,38,21
India,Maharashtra,"Navi Mumbai","Kopripada-Vashi, Navi Mumbai - MPCB","15-04-2026 11:00:00",19.090337,73.014232,OZONE,1,56,7
India,Maharashtra,"Navi Mumbai","Mahape, Navi Mumbai - MPCB","15-04-2026 11:00:00",19.1135051,73.008978,PM2.5,56,136,90
India,Maharashtra,"Navi Mumbai","Mahape, Navi Mumbai - MPCB","15-04-2026 11:00:00",19.1135051,73.008978,NO2,58,66,60
India,Maharashtra,"Navi Mumbai","Mahape, Navi Mumbai - MPCB","15-04-2026 11:00:00",19.1135051,73.008978,SO2,17,32,21
India,Maharashtra,"Navi Mumbai","Sanpada, Navi Mumbai - MPCB","15-04-2026 11:00:00",19.0575752,73.0151367,PM2.5,27,94,56
India,Maharashtra,"Navi Mumbai","Sanpada, Navi Mumbai - MPCB","15-04-2026 11:00:00",19.0575752,73.0151367,NO2,7,33,17
India,Maharashtra,"Navi Mumbai","Sector-2E Kalamboli, Navi Mumbai - MPCB","15-04-2026 11:00:00",19.02579,73.10297,OZONE,1,185,14
India,Maharashtra,"Navi Mumbai","Tondare-Taloja, Navi Mumbai - MPCB","15-04-2026 11:00:00",19.0630,73.1209,PM2.5,77,191,124
India,Maharashtra,"Navi Mumbai","Tondare-Taloja, Navi Mumbai - MPCB","15-04-2026 11:00:00",19.0630,73.1209,SO2,1,4,3
India,Maharashtra,Parbhani,"Masoom Colony, Parbhani - MPCB","15-04-2026 11:00:00",19.265594,76.761463,PM10,73,106,92
India,Maharashtra,Parbhani,"Masoom Colony, Parbhani - MPCB","15-04-2026 11:00:00",19.265594,76.761463,NH3,3,5,4
India,Maharashtra,Pimpri-Chinchwad,"Bhosari, Pune - IITM","15-04-2026 11:00:00",18.640051,73.848956,CO,28,84,50
India,Maharashtra,Pimpri-Chinchwad,"Bhosari, Pune - IITM","15-04-2026 11:00:00",18.640051,73.848956,OZONE,2,46,8
India,Maharashtra,Pimpri-Chinchwad,"Gavalinagar, Pimpri Chinchwad - MPCB","15-04-2026 11:00:00",18.63673,73.82487,NO2,NA,NA,NA
India,Maharashtra,Pimpri-Chinchwad,"Gavalinagar, Pimpri Chinchwad - MPCB","15-04-2026 11:00:00",18.63673,73.82487,NH3,3,8,6
India,Maharashtra,Pimpri-Chinchwad,"Gavalinagar, Pimpri Chinchwad - MPCB","15-04-2026 11:00:00",18.63673,73.82487,OZONE,1,66,14
India,Maharashtra,Pimpri-Chinchwad,"Park Street Wakad, Pimpri Chinchwad - MPCB","15-04-2026 11:00:00",18.59051,73.77946,OZONE,29,72,35
India,Maharashtra,Pimpri-Chinchwad,"Savta Mali Nagar, Pimpri-Chinchwad - IITM","15-04-2026 11:00:00",18.614767,73.799516,PM2.5,NA,NA,NA
India,Maharashtra,Nashik,"MIDC Ambad, Nashik - MPCB","15-04-2026 11:00:00",19.950220,73.731480,PM2.5,33,62,47
India,Maharashtra,Nashik,"MIDC Ambad, Nashik - MPCB","15-04-2026 11:00:00",19.950220,73.731480,PM10,52,95,77
India,Maharashtra,Nashik,"MIDC Ambad, Nashik - MPCB","15-04-2026 11:00:00",19.950220,73.731480,CO,35,40,39
India,Maharashtra,Nashik,"Pandav Nagari, Nashik - MPCB","15-04-2026 11:00:00",19.9591346,73.7788008,PM10,57,92,74
India,Maharashtra,Mumbai,"Vile Parle West, Mumbai - MPCB","15-04-2026 11:00:00",19.10861,72.83622,NH3,6,6,6
India,Maharashtra,Nagpur,"Ambazari, Nagpur - MPCB","15-04-2026 11:00:00",21.121801,79.04952,PM10,91,129,107
India,Maharashtra,Nagpur,"Ambazari, Nagpur - MPCB","15-04-2026 11:00:00",21.121801,79.04952,SO2,12,49,27
India,Maharashtra,"Navi Mumbai","Sanpada, Navi Mumbai - MPCB","15-04-2026 11:00:00",19.0575752,73.0151367,OZONE,1,71,7
India,Maharashtra,"Navi Mumbai","Sector-2E Kalamboli, Navi Mumbai - MPCB","15-04-2026 11:00:00",19.02579,73.10297,CO,12,36,23
India,Maharashtra,Mumbai,"Siddharth Nagar-Worli, Mumbai - IITM","15-04-2026 11:00:00",19.000083,72.813993,NH3,NA,NA,NA
India,Maharashtra,Mumbai,"Sion, Mumbai - MPCB","15-04-2026 11:00:00",19.047000,72.874600,PM10,NA,NA,NA
India,Maharashtra,Nashik,"Hirawadi, Nashik - MPCB","15-04-2026 11:00:00",20.021503,73.813844,PM10,39,73,55
India,Maharashtra,Thane,"Kasarvadavali, Thane - MPCB","15-04-2026 11:00:00",19.26777,72.97182,NO2,9,35,16
India,Maharashtra,Thane,"Kasarvadavali, Thane - MPCB","15-04-2026 11:00:00",19.26777,72.97182,NH3,3,6,4
India,Maharashtra,Thane,"Kasarvadavali, Thane - MPCB","15-04-2026 11:00:00",19.26777,72.97182,OZONE,6,48,14
India,Maharashtra,Thane,"Upvan Fort, Thane - MPCB","15-04-2026 11:00:00",19.222279,72.957979,PM10,35,260,88
India,Maharashtra,Thane,"Upvan Fort, Thane - MPCB","15-04-2026 11:00:00",19.222279,72.957979,CO,6,42,24
India,Maharashtra,Ulhasnagar,"Sidhi Vinayak Nagar, Ulhasnagar - MPCB","15-04-2026 11:00:00",19.235581,73.159121,NH3,4,7,6
India,Maharashtra,Ulhasnagar,"Vithalwadi, Ulhasnagar - MPCB","15-04-2026 11:00:00","19.2307571 ",73.1551920,NO2,14,51,26
India,Maharashtra,Ulhasnagar,"Vithalwadi, Ulhasnagar - MPCB","15-04-2026 11:00:00","19.2307571 ",73.1551920,NH3,2,4,3
India,Maharashtra,Pune,"Savitribai Phule Pune University, Pune - MPCB","15-04-2026 11:00:00",18.547056,73.826908,CO,16,60,32
India,Maharashtra,Pune,"Savitribai Phule Pune University, Pune - MPCB","15-04-2026 11:00:00",18.547056,73.826908,OZONE,7,40,23
India,Maharashtra,Sangli,"Vijay Nagar, Sangli - MPCB","15-04-2026 11:00:00"," 16.5038",74.3623,PM2.5,35,76,58
India,Maharashtra,Sangli,"Vijay Nagar, Sangli - MPCB","15-04-2026 11:00:00"," 16.5038",74.3623,NO2,5,55,24
India,Maharashtra,Solapur,"Ratandeep Housing Society, Solapur - MPCB","15-04-2026 11:00:00",17.65439,75.90649,PM2.5,76,173,113
India,Maharashtra,Solapur,"Ratandeep Housing Society, Solapur - MPCB","15-04-2026 11:00:00",17.65439,75.90649,NO2,25,127,64
India,Maharashtra,Solapur,"Ratandeep Housing Society, Solapur - MPCB","15-04-2026 11:00:00",17.65439,75.90649,CO,15,115,26
India,Maharashtra,Pune,"Hadapsar, Pune - IITM","15-04-2026 11:00:00",18.501793,73.927532,CO,41,109,46
India,Maharashtra,Pune,"Katraj Dairy, Pune - MPCB","15-04-2026 11:00:00",18.454450,73.854155,CO,13,63,26
India,Maharashtra,Pune,"Mhada Colony, Pune - IITM","15-04-2026 11:00:00",18.573040,73.927715,PM10,86,120,105
India,Maharashtra,Pune,"Mhada Colony, Pune - IITM","15-04-2026 11:00:00",18.573040,73.927715,NO2,15,53,36
India,Maharashtra,Pune,"Panchawati_Pashan, Pune - IITM","15-04-2026 11:00:00",18.536457,73.805454,NO2,9,48,20
India,Meghalaya,Byrnihat,"15th Mile-Nongthymmai, Byrnihat - Meghalaya PCB","15-04-2026 11:00:00",26.05374,91.86796,PM10,86,211,137
India,Meghalaya,Byrnihat,"15th Mile-Nongthymmai, Byrnihat - Meghalaya PCB","15-04-2026 11:00:00",26.05374,91.86796,SO2,NA,NA,NA
India,Meghalaya,Shillong,"Lumpyngngad, Shillong - Meghalaya PCB","15-04-2026 11:00:00",25.5586,91.8985,NO2,NA,NA,NA
India,Mizoram,Aizawl,"Sikulpuikawn, Aizawl - Mizoram PCB","15-04-2026 11:00:00",23.7176342,92.7192841,NO2,1,1,1
India,Mizoram,Aizawl,"Sikulpuikawn, Aizawl - Mizoram PCB","15-04-2026 11:00:00",23.7176342,92.7192841,CO,3,4,3
India,Nagaland,Kohima,"PWD Junction, Kohima - NPCB","15-04-2026 11:00:00",25.6635413,94.0989878,PM10,26,98,53
India,Odisha,Angul,"Hakimapada, Angul - OSPCB","15-04-2026 11:00:00",20.832874,85.104082,PM10,15,134,58
India,Maharashtra,Pimpri-Chinchwad,"Thergaon, Pimpri Chinchwad - MPCB","15-04-2026 11:00:00",18.616318,73.765797,PM10,25,241,107
India,Maharashtra,Pune,"Dhankawadi, Pune - IITM","15-04-2026 11:00:00",18.459883,73.852193,PM2.5,46,140,73
India,Maharashtra,Pune,"Dhankawadi, Pune - IITM","15-04-2026 11:00:00",18.459883,73.852193,NO2,24,31,28
India,Maharashtra,Pune,"Dhankawadi, Pune - IITM","15-04-2026 11:00:00",18.459883,73.852193,CO,101,125,115
India,Odisha,Barbil,"Forest Office, Barbil - OSPCB","15-04-2026 11:00:00",22.1166054,85.3945546,CO,43,82,60
India,Odisha,Barbil,"Forest Office, Barbil - OSPCB","15-04-2026 11:00:00",22.1166054,85.3945546,NH3,1,8,2
India,Odisha,Bhubaneswar,"Patia, Bhubaneswar - OSPCB","15-04-2026 11:00:00",20.34652,85.81630,CO,70,97,74
India,Odisha,Bileipada,"Tata Township, Bileipada - OSPCB","15-04-2026 11:00:00",22.06156703,85.47409613,NH3,5,5,5
India,Odisha,Brajrajnagar,"GM Office, Brajrajnagar - OSPCB","15-04-2026 11:00:00",21.8004996,83.8396977,PM10,58,176,100
India,Odisha,Brajrajnagar,"GM Office, Brajrajnagar - OSPCB","15-04-2026 11:00:00",21.8004996,83.8396977,NO2,12,14,13
India,Odisha,Cuttack,"CDA Area, Cuttack - OSPCB","15-04-2026 11:00:00","20.48891     ","85.84768     ",PM10,67,138,94
India,Odisha,Cuttack,"CDA Area, Cuttack - OSPCB","15-04-2026 11:00:00","20.48891     ","85.84768     ",NO2,6,22,8
India,Odisha,Byasanagar,"Ferro Chrome Colony, Byasanagar - OSPCB","15-04-2026 11:00:00",20.94185,86.11510,NO2,4,392,48
India,Odisha,Byasanagar,"Ferro Chrome Colony, Byasanagar - OSPCB","15-04-2026 11:00:00",20.94185,86.11510,NH3,1,31,4
India,Odisha,Rairangpur,"Divisional Forest Office, Rairangpur - OSPCB","15-04-2026 11:00:00",22.265816,86.174829,OZONE,2,63,16
India,Odisha,Byasanagar,"Ferro Chrome Colony, Byasanagar - OSPCB","15-04-2026 11:00:00",20.94185,86.11510,PM2.5,30,90,53
India,Odisha,Cuttack,"CDA Area, Cuttack - OSPCB","15-04-2026 11:00:00","20.48891     ","85.84768     ",OZONE,4,40,9
India,Odisha,Keonjhar,"Jagamohanpur, Keonjhar - OSPCB","15-04-2026 11:00:00",21.643900,85.599355,NO2,13,16,14
India,Odisha,Nayagarh,"Dabuna, Nayagarh - OSPCB","15-04-2026 11:00:00",21.847279,85.416905,OZONE,12,21,14
India,Odisha,Nayagarh,"Dabuna, Nayagarh - OSPCB","15-04-2026 11:00:00",21.847279,85.416905,SO2,11,13,12
India,Odisha,Tensa,"Barsua Iron Ore Mines, Tensa - OSPCB","15-04-2026 11:00:00",21.869985,85.167016,SO2,NA,NA,NA
India,Puducherry,Puducherry,"Jawahar Nagar, Puducherry - PPCC","15-04-2026 11:00:00",11.9309,79.8027,PM10,1,40,15
India,Odisha,Rourkela,"Sector-2, Rourkela - OSPCB","15-04-2026 11:00:00",22.24500000,84.88111111,CO,29,50,45
India,Odisha,Suakati,"OMC Colony, Suakati - OSPCB","15-04-2026 11:00:00",21.606865,85.510538,PM2.5,NA,NA,NA
India,Punjab,Amritsar,"Golden Temple, Amritsar - PPCB","15-04-2026 11:00:00",31.620000,74.876512,NH3,5,7,6
India,Punjab,Amritsar,"Golden Temple, Amritsar - PPCB","15-04-2026 11:00:00",31.620000,74.876512,OZONE,41,57,48
India,Odisha,Rourkela,"Fertilizer Township, Rourkela - OSPCB","15-04-2026 11:00:00",22.18972222,84.86277778,SO2,10,14,11
India,Odisha,Talcher,"Talcher Coalfields,Talcher - OSPCB","15-04-2026 11:00:00",20.9360711,85.1707021,SO2,8,59,24
India,Odisha,Talcher,"Talcher Coalfields,Talcher - OSPCB","15-04-2026 11:00:00",20.9360711,85.1707021,CO,63,94,88
India,Puducherry,Puducherry,"Jawahar Nagar, Puducherry - PPCC","15-04-2026 11:00:00",11.9309,79.8027,OZONE,1,29,12
India,Odisha,Suakati,"OMC Colony, Suakati - OSPCB","15-04-2026 11:00:00",21.606865,85.510538,SO2,9,29,18
India,Odisha,Suakati,"OMC Colony, Suakati - OSPCB","15-04-2026 11:00:00",21.606865,85.510538,CO,8,30,14
India,Rajasthan,Dausa,"Khatikan Mohalla, Dausa - RSPCB","15-04-2026 11:00:00",26.895552,76.334753,PM2.5,25,253,93
India,Rajasthan,Dausa,"Khatikan Mohalla, Dausa - RSPCB","15-04-2026 11:00:00",26.895552,76.334753,NH3,8,59,20
India,Rajasthan,Dausa,"Khatikan Mohalla, Dausa - RSPCB","15-04-2026 11:00:00",26.895552,76.334753,SO2,7,18,11
India,Rajasthan,Dausa,"Khatikan Mohalla, Dausa - RSPCB","15-04-2026 11:00:00",26.895552,76.334753,CO,4,136,12
India,Rajasthan,Dausa,"Khatikan Mohalla, Dausa - RSPCB","15-04-2026 11:00:00",26.895552,76.334753,OZONE,3,188,188
India,Rajasthan,Dungarpur,"Bhoiwada, Dungarpur - RSPCB","15-04-2026 11:00:00",23.837789,73.714926,SO2,1,8,5
India,Rajasthan,Dungarpur,"Bhoiwada, Dungarpur - RSPCB","15-04-2026 11:00:00",23.837789,73.714926,CO,26,34,30
India,Rajasthan,Hanumangarh,"Housing Board, Hanumangarh - RSPCB","15-04-2026 11:00:00",29.610750,74.283608,PM10,59,191,111
India,Rajasthan,Hanumangarh,"Housing Board, Hanumangarh - RSPCB","15-04-2026 11:00:00",29.610750,74.283608,NH3,4,7,6
India,Rajasthan,Jaipur,"Adarsh Nagar, Jaipur - RSPCB","15-04-2026 11:00:00",26.902909,75.836858,PM10,60,114,83
India,Rajasthan,Jaipur,"Adarsh Nagar, Jaipur - RSPCB","15-04-2026 11:00:00",26.902909,75.836858,NH3,5,23,9
India,Rajasthan,Jaipur,"Adarsh Nagar, Jaipur - RSPCB","15-04-2026 11:00:00",26.902909,75.836858,OZONE,4,59,23
India,Rajasthan,Jaisalmer,"Sadar Bazar, Jaisalmer - RSPCB","15-04-2026 11:00:00",26.912329,70.909168,NO2,12,96,31
India,Rajasthan,Jaisalmer,"Sadar Bazar, Jaisalmer - RSPCB","15-04-2026 11:00:00",26.912329,70.909168,NH3,12,20,13
India,Rajasthan,Jaisalmer,"Sadar Bazar, Jaisalmer - RSPCB","15-04-2026 11:00:00",26.912329,70.909168,SO2,4,9,6
India,Rajasthan,Jaisalmer,"Sadar Bazar, Jaisalmer - RSPCB","15-04-2026 11:00:00",26.912329,70.909168,OZONE,3,89,54
India,Rajasthan,Jalore,"Mudtra Sili, Jalore - RSPCB","15-04-2026 11:00:00",25.344694,72.626208,PM2.5,27,70,43
India,Rajasthan,Jhalawar,"Rajlaxmi Nagar, Jhalawar - RSPCB","15-04-2026 11:00:00",24.588397,76.172782,NH3,6,11,7
India,Rajasthan,Jhunjhunu,"Indra Nagar, Jhunjhunu - RSPCB","15-04-2026 11:00:00",28.108988,75.386577,PM2.5,27,137,60
India,Rajasthan,Jhunjhunu,"Indra Nagar, Jhunjhunu - RSPCB","15-04-2026 11:00:00",28.108988,75.386577,NH3,5,14,10
India,Rajasthan,Jhunjhunu,"Indra Nagar, Jhunjhunu - RSPCB","15-04-2026 11:00:00",28.108988,75.386577,OZONE,4,94,40
India,Rajasthan,Jodhpur,"Collectorate, Jodhpur - RSPCB","15-04-2026 11:00:00",26.268249,73.0193853,NO2,17,61,30
India,Punjab,Patiala,"Model Town, Patiala - PPCB","15-04-2026 11:00:00",30.349388,76.366642,PM10,40,158,95
India,Punjab,Patiala,"Model Town, Patiala - PPCB","15-04-2026 11:00:00",30.349388,76.366642,NH3,6,7,6
India,Punjab,Patiala,"Model Town, Patiala - PPCB","15-04-2026 11:00:00",30.349388,76.366642,OZONE,16,52,17
India,Punjab,Rupnagar,"Ratanpura, Rupnagar - Ambuja Cements","15-04-2026 11:00:00",31.0325454,76.5623046,PM2.5,12,27,18
India,Punjab,Rupnagar,"Ratanpura, Rupnagar - Ambuja Cements","15-04-2026 11:00:00",31.0325454,76.5623046,PM10,15,34,22
India,Rajasthan,Ajmer,"Civil Lines,  Ajmer - RSPCB","15-04-2026 11:00:00",26.470859,74.646594,PM2.5,49,94,64
India,Rajasthan,Ajmer,"Civil Lines,  Ajmer - RSPCB","15-04-2026 11:00:00",26.470859,74.646594,NO2,19,37,28
India,Rajasthan,Banswara,"Rati Talai, Banswara - RSPCB","15-04-2026 11:00:00",23.555190,74.440010,SO2,3,25,12
India,Rajasthan,Banswara,"Rati Talai, Banswara - RSPCB","15-04-2026 11:00:00",23.555190,74.440010,CO,18,32,26
India,Rajasthan,Bhiwadi,"Vasundhara Nagar_UIT, Bhiwadi - RSPCB","15-04-2026 11:00:00",28.207266,76.829265,NO2,15,115,64
India,Rajasthan,Bikaner,"MM Ground, Bikaner - RSPCB","15-04-2026 11:00:00",28.018792,73.292658,SO2,8,20,13
India,Rajasthan,Bundi,"New Colony, Bundi - RSPCB","15-04-2026 11:00:00",25.435774,75.644272,PM10,53,183,101
India,Rajasthan,Bundi,"New Colony, Bundi - RSPCB","15-04-2026 11:00:00",25.435774,75.644272,NO2,5,58,34
India,Rajasthan,Bundi,"New Colony, Bundi - RSPCB","15-04-2026 11:00:00",25.435774,75.644272,OZONE,3,133,73
India,Rajasthan,Chittorgarh,"Shastri Nagar, Chittorgarh - RSPCB","15-04-2026 11:00:00",24.892047,74.623527,NH3,18,26,22
India,Rajasthan,Chittorgarh,"Shastri Nagar, Chittorgarh - RSPCB","15-04-2026 11:00:00",24.892047,74.623527,CO,2,42,24
India,Rajasthan,Churu,"Subash Chowk, Churu - RSPCB","15-04-2026 11:00:00",28.296139,74.961696,NO2,7,35,20
India,Rajasthan,Jaipur,"Mansarovar Sector-12, Jaipur - RSPCB","15-04-2026 11:00:00",26.843698,75.766894,NH3,11,22,16
India,Rajasthan,Jaipur,"Police Commissionerate, Jaipur - RSPCB","15-04-2026 11:00:00",26.9164092,75.7994901,PM2.5,63,136,86
India,Rajasthan,Jaipur,"Police Commissionerate, Jaipur - RSPCB","15-04-2026 11:00:00",26.9164092,75.7994901,NH3,29,84,44
India,Rajasthan,Jaipur,"Police Commissionerate, Jaipur - RSPCB","15-04-2026 11:00:00",26.9164092,75.7994901,OZONE,15,102,57
India,Rajasthan,Jaipur,"RIICO Sitapura, Jaipur - RSPCB","15-04-2026 11:00:00",26.786682,75.827928,PM2.5,33,322,116
India,Rajasthan,Jaipur,"RIICO Sitapura, Jaipur - RSPCB","15-04-2026 11:00:00",26.786682,75.827928,PM10,55,351,142
India,Rajasthan,Jaipur,"RIICO Sitapura, Jaipur - RSPCB","15-04-2026 11:00:00",26.786682,75.827928,SO2,10,21,15
India,Rajasthan,Jaipur,"Shastri Nagar, Jaipur - RSPCB","15-04-2026 11:00:00",26.9502929,75.730943,PM2.5,57,297,119
India,Rajasthan,Jaipur,"Shastri Nagar, Jaipur - RSPCB","15-04-2026 11:00:00",26.9502929,75.730943,SO2,1,50,27
India,Rajasthan,Baran,"Bamboliya, Baran - RSPCB","15-04-2026 11:00:00",25.106006,76.469948,PM2.5,28,113,47
India,Rajasthan,Baran,"Bamboliya, Baran - RSPCB","15-04-2026 11:00:00",25.106006,76.469948,NH3,3,5,4
India,Rajasthan,Barmer,"Railway Colony, Barmer - RSPCB","15-04-2026 11:00:00",25.747299,71.393989,SO2,2,28,6
India,Rajasthan,Barmer,"Railway Colony, Barmer - RSPCB","15-04-2026 11:00:00",25.747299,71.393989,CO,10,60,18
India,Rajasthan,Bharatpur,"Krishna Nagar, Bharatpur - RSPCB","15-04-2026 11:00:00",27.215415,77.50873,PM10,47,212,110
India,Rajasthan,Bharatpur,"Krishna Nagar, Bharatpur - RSPCB","15-04-2026 11:00:00",27.215415,77.50873,NO2,9,67,34
India,Rajasthan,Bharatpur,"Krishna Nagar, Bharatpur - RSPCB","15-04-2026 11:00:00",27.215415,77.50873,OZONE,13,230,192
India,Rajasthan,Bhiwadi,"RIICO Ind. Area III, Bhiwadi - RSPCB","15-04-2026 11:00:00",28.194909,76.862296,PM10,104,386,237
India,Rajasthan,Jodhpur,"Digari Kalan, Jodhpur - RSPCB","15-04-2026 11:00:00",26.295810,73.082283,NO2,13,106,46
India,Rajasthan,Jodhpur,"Jhalamand, Jodhpur - RSPCB","15-04-2026 11:00:00",26.215415,73.070156,NO2,5,79,33
India,Rajasthan,Jodhpur,"Jhalamand, Jodhpur - RSPCB","15-04-2026 11:00:00",26.215415,73.070156,SO2,3,14,7
India,Rajasthan,Jodhpur,"Mandor, Jodhpur - RSPCB","15-04-2026 11:00:00",26.358805,73.047444,PM10,49,145,80
India,Rajasthan,Jodhpur,"Mandor, Jodhpur - RSPCB","15-04-2026 11:00:00",26.358805,73.047444,SO2,3,11,6
India,Punjab,Ludhiana,"Punjab Agricultural University, Ludhiana - PPCB","15-04-2026 11:00:00",30.9028,75.8086,CO,26,54,35
India,Punjab,"Mandi Gobindgarh","RIMT University, Mandi Gobindgarh - PPCB","15-04-2026 11:00:00",30.649961,76.331442,SO2,3,110,29
India,Punjab,Jalandhar,"Civil Line, Jalandhar - PPCB","15-04-2026 11:00:00",31.321907,75.578914,OZONE,47,53,50
India,Punjab,Khanna,"Kalal Majra, Khanna - PPCB","15-04-2026 11:00:00","30.736056 ",76.209694,PM2.5,25,69,47
India,Rajasthan,Sikar,"Radhakishan Pura, Sikar - RSPCB","15-04-2026 11:00:00",27.608912,75.153302,NO2,11,41,21
India,Rajasthan,Sikar,"Radhakishan Pura, Sikar - RSPCB","15-04-2026 11:00:00",27.608912,75.153302,OZONE,19,137,66
India,Rajasthan,Sirohi,"Vedhaynath Colony, Sirohi - RSPCB","15-04-2026 11:00:00",24.885261,72.857549,CO,3,31,20
India,Rajasthan,"Sri Ganganagar","Old City, Sri Ganganagar - RSPCB","15-04-2026 11:00:00",29.931624,73.864511,NO2,7,44,24
India,Rajasthan,"Sri Ganganagar","Old City, Sri Ganganagar - RSPCB","15-04-2026 11:00:00",29.931624,73.864511,OZONE,3,303,303
India,Rajasthan,Tonk,"Shastri Nagar, Tonk - RSPCB","15-04-2026 11:00:00",26.159933,75.780517,OZONE,1,153,28
India,Rajasthan,Udaipur,"Ashok Nagar, Udaipur - RSPCB","15-04-2026 11:00:00",24.5886166,73.6321397,PM2.5,61,168,108
India,Sikkim,Gangtok,"Zero Point GICI, Gangtok - SSPCB","15-04-2026 11:00:00",27.338530,88.614099,PM2.5,27,71,52
India,Sikkim,Gangtok,"Zero Point GICI, Gangtok - SSPCB","15-04-2026 11:00:00",27.338530,88.614099,NO2,6,7,6
India,TamilNadu,Gummidipoondi,"Anthoni Pillai Nagar, Gummidipoondi - TNPCB","15-04-2026 11:00:00",13.4127,80.1081,PM2.5,16,413,77
India,TamilNadu,Gummidipoondi,"Anthoni Pillai Nagar, Gummidipoondi - TNPCB","15-04-2026 11:00:00",13.4127,80.1081,PM10,33,314,86
India,TamilNadu,Madurai,"Uchapatti, Madurai - TNPCB","15-04-2026 11:00:00",9.865935,78.022669,NH3,NA,NA,NA
India,TamilNadu,Madurai,"Uchapatti, Madurai - TNPCB","15-04-2026 11:00:00",9.865935,78.022669,SO2,NA,NA,NA
India,TamilNadu,Madurai,"Uchapatti, Madurai - TNPCB","15-04-2026 11:00:00",9.865935,78.022669,OZONE,NA,NA,NA
India,TamilNadu,Ooty,"Bombay Castel, Ooty - TNPCB","15-04-2026 11:00:00",11.4068288,76.7138973,CO,28,28,28
India,Telangana,Hyderabad,"Central University, Hyderabad - TSPCB","15-04-2026 11:00:00",17.460103,78.334361,SO2,6,15,9
India,Telangana,Hyderabad,"ECIL Kapra, Hyderabad - TSPCB","15-04-2026 11:00:00",17.470431,78.566959,NH3,2,6,4
India,Telangana,Hyderabad,"ECIL Kapra, Hyderabad - TSPCB","15-04-2026 11:00:00",17.470431,78.566959,OZONE,14,66,16
India,Telangana,Hyderabad,"IDA Pashamylaram, Hyderabad - TSPCB","15-04-2026 11:00:00",17.5316895,78.218939,OZONE,17,41,20
India,Telangana,Hyderabad,"Kokapet, Hyderabad - TSPCB","15-04-2026 11:00:00",17.393559,78.339194,PM2.5,53,67,59
India,Telangana,Hyderabad,"Kompally Municipal Office, Hyderabad - TSPCB","15-04-2026 11:00:00",17.544899,78.486949,NH3,3,4,3
India,Telangana,Hyderabad,"Kompally Municipal Office, Hyderabad - TSPCB","15-04-2026 11:00:00",17.544899,78.486949,OZONE,12,26,13
India,Telangana,Hyderabad,"Nacharam_TSIIC IALA, Hyderabad - TSPCB","15-04-2026 11:00:00",17.429398,78.569354,PM2.5,47,59,51
India,Telangana,Hyderabad,"Nacharam_TSIIC IALA, Hyderabad - TSPCB","15-04-2026 11:00:00",17.429398,78.569354,PM10,78,87,81
India,Rajasthan,Kota,"Nayapura, Kota - RSPCB","15-04-2026 11:00:00",25.196024,75.855668,NO2,16,112,39
India,Rajasthan,Kota,"Nayapura, Kota - RSPCB","15-04-2026 11:00:00",25.196024,75.855668,SO2,12,33,22
India,Rajasthan,Kota,"Shrinath Puram, Kota - RSPCB","15-04-2026 11:00:00",25.14389,75.821256,NO2,3,38,23
India,Rajasthan,Nagaur,"Karni Colony, Nagaur - RSPCB","15-04-2026 11:00:00",27.213494,73.734444,PM10,56,189,97
India,Rajasthan,Nagaur,"Karni Colony, Nagaur - RSPCB","15-04-2026 11:00:00",27.213494,73.734444,NO2,6,39,17
India,Rajasthan,Nagaur,"Karni Colony, Nagaur - RSPCB","15-04-2026 11:00:00",27.213494,73.734444,SO2,2,9,5
India,Rajasthan,Rajsamand,"Dhoinda, Rajsamand - RSPCB","15-04-2026 11:00:00",25.036360,73.883502,PM10,30,106,67
India,Rajasthan,Rajsamand,"Dhoinda, Rajsamand - RSPCB","15-04-2026 11:00:00",25.036360,73.883502,NH3,7,17,11
India,Rajasthan,"Sawai Madhopur","Sahu Nagar, Sawai Madhopur - RSPCB","15-04-2026 11:00:00",26.031443,76.359327,PM2.5,23,156,49
India,Rajasthan,"Sawai Madhopur","Sahu Nagar, Sawai Madhopur - RSPCB","15-04-2026 11:00:00",26.031443,76.359327,PM10,86,325,143
India,Rajasthan,"Sawai Madhopur","Sahu Nagar, Sawai Madhopur - RSPCB","15-04-2026 11:00:00",26.031443,76.359327,NH3,4,8,6
India,Rajasthan,"Sawai Madhopur","Sahu Nagar, Sawai Madhopur - RSPCB","15-04-2026 11:00:00",26.031443,76.359327,CO,18,94,48
India,Tripura,Agartala,"Bardowali, Agartala - Tripura SPCB","15-04-2026 11:00:00",23.8175497,91.2726974,PM2.5,49,98,77
India,Tripura,Agartala,"Bardowali, Agartala - Tripura SPCB","15-04-2026 11:00:00",23.8175497,91.2726974,NH3,3,4,3
India,Uttar_Pradesh,Agra,"Manoharpur, Agra - UPPCB","15-04-2026 11:00:00",27.23711,78.01936,NO2,19,20,20
India,Uttar_Pradesh,Agra,"Manoharpur, Agra - UPPCB","15-04-2026 11:00:00",27.23711,78.01936,NH3,5,9,6
India,Uttar_Pradesh,Agra,"Rohta, Agra - UPPCB","15-04-2026 11:00:00",27.106972,78.000111,SO2,5,17,10
India,Telangana,Hyderabad,"New Malakpet, Hyderabad - TSPCB","15-04-2026 11:00:00",17.37206,78.50864,NH3,2,3,2
India,Telangana,Hyderabad,"Ramachandrapuram, Hyderabad - TSPCB","15-04-2026 11:00:00",17.528544,78.286195,NH3,4,6,4
India,Telangana,Hyderabad,"Sanathnagar, Hyderabad - TSPCB","15-04-2026 11:00:00",17.4559458,78.4332152,NO2,14,192,57
India,Telangana,Hyderabad,"Somajiguda, Hyderabad - TSPCB","15-04-2026 11:00:00",17.417094,78.457437,NH3,4,4,4
India,Sikkim,Gangtok,"Zero Point GICI, Gangtok - SSPCB","15-04-2026 11:00:00",27.338530,88.614099,NH3,1,1,1
India,Sikkim,Gangtok,"Zero Point GICI, Gangtok - SSPCB","15-04-2026 11:00:00",27.338530,88.614099,SO2,1,1,1
India,TamilNadu,Chennai,"Arumbakkam, Chennai - TNPCB","15-04-2026 11:00:00",13.0664,"80.2112 ",PM10,21,63,40
India,TamilNadu,Chennai,"Manali Village, Chennai - TNPCB","15-04-2026 11:00:00",13.1662,80.2584,CO,39,44,42
India,TamilNadu,Chennai,"Manali, Chennai - CPCB","15-04-2026 11:00:00",13.164544,80.26285,PM10,20,58,38
India,TamilNadu,Chennai,"Royapuram, Chennai - TNPCB","15-04-2026 11:00:00",13.1036,80.2909,PM10,6,76,40
India,Uttar_Pradesh,Ghaziabad,"Vasundhara, Ghaziabad - UPPCB","15-04-2026 11:00:00",28.6603346,77.3572563,SO2,1,107,28
India,Uttar_Pradesh,Ghaziabad,"Ved Vihar-Loni, Ghaziabad - UPPCB","15-04-2026 11:00:00","28.739153 ","77.273668 ",PM2.5,224,364,318
India,Uttar_Pradesh,Ghaziabad,"Ved Vihar-Loni, Ghaziabad - UPPCB","15-04-2026 11:00:00","28.739153 ","77.273668 ",OZONE,2,95,20
India,Uttar_Pradesh,Gorakhpur,"Madan Mohan Malaviya University of Technology, Gorakhpur - UPPCB","15-04-2026 11:00:00",26.730136,83.433859,NH3,1,1,1
India,Uttar_Pradesh,Gorakhpur,"Madan Mohan Malaviya University of Technology, Gorakhpur - UPPCB","15-04-2026 11:00:00",26.730136,83.433859,SO2,47,50,48
India,Uttar_Pradesh,Gorakhpur,"Madan Mohan Malaviya University of Technology, Gorakhpur - UPPCB","15-04-2026 11:00:00",26.730136,83.433859,OZONE,1,38,3
India,Uttar_Pradesh,"Greater Noida","Knowledge Park - III, Greater Noida - UPPCB","15-04-2026 11:00:00",28.47272,77.482000,SO2,5,32,15
India,Uttar_Pradesh,"Greater Noida","Knowledge Park - III, Greater Noida - UPPCB","15-04-2026 11:00:00",28.47272,77.482000,CO,16,104,39
India,Uttar_Pradesh,"Greater Noida","Knowledge Park - III, Greater Noida - UPPCB","15-04-2026 11:00:00",28.47272,77.482000,OZONE,1,212,172
India,Uttar_Pradesh,"Greater Noida","Knowledge Park - V, Greater Noida - UPPCB","15-04-2026 11:00:00",28.557054,77.453663,NO2,37,160,108
India,Uttar_Pradesh,"Greater Noida","Knowledge Park - V, Greater Noida - UPPCB","15-04-2026 11:00:00",28.557054,77.453663,SO2,15,56,26
India,Uttar_Pradesh,Hapur,"Anand Vihar, Hapur - UPPCB","15-04-2026 11:00:00",28.725645,77.749675,PM2.5,29,352,172
India,Uttar_Pradesh,Hapur,"Anand Vihar, Hapur - UPPCB","15-04-2026 11:00:00",28.725645,77.749675,NH3,1,15,6
India,Uttar_Pradesh,Hapur,"Anand Vihar, Hapur - UPPCB","15-04-2026 11:00:00",28.725645,77.749675,CO,12,111,94
India,Uttar_Pradesh,Jhansi,"Shivaji Nagar, Jhansi - UPPCB","15-04-2026 11:00:00",25.4547,78.6039,PM10,38,159,86
India,Uttar_Pradesh,Kanpur,"FTI Kidwai Nagar, Kanpur - UPPCB","15-04-2026 11:00:00",26.428282,80.327067,NO2,26,27,27
India,Uttar_Pradesh,Kanpur,"FTI Kidwai Nagar, Kanpur - UPPCB","15-04-2026 11:00:00",26.428282,80.327067,CO,33,56,44
India,Uttar_Pradesh,Kanpur,"NSI Kalyanpur, Kanpur - UPPCB","15-04-2026 11:00:00",26.509954,80.249612,PM2.5,21,217,109
India,Uttar_Pradesh,Kanpur,"NSI Kalyanpur, Kanpur - UPPCB","15-04-2026 11:00:00",26.509954,80.249612,PM10,54,183,114
India,Uttar_Pradesh,Kanpur,"NSI Kalyanpur, Kanpur - UPPCB","15-04-2026 11:00:00",26.509954,80.249612,OZONE,15,17,16
India,Uttar_Pradesh,Kanpur,"Nehru Nagar, Kanpur - UPPCB","15-04-2026 11:00:00",26.4703136,80.3229863,PM10,20,173,109
India,Uttar_Pradesh,Khora,"Prashant Garden, Khora - UPPCB","15-04-2026 11:00:00",28.61119,77.34206,PM10,134,454,282
India,Uttar_Pradesh,Khora,"Prashant Garden, Khora - UPPCB","15-04-2026 11:00:00",28.61119,77.34206,NO2,93,209,147
India,Uttar_Pradesh,Agra,"Shahjahan Garden, Agra - UPPCB","15-04-2026 11:00:00",27.169338,78.03582,PM10,83,190,136
India,Uttar_Pradesh,Agra,"Shastripuram, Agra - UPPCB","15-04-2026 11:00:00",27.19862,77.92066,PM10,61,175,120
India,Uttar_Pradesh,Agra,"Shastripuram, Agra - UPPCB","15-04-2026 11:00:00",27.19862,77.92066,NH3,3,3,3
India,Uttar_Pradesh,Agra,"Shastripuram, Agra - UPPCB","15-04-2026 11:00:00",27.19862,77.92066,SO2,6,10,7
India,Uttar_Pradesh,Baghpat,"Sardar Patel Inter College, Baghpat - UPPCB","15-04-2026 11:00:00",28.964949,77.278761,CO,32,104,76
India,Uttar_Pradesh,Baghpat,"Sardar Patel Inter College, Baghpat - UPPCB","15-04-2026 11:00:00",28.964949,77.278761,OZONE,5,93,30
India,Uttar_Pradesh,Bareilly,"Civil Lines, Bareilly - UPPCB","15-04-2026 11:00:00",28.359581,79.414455,PM10,32,68,49
India,Uttar_Pradesh,Bareilly,"Rajendra Nagar, Bareilly - UPPCB","15-04-2026 11:00:00",28.38910936,79.42963708,NH3,1,1,1
India,Uttar_Pradesh,Bulandshahr,"Yamunapuram, Bulandshahr - UPPCB","15-04-2026 11:00:00",28.406963,77.849831,PM10,116,396,211
India,Uttar_Pradesh,Bulandshahr,"Yamunapuram, Bulandshahr - UPPCB","15-04-2026 11:00:00",28.406963,77.849831,NH3,6,11,9
India,Uttar_Pradesh,Bulandshahr,"Yamunapuram, Bulandshahr - UPPCB","15-04-2026 11:00:00",28.406963,77.849831,OZONE,2,79,26
India,Uttar_Pradesh,Firozabad,"Nagla Bhau, Firozabad - UPPCB","15-04-2026 11:00:00",27.168897,78.376960,PM2.5,25,301,76
India,Uttar_Pradesh,Firozabad,"Vibhab Nagar, Firozabad - UPPCB","15-04-2026 11:00:00",27.1594,78.3953,NO2,15,15,15
India,Uttar_Pradesh,Firozabad,"Vibhab Nagar, Firozabad - UPPCB","15-04-2026 11:00:00",27.1594,78.3953,CO,5,18,16
India,Uttar_Pradesh,Ghaziabad,"Indirapuram, Ghaziabad - UPPCB","15-04-2026 11:00:00",28.646233,77.358075,NO2,19,131,72
India,Uttar_Pradesh,Ghaziabad,"Loni, Ghaziabad - UPPCB","15-04-2026 11:00:00",28.757294,77.278792,NH3,1,11,5
India,Uttar_Pradesh,Ghaziabad,"Sanjay Nagar, Ghaziabad - UPPCB","15-04-2026 11:00:00",28.685382,77.453839,PM10,104,301,179
India,Uttar_Pradesh,Khora,"Prashant Garden, Khora - UPPCB","15-04-2026 11:00:00",28.61119,77.34206,CO,57,139,102
India,Uttar_Pradesh,Khurja,"Kalindi Kunj, Khurja - UPPCB","15-04-2026 11:00:00",28.2348927,77.8683002,PM2.5,36,309,140
India,Uttar_Pradesh,Khurja,"Kalindi Kunj, Khurja - UPPCB","15-04-2026 11:00:00",28.2348927,77.8683002,NH3,1,1,1
India,Uttar_Pradesh,Lucknow,"Kendriya Vidyalaya, Lucknow - CPCB","15-04-2026 11:00:00",26.906111,80.948222,NO2,24,29,27
India,Uttar_Pradesh,Lucknow,"Kukrail Picnic Spot-1, Lucknow - UPPCB","15-04-2026 11:00:00",26.90723,80.98579,CO,10,16,14
India,Uttar_Pradesh,Lucknow,"Lalbagh, Lucknow - CPCB","15-04-2026 11:00:00",26.8458805,80.9365541,PM2.5,60,125,71
India,Uttar_Pradesh,Lucknow,"Lalbagh, Lucknow - CPCB","15-04-2026 11:00:00",26.8458805,80.9365541,SO2,1,20,11
India,Uttar_Pradesh,Lucknow,"Talkatora District Industries Center, Lucknow - CPCB","15-04-2026 11:00:00",26.83399722,80.8917361,CO,25,122,48
India,Uttar_Pradesh,Lucknow,"Talkatora District Industries Center, Lucknow - CPCB","15-04-2026 11:00:00",26.83399722,80.8917361,OZONE,14,62,24
India,Uttar_Pradesh,Modinagar,"SRM University, Modinagar - UPPCB","15-04-2026 11:00:00","28.798171 ","77.540243 ",PM2.5,69,461,248
India,Uttar_Pradesh,Modinagar,"SRM University, Modinagar - UPPCB","15-04-2026 11:00:00","28.798171 ","77.540243 ",NO2,24,120,71
India,Uttar_Pradesh,Modinagar,"SRM University, Modinagar - UPPCB","15-04-2026 11:00:00","28.798171 ","77.540243 ",SO2,13,104,41
India,Uttar_Pradesh,Moradabad,"Transport Nagar, Moradabad - UPPCB","15-04-2026 11:00:00",28.802625,78.753728,NO2,NA,NA,NA
India,Uttar_Pradesh,Moradabad,"Transport Nagar, Moradabad - UPPCB","15-04-2026 11:00:00",28.802625,78.753728,OZONE,NA,NA,NA
India,Uttar_Pradesh,Muzaffarnagar,"New Mandi, Muzaffarnagar - UPPCB","15-04-2026 11:00:00",29.4723508,77.7194031,PM2.5,28,264,134
India,Uttar_Pradesh,Muzaffarnagar,"New Mandi, Muzaffarnagar - UPPCB","15-04-2026 11:00:00",29.4723508,77.7194031,PM10,74,193,140
India,Uttar_Pradesh,Modinagar,"SRM University, Modinagar - UPPCB","15-04-2026 11:00:00","28.798171 ","77.540243 ",CO,38,103,82
India,Uttar_Pradesh,Moradabad,"Eco Herbal Park, Moradabad - UPPCB","15-04-2026 11:00:00",28.840739,78.697531,NH3,3,8,6
India,Uttar_Pradesh,Moradabad,"Employment Office, Moradabad - UPPCB","15-04-2026 11:00:00",28.88528,78.73880,CO,2,68,20
India,Uttar_Pradesh,Moradabad,"Jigar Colony, Moradabad - UPPCB","15-04-2026 11:00:00",28.856664,78.772638,SO2,25,72,40
India,Uttar_Pradesh,Moradabad,"Jigar Colony, Moradabad - UPPCB","15-04-2026 11:00:00",28.856664,78.772638,CO,40,40,40
India,Uttar_Pradesh,Moradabad,"Kashiram Nagar, Moradabad - UPPCB","15-04-2026 11:00:00",28.849399,78.742362,NO2,25,25,25
India,Uttar_Pradesh,Noida,"Sector - 125, Noida - UPPCB","15-04-2026 11:00:00",28.5447608,77.3231257,NH3,6,21,16
India,Uttar_Pradesh,Noida,"Sector - 125, Noida - UPPCB","15-04-2026 11:00:00",28.5447608,77.3231257,OZONE,9,256,256
India,Uttar_Pradesh,Noida,"Sector-1, Noida - UPPCB","15-04-2026 11:00:00",28.5898,77.3101,NO2,11,153,84
India,Uttar_Pradesh,Noida,"Sector-1, Noida - UPPCB","15-04-2026 11:00:00",28.5898,77.3101,CO,17,114,67
India,Uttar_Pradesh,Noida,"Sector-116, Noida - UPPCB","15-04-2026 11:00:00",28.569230,77.393848,NO2,23,128,83
India,Uttar_Pradesh,Noida,"Sector-116, Noida - UPPCB","15-04-2026 11:00:00",28.569230,77.393848,CO,6,120,25
India,Uttar_Pradesh,Prayagraj,"Jhunsi, Prayagraj - UPPCB","15-04-2026 11:00:00",25.425602,81.917152,PM2.5,20,88,54
India,Uttar_Pradesh,Prayagraj,"Jhunsi, Prayagraj - UPPCB","15-04-2026 11:00:00",25.425602,81.917152,PM10,43,119,90
India,Uttar_Pradesh,Prayagraj,"Jhunsi, Prayagraj - UPPCB","15-04-2026 11:00:00",25.425602,81.917152,NH3,5,6,6
India,Uttar_Pradesh,Prayagraj,"Jhunsi, Prayagraj - UPPCB","15-04-2026 11:00:00",25.425602,81.917152,SO2,17,123,68
India,Uttar_Pradesh,Prayagraj,"Jhunsi, Prayagraj - UPPCB","15-04-2026 11:00:00",25.425602,81.917152,CO,8,94,36
India,Uttar_Pradesh,Prayagraj,"Motilal Nehru NIT, Prayagraj - UPPCB","15-04-2026 11:00:00",25.494,81.863,NO2,12,12,12
India,Uttar_Pradesh,Varanasi,"Bhelupur, Varanasi - UPPCB","15-04-2026 11:00:00",25.301778,82.996789,PM2.5,19,82,50
India,Uttar_Pradesh,Varanasi,"Bhelupur, Varanasi - UPPCB","15-04-2026 11:00:00",25.301778,82.996789,PM10,46,168,111
India,Uttar_Pradesh,Varanasi,"IESD Banaras Hindu University, Varanasi - UPPCB","15-04-2026 11:00:00",25.262326,82.995408,NO2,2,2,2
India,Uttar_Pradesh,Varanasi,"Maldahiya, Varanasi - UPPCB","15-04-2026 11:00:00",25.32393,82.99687,PM10,56,164,91
India,Uttar_Pradesh,Vrindavan,"Omex Eternity, Vrindavan - UPPCB","15-04-2026 11:00:00",27.5714090,77.6557570,PM2.5,13,128,55
India,Uttarakhand,Dehradun,"Doon University, Dehradun - UKPCB","15-04-2026 11:00:00",30.269444,78.044167,CO,6,8,7
India,Uttarakhand,Rishikesh,"Shivaji Nagar, Rishikesh - UKPCB","15-04-2026 11:00:00",30.075911,78.2859547,PM10,4,354,36
India,Uttarakhand,Rishikesh,"Shivaji Nagar, Rishikesh - UKPCB","15-04-2026 11:00:00",30.075911,78.2859547,NH3,3,40,17
India,Uttarakhand,Rishikesh,"Shivaji Nagar, Rishikesh - UKPCB","15-04-2026 11:00:00",30.075911,78.2859547,SO2,1,1,1
India,Uttarakhand,Rishikesh,"Shivaji Nagar, Rishikesh - UKPCB","15-04-2026 11:00:00",30.075911,78.2859547,OZONE,7,133,56
India,West_Bengal,Asansol,"Asansol Court Area, Asansol - WBPCB","15-04-2026 11:00:00",23.685297,86.945968,OZONE,21,53,27
India,West_Bengal,Asansol,"Evelyn Lodge, Asansol - WBPCB","15-04-2026 11:00:00",23.6979360,86.9443950,PM10,57,117,91
India,West_Bengal,Asansol,"Evelyn Lodge, Asansol - WBPCB","15-04-2026 11:00:00",23.6979360,86.9443950,SO2,68,72,69
India,West_Bengal,Barrackpore,"SVSPA Campus, Barrackpore - WBPCB","15-04-2026 11:00:00",22.7605581,88.3617589,PM10,40,88,61
India,West_Bengal,Barrackpore,"SVSPA Campus, Barrackpore - WBPCB","15-04-2026 11:00:00",22.7605581,88.3617589,NH3,3,5,4
India,West_Bengal,Durgapur,"Mahishkapur Road_B-Zone, Durgapur - WBPCB","15-04-2026 11:00:00",23.567923,87.306843,NO2,3,58,19
India,West_Bengal,Durgapur,"Mahishkapur Road_B-Zone, Durgapur - WBPCB","15-04-2026 11:00:00",23.567923,87.306843,CO,36,97,48
India,West_Bengal,Durgapur,"PCBL Residential Complex, Durgapur - WBPCB","15-04-2026 11:00:00",23.5087640,87.3544400,SO2,5,8,6
India,West_Bengal,Durgapur,"Womens College_City Center, Durgapur - WBPCB","15-04-2026 11:00:00",23.549395,87.300496,PM10,63,129,100
India,West_Bengal,Haldia,"Priyambada Housing Estate, Haldia - WBPCB","15-04-2026 11:00:00",22.06047,88.109737,CO,19,40,27
India,West_Bengal,Howrah,"Belur Math, Howrah - WBPCB","15-04-2026 11:00:00",22.629801,88.352017,OZONE,10,48,16
India,West_Bengal,Howrah,"Dasnagar, Howrah - WBPCB","15-04-2026 11:00:00",22.6025571,88.3105664,PM10,5,131,64
India,West_Bengal,Howrah,"Dasnagar, Howrah - WBPCB","15-04-2026 11:00:00",22.6025571,88.3105664,SO2,10,20,12
India,West_Bengal,Howrah,"Dasnagar, Howrah - WBPCB","15-04-2026 11:00:00",22.6025571,88.3105664,CO,14,30,20
India,West_Bengal,Howrah,"Ghusuri, Howrah - WBPCB","15-04-2026 11:00:00",22.611968,88.347422,PM2.5,35,85,58
India,West_Bengal,Howrah,"Ghusuri, Howrah - WBPCB","15-04-2026 11:00:00",22.611968,88.347422,SO2,4,15,8
India,West_Bengal,Howrah,"Padmapukur, Howrah - WBPCB","15-04-2026 11:00:00",22.5687319,88.2797276,NO2,12,12,12
India,West_Bengal,Kolkata,"Bidhannagar, Kolkata - WBPCB","15-04-2026 11:00:00",22.58157048,88.41002457,PM10,60,106,81
India,West_Bengal,Kolkata,"Bidhannagar, Kolkata - WBPCB","15-04-2026 11:00:00",22.58157048,88.41002457,SO2,3,11,6
India,West_Bengal,Kolkata,"Fort William, Kolkata - WBPCB","15-04-2026 11:00:00",22.556640,88.342674,PM2.5,27,60,39
India,West_Bengal,Kolkata,"Fort William, Kolkata - WBPCB","15-04-2026 11:00:00",22.556640,88.342674,NO2,18,26,21
India,West_Bengal,Kolkata,"Fort William, Kolkata - WBPCB","15-04-2026 11:00:00",22.556640,88.342674,NH3,9,9,9
India,West_Bengal,Kolkata,"Jadavpur, Kolkata - WBPCB","15-04-2026 11:00:00",22.49929,88.36917,PM2.5,45,86,60
India,West_Bengal,Kolkata,"Rabindra Bharati University, Kolkata - WBPCB","15-04-2026 11:00:00",22.627847,88.380669,PM2.5,45,82,63
India,West_Bengal,Kolkata,"Rabindra Sarobar, Kolkata - WBPCB","15-04-2026 11:00:00",22.51106,88.35142,PM10,34,82,49
India,West_Bengal,Kolkata,"Victoria, Kolkata - WBPCB","15-04-2026 11:00:00",22.5448082,88.3403691,PM10,51,94,68
India,West_Bengal,Siliguri,"Ward-32 Bapupara, Siliguri - WBPCB","15-04-2026 11:00:00",26.6879226,88.4152495,PM2.5,38,87,59
India,West_Bengal,Siliguri,"Ward-32 Bapupara, Siliguri - WBPCB","15-04-2026 11:00:00",26.6879226,88.4152495,NO2,52,147,90
India,West_Bengal,Siliguri,"Ward-32 Bapupara, Siliguri - WBPCB","15-04-2026 11:00:00",26.6879226,88.4152495,OZONE,11,73,37
India,Andhra_Pradesh,Nellore,"Ambedkar Nagar, Nellore - APPCB ","15-04-2026 11:00:00","14.438164 ","79.966814 ",CO,14,93,14
India,Andhra_Pradesh,Tirumala,"Toll Gate, Tirumala - APPCB","15-04-2026 11:00:00",13.67,79.35,OZONE,12,88,22
India,Andhra_Pradesh,Tirupati,"Vaikuntapuram, Tirupati - APPCB","15-04-2026 11:00:00",13.615387,79.409230,PM10,60,92,81
India,Andhra_Pradesh,Tirupati,"Vaikuntapuram, Tirupati - APPCB","15-04-2026 11:00:00",13.615387,79.409230,NO2,25,35,33
India,Andhra_Pradesh,Tirupati,"Vaikuntapuram, Tirupati - APPCB","15-04-2026 11:00:00",13.615387,79.409230,SO2,9,16,11
India,Andhra_Pradesh,Vijayawada,"HB Colony, Vijayawada - APPCB","15-04-2026 11:00:00",16.536107,80.594233,PM2.5,NA,NA,NA
India,Andhra_Pradesh,Vijayawada,"HB Colony, Vijayawada - APPCB","15-04-2026 11:00:00",16.536107,80.594233,PM10,NA,NA,NA
India,Andhra_Pradesh,Vijayawada,"HB Colony, Vijayawada - APPCB","15-04-2026 11:00:00",16.536107,80.594233,NH3,4,5,5
India,Andhra_Pradesh,Vijayawada,"HB Colony, Vijayawada - APPCB","15-04-2026 11:00:00",16.536107,80.594233,OZONE,27,38,37
India,Andhra_Pradesh,Vijayawada,"Kanuru, Vijayawada - APPCB","15-04-2026 11:00:00",16.486692,80.699436,SO2,NA,NA,NA
India,Andhra_Pradesh,Vijayawada,"Rajiv Nagar, Vijayawada - APPCB","15-04-2026 11:00:00",16.554731,80.649110,NO2,22,31,24
India,Andhra_Pradesh,Visakhapatnam,"GVM Corporation, Visakhapatnam - APPCB","15-04-2026 11:00:00",17.72,83.3,SO2,10,122,61
India,Andhra_Pradesh,Visakhapatnam,"GVM Corporation, Visakhapatnam - APPCB","15-04-2026 11:00:00",17.72,83.3,CO,2,89,21
India,Arunachal_Pradesh,Naharlagun,"Naharlagun, Naharlagun - APSPCB","15-04-2026 11:00:00",27.103358,93.679645,PM2.5,29,82,50
India,Arunachal_Pradesh,Naharlagun,"Naharlagun, Naharlagun - APSPCB","15-04-2026 11:00:00",27.103358,93.679645,NH3,1,1,1
India,Assam,Byrnihat,"Central Academy for SFS, Byrnihat - PCBA","15-04-2026 11:00:00",26.071318,91.87488,PM10,37,153,86
India,Assam,Byrnihat,"Central Academy for SFS, Byrnihat - PCBA","15-04-2026 11:00:00",26.071318,91.87488,NO2,5,21,10
India,Assam,Byrnihat,"Central Academy for SFS, Byrnihat - PCBA","15-04-2026 11:00:00",26.071318,91.87488,SO2,6,32,29
India,Andhra_Pradesh,Guntur,"Rajendra Nagar North, Guntur - APPCB","15-04-2026 11:00:00",16.316553,80.413302,CO,12,34,17
India,Andhra_Pradesh,Guntur,"Rajendra Nagar North, Guntur - APPCB","15-04-2026 11:00:00",16.316553,80.413302,OZONE,26,43,43
India,Andhra_Pradesh,Kadapa,"Yerramukkapalli, Kadapa - APPCB","15-04-2026 11:00:00",14.465052,78.824187,PM2.5,60,79,67
India,Andhra_Pradesh,Kadapa,"Yerramukkapalli, Kadapa - APPCB","15-04-2026 11:00:00",14.465052,78.824187,SO2,11,22,18
India,Andhra_Pradesh,Machilipatnam,"Srinivas Nagar Colony, Machilipatnam - APPCB","15-04-2026 11:00:00",16.186555,81.13219,PM2.5,54,79,58
India,Andhra_Pradesh,Machilipatnam,"Srinivas Nagar Colony, Machilipatnam - APPCB","15-04-2026 11:00:00",16.186555,81.13219,SO2,12,13,12
India,Andhra_Pradesh,Machilipatnam,"Srinivas Nagar Colony, Machilipatnam - APPCB","15-04-2026 11:00:00",16.186555,81.13219,CO,8,50,18
India,Andhra_Pradesh,Nellore,"Ambedkar Nagar, Nellore - APPCB ","15-04-2026 11:00:00","14.438164 ","79.966814 ",NH3,2,4,2
India,Assam,Guwahati,"LGBI Airport, Guwahati - PCBA","15-04-2026 11:00:00",26.10887,91.589544,PM10,NA,NA,NA
India,Assam,Guwahati,"LGBI Airport, Guwahati - PCBA","15-04-2026 11:00:00",26.10887,91.589544,NO2,NA,NA,NA
India,Assam,Guwahati,"LGBI Airport, Guwahati - PCBA","15-04-2026 11:00:00",26.10887,91.589544,OZONE,12,13,13
India,Assam,Nalbari,"Bata Chowk, Nalbari - PCBA","15-04-2026 11:00:00",26.446912,91.439057,PM2.5,13,53,38
India,Assam,Silchar,"Tarapur, Silchar - PCBA","15-04-2026 11:00:00",24.82827,92.79525,CO,22,52,44
India,Bihar,Kishanganj,"SDM Office_Khagra, Kishanganj - BSPCB","15-04-2026 11:00:00",26.0881305,87.93840336,SO2,5,11,8
India,Bihar,Kishanganj,"SDM Office_Khagra, Kishanganj - BSPCB","15-04-2026 11:00:00",26.0881305,87.93840336,OZONE,32,35,33
India,Bihar,Manguraha,"Forest Rest House, Manguraha - BSPCB","15-04-2026 11:00:00",27.308328,84.531742,PM2.5,83,354,152
India,Bihar,Manguraha,"Forest Rest House, Manguraha - BSPCB","15-04-2026 11:00:00",27.308328,84.531742,NH3,1,1,1
India,Bihar,Arrah,"New DM Office, Arrah - BSPCB","15-04-2026 11:00:00",25.5626095,84.663264,CO,40,67,55
India,Bihar,Aurangabad,"Gurdeo Nagar, Aurangabad - BSPCB","15-04-2026 11:00:00",24.75746,84.366208,NO2,7,8,8
India,Bihar,Bettiah,"Kamalnath Nagar, Bettiah - BSPCB","15-04-2026 11:00:00",26.80365,84.51954,NO2,6,11,8
India,Andhra_Pradesh,Amaravati,"Secretariat, Amaravati - APPCB","15-04-2026 11:00:00",16.5150833,80.5181667,PM2.5,14,70,36
India,Andhra_Pradesh,Amaravati,"Secretariat, Amaravati - APPCB","15-04-2026 11:00:00",16.5150833,80.5181667,CO,11,20,14
India,Andhra_Pradesh,Anantapur,"Gulzarpet, Anantapur - APPCB","15-04-2026 11:00:00",14.675886,77.593027,CO,42,69,57
India,Andhra_Pradesh,Chittoor,"Gangineni Cheruvu, Chittoor - APPCB","15-04-2026 11:00:00",13.204880,79.097889,NO2,25,34,27
India,Andhra_Pradesh,Eluru,"District Court, Eluru - APPCB","15-04-2026 11:00:00",16.711754,81.092095,PM2.5,45,76,54
India,Bihar,Gaya,"Kareemganj, Gaya - BSPCB","15-04-2026 11:00:00",24.792403,84.992416,PM10,104,199,135
India,Bihar,Gaya,"SFTI Kusdihra, Gaya - BSPCB","15-04-2026 11:00:00",24.762518,84.982348,OZONE,18,81,29
India,Bihar,"Bihar Sharif","D M Colony, Bihar Sharif - BSPCB","15-04-2026 11:00:00",25.204762,85.514960,CO,35,104,45
India,Chhattisgarh,Raipur,"Bhatagaon New ISBT, Raipur - CECB","15-04-2026 11:00:00",21.219665,81.630094,OZONE,1,14,3
India,Chhattisgarh,Raipur,"Krishak Nagar, Raipur - CECB","15-04-2026 11:00:00",21.237755,81.705301,NH3,2,2,2
India,Chhattisgarh,Raipur,"Siltara Phase-II, Raipur - CECB","15-04-2026 11:00:00",21.371751,81.664929,PM10,28,158,115
India,Chhattisgarh,Raipur,"Siltara Phase-II, Raipur - CECB","15-04-2026 11:00:00",21.371751,81.664929,SO2,3,79,30
India,Chhattisgarh,Tumidih,"OP Jindal Industrial Park, Tumidih - CECB","15-04-2026 11:00:00",22.06631475,83.33820077,SO2,6,9,6
India,Chhattisgarh,Tumidih,"OP Jindal Industrial Park, Tumidih - CECB","15-04-2026 11:00:00",22.06631475,83.33820077,CO,NA,NA,NA
India,Delhi,Delhi,"Alipur, Delhi - DPCC","15-04-2026 11:00:00",28.815329,77.153010,PM10,103,447,273
India,Delhi,Delhi,"Alipur, Delhi - DPCC","15-04-2026 11:00:00",28.815329,77.153010,SO2,7,66,22
India,Bihar,Patna,"Govt. High School Shikarpur, Patna - BSPCB","15-04-2026 11:00:00",25.592539,85.227158,PM10,100,433,186
India,Bihar,Patna,"IGSC Planetarium Complex, Patna - BSPCB","15-04-2026 11:00:00",25.610369,85.132568,PM2.5,30,306,180
India,Bihar,Patna,"IGSC Planetarium Complex, Patna - BSPCB","15-04-2026 11:00:00",25.610369,85.132568,NO2,1,3,2
India,Bihar,Patna,"Muradpur, Patna - BSPCB","15-04-2026 11:00:00",25.619651,85.147382,PM2.5,113,220,175
India,Bihar,Patna,"Muradpur, Patna - BSPCB","15-04-2026 11:00:00",25.619651,85.147382,SO2,9,11,10
India,Bihar,Patna,"Muradpur, Patna - BSPCB","15-04-2026 11:00:00",25.619651,85.147382,CO,1,80,40
India,Bihar,Patna,"Rajbansi Nagar, Patna - BSPCB","15-04-2026 11:00:00",25.599486,85.113666,PM2.5,78,220,124
India,Bihar,Patna,"Rajbansi Nagar, Patna - BSPCB","15-04-2026 11:00:00",25.599486,85.113666,NO2,25,33,30
India,Bihar,Patna,"Rajbansi Nagar, Patna - BSPCB","15-04-2026 11:00:00",25.599486,85.113666,CO,40,114,74
India,Bihar,Patna,"Samanpura, Patna - BSPCB","15-04-2026 11:00:00",25.596727,85.085624,NO2,31,62,44
India,Bihar,Purnia,"Mariam Nagar, Purnia - BSPCB","15-04-2026 11:00:00",25.366336,87.117468,SO2,17,17,17
India,Bihar,Purnia,"Mariam Nagar, Purnia - BSPCB","15-04-2026 11:00:00",25.366336,87.117468,CO,58,60,59
India,Bihar,Rajgir,"Dangi Tola, Rajgir - BSPCB","15-04-2026 11:00:00",25.03280,85.41948,CO,29,55,42
India,Bihar,Saharsa,"Police Line, Saharsa - BSPCB","15-04-2026 11:00:00",25.892357,86.590325,PM10,41,161,106
India,Chandigarh,Chandigarh,"Sector-53, Chandigarh - CPCC","15-04-2026 11:00:00",30.719859,76.738637,SO2,NA,NA,NA
India,Chhattisgarh,Bhilai,"32Bungalows, Bhilai - CECB","15-04-2026 11:00:00",21.194815,81.314770,PM10,38,71,57
India,Chhattisgarh,Bhilai,"32Bungalows, Bhilai - CECB","15-04-2026 11:00:00",21.194815,81.314770,NO2,6,87,31
India,Chhattisgarh,Bhilai,"32Bungalows, Bhilai - CECB","15-04-2026 11:00:00",21.194815,81.314770,NH3,3,5,4
India,Chhattisgarh,Bhilai,"32Bungalows, Bhilai - CECB","15-04-2026 11:00:00",21.194815,81.314770,SO2,10,40,23
India,Chhattisgarh,Bhilai,"Civic Center, Bhilai - Bhilai Steel Plant","15-04-2026 11:00:00",21.185571,81.343175,PM2.5,23,70,43
India,Chhattisgarh,Bhilai,"Civic Center, Bhilai - Bhilai Steel Plant","15-04-2026 11:00:00",21.185571,81.343175,CO,25,31,26
India,Bihar,Muzaffarpur,"Buddha Colony, Muzaffarpur - BSPCB","15-04-2026 11:00:00",26.11442,85.39813,PM2.5,93,271,131
India,Bihar,Muzaffarpur,"Buddha Colony, Muzaffarpur - BSPCB","15-04-2026 11:00:00",26.11442,85.39813,PM10,64,120,90
India,Bihar,Muzaffarpur,"Buddha Colony, Muzaffarpur - BSPCB","15-04-2026 11:00:00",26.11442,85.39813,OZONE,17,115,25
India,Bihar,Muzaffarpur,"Muzaffarpur Collectorate, Muzaffarpur - BSPCB","15-04-2026 11:00:00",26.1209,85.3647,PM2.5,68,98,78
India,Bihar,Muzaffarpur,"Muzaffarpur Collectorate, Muzaffarpur - BSPCB","15-04-2026 11:00:00",26.1209,85.3647,NO2,9,14,11
India,Bihar,Muzaffarpur,"Muzaffarpur Collectorate, Muzaffarpur - BSPCB","15-04-2026 11:00:00",26.1209,85.3647,SO2,4,9,6
India,Bihar,Muzaffarpur,"Muzaffarpur Collectorate, Muzaffarpur - BSPCB","15-04-2026 11:00:00",26.1209,85.3647,CO,8,50,14
India,Bihar,Samastipur,"DM Office_Kasipur, Samastipur - BSPCB","15-04-2026 11:00:00",25.859655,85.77944,OZONE,6,8,6
India,Bihar,Sasaram,"Dada Peer, Sasaram - BSPCB","15-04-2026 11:00:00",24.952822,84.002396,NO2,1,7,3
India,Bihar,Sasaram,"Dada Peer, Sasaram - BSPCB","15-04-2026 11:00:00",24.952822,84.002396,NH3,1,5,3
India,Bihar,Sasaram,"Dada Peer, Sasaram - BSPCB","15-04-2026 11:00:00",24.952822,84.002396,OZONE,6,30,16
India,Chandigarh,Chandigarh,"Sector 22, Chandigarh - CPCC","15-04-2026 11:00:00",30.735567,76.775714,PM10,23,144,78
India,Chandigarh,Chandigarh,"Sector 22, Chandigarh - CPCC","15-04-2026 11:00:00",30.735567,76.775714,NO2,6,39,16
India,Chandigarh,Chandigarh,"Sector 22, Chandigarh - CPCC","15-04-2026 11:00:00",30.735567,76.775714,SO2,6,23,11
India,Chandigarh,Chandigarh,"Sector-25, Chandigarh - CPCC","15-04-2026 11:00:00",30.751462,76.762879,NO2,NA,NA,NA
India,Chandigarh,Chandigarh,"Sector-25, Chandigarh - CPCC","15-04-2026 11:00:00",30.751462,76.762879,SO2,NA,NA,NA
India,Chhattisgarh,Kunjemura,"OP Jindal School, Kunjemura - CECB","15-04-2026 11:00:00",22.126650,83.483212,NO2,21,76,51
India,Chhattisgarh,Raipur,"AIIMS, Raipur - CECB","15-04-2026 11:00:00",21.258815,81.578979,NO2,26,49,39
India,Chhattisgarh,Raipur,"AIIMS, Raipur - CECB","15-04-2026 11:00:00",21.258815,81.578979,CO,29,70,63
India,Chhattisgarh,Bhilai,"Civic Center, Bhilai - Bhilai Steel Plant","15-04-2026 11:00:00",21.185571,81.343175,OZONE,8,14,11
India,Chhattisgarh,Chhal,"Nawapara SECL Colony, Chhal - CECB","15-04-2026 11:00:00",22.118125,83.140608,NO2,13,33,23
India,Delhi,Delhi,"Ashok Vihar, Delhi - DPCC","15-04-2026 11:00:00",28.695381,77.181665,PM2.5,27,414,207
India,Delhi,Delhi,"Ashok Vihar, Delhi - DPCC","15-04-2026 11:00:00",28.695381,77.181665,NO2,17,135,76
India,Delhi,Delhi,"Ashok Vihar, Delhi - DPCC","15-04-2026 11:00:00",28.695381,77.181665,CO,3,92,37
India,Delhi,Delhi,"Aya Nagar, Delhi - IMD","15-04-2026 11:00:00",28.4706914,77.1099364,NO2,16,103,56
India,Delhi,Delhi,"Bawana, Delhi - DPCC","15-04-2026 11:00:00",28.776200,77.051074,NH3,4,6,5
India,Delhi,Delhi,"CRRI Mathura Road, Delhi - IMD","15-04-2026 11:00:00",28.5512005,77.2735737,PM2.5,28,341,191
India,Delhi,Delhi,"Cantonment Area, Delhi - DPCC ","15-04-2026 11:00:00","28.594169 ","77.125100 ",PM2.5,18,50,37
India,Delhi,Delhi,"Cantonment Area, Delhi - DPCC ","15-04-2026 11:00:00","28.594169 ","77.125100 ",NO2,9,138,73
India,Delhi,Delhi,"Lodhi Road, Delhi - IMD","15-04-2026 11:00:00",28.5918245,77.2273074,PM2.5,26,357,121
India,Delhi,Delhi,"Lodhi Road, Delhi - IMD","15-04-2026 11:00:00",28.5918245,77.2273074,CO,13,61,48
India,Delhi,Delhi,"Major Dhyan Chand National Stadium, Delhi - DPCC","15-04-2026 11:00:00",28.611281,77.237738,NO2,21,152,95
India,Delhi,Delhi,"Mandir Marg, Delhi - DPCC","15-04-2026 11:00:00",28.636429,77.201067,PM2.5,82,342,182
India,Delhi,Delhi,"Mandir Marg, Delhi - DPCC","15-04-2026 11:00:00",28.636429,77.201067,PM10,86,340,154
India,Delhi,Delhi,"Mundka, Delhi - DPCC","15-04-2026 11:00:00",28.684678,77.076574,NO2,25,100,72
India,Delhi,Delhi,"Mundka, Delhi - DPCC","15-04-2026 11:00:00",28.684678,77.076574,OZONE,4,30,22
India,Delhi,Delhi,"NSIT Dwarka, Delhi - CPCB","15-04-2026 11:00:00",28.60909,77.0325413,PM10,102,236,156
India,Delhi,Delhi,"NSIT Dwarka, Delhi - CPCB","15-04-2026 11:00:00",28.60909,77.0325413,NO2,83,206,140
India,Delhi,Delhi,"NSIT Dwarka, Delhi - CPCB","15-04-2026 11:00:00",28.60909,77.0325413,CO,22,69,66
India,Delhi,Delhi,"NSUT Jaffarpur, Delhi - DPCC","15-04-2026 11:00:00","28.594004 ","76.909423 ",PM2.5,4,409,191
India,Delhi,Delhi,"NSUT Jaffarpur, Delhi - DPCC","15-04-2026 11:00:00","28.594004 ","76.909423 ",PM10,25,418,225
India,Delhi,Delhi,"NSUT Jaffarpur, Delhi - DPCC","15-04-2026 11:00:00","28.594004 ","76.909423 ",NO2,6,123,62
India,Delhi,Delhi,"Narela, Delhi - DPCC","15-04-2026 11:00:00",28.822836,77.101981,PM10,90,411,245
India,Delhi,Delhi,"Narela, Delhi - DPCC","15-04-2026 11:00:00",28.822836,77.101981,SO2,2,25,8
India,Delhi,Delhi,"Dwarka-Sector 8, Delhi - DPCC ","15-04-2026 11:00:00",28.5710274,77.0719006,OZONE,11,64,20
India,Delhi,Delhi,"IGI Airport (T3), Delhi - IMD","15-04-2026 11:00:00",28.5627763,77.1180053,PM2.5,30,372,140
India,Delhi,Delhi,"IGI Airport (T3), Delhi - IMD","15-04-2026 11:00:00",28.5627763,77.1180053,OZONE,19,93,35
India,Delhi,Delhi,"IGNOU_Maidan Garhi, Delhi - DPCC","15-04-2026 11:00:00","28.493624 ","77.201159 ",NO2,7,161,72
India,Delhi,Delhi,"IHBAS, Dilshad Garden, Delhi - CPCB","15-04-2026 11:00:00",28.6811736,77.3025234,PM10,94,339,159
India,Delhi,Delhi,"ITO, Delhi - CPCB","15-04-2026 11:00:00",28.628624,77.241060,OZONE,19,82,33
India,Delhi,Delhi,"JNU, Delhi - DPCC","15-04-2026 11:00:00","28.540721 ","77.168544 ",NO2,6,88,45
India,Delhi,Delhi,"JNU, Delhi - DPCC","15-04-2026 11:00:00","28.540721 ","77.168544 ",OZONE,2,66,22
India,Delhi,Delhi,"Jahangirpuri, Delhi - DPCC","15-04-2026 11:00:00",28.732820,77.170633,PM10,108,475,277
India,Delhi,Delhi,"Commonwealth Sports Complex, Delhi - DPCC","15-04-2026 11:00:00","28.615828 ","77.271992 ",NO2,11,165,96
India,Delhi,Delhi,"DTU, Delhi - CPCB","15-04-2026 11:00:00",28.7500499,77.1112615,PM2.5,23,439,190
India,Delhi,Delhi,"DTU, Delhi - CPCB","15-04-2026 11:00:00",28.7500499,77.1112615,PM10,70,336,166
India,Delhi,Delhi,"North Campus, DU, Delhi - IMD","15-04-2026 11:00:00",28.6573814,77.1585447,NO2,6,112,56
India,Delhi,Delhi,"Jahangirpuri, Delhi - DPCC","15-04-2026 11:00:00",28.732820,77.170633,NO2,29,120,76
India,Delhi,Delhi,"IIT Delhi, Delhi - IITM","15-04-2026 11:00:00",28.542460,77.191651,PM2.5,45,332,93
India,Gujarat,Ahmedabad,"Maninagar, Ahmedabad - GPCB","15-04-2026 11:00:00",23.002657,72.591912,PM2.5,45,323,103
India,Gujarat,Ahmedabad,"Raikhad, Ahmedabad - IITM","15-04-2026 11:00:00",23.020509,72.579261,PM10,105,171,133
India,Gujarat,Ahmedabad,"Raikhad, Ahmedabad - IITM","15-04-2026 11:00:00",23.020509,72.579261,NO2,12,106,31
India,Gujarat,Ahmedabad,"Raikhad, Ahmedabad - IITM","15-04-2026 11:00:00",23.020509,72.579261,OZONE,6,45,16
India,Gujarat,Ahmedabad,"Rakhial, Ahmedabad - IITM","15-04-2026 11:00:00",23.016834,72.625775,NH3,2,4,3
India,Gujarat,Ahmedabad,"Rakhial, Ahmedabad - IITM","15-04-2026 11:00:00",23.016834,72.625775,CO,22,91,43
India,Gujarat,Ahmedabad,"Rakhial, Ahmedabad - IITM","15-04-2026 11:00:00",23.016834,72.625775,OZONE,1,73,10
India,Delhi,Delhi,"R K Puram, Delhi - DPCC","15-04-2026 11:00:00",28.563262,77.186937,CO,8,127,50
India,Delhi,Delhi,"Rohini, Delhi - DPCC","15-04-2026 11:00:00",28.732528,77.119920,NO2,6,104,54
India,Delhi,Delhi,"Shadipur, Delhi - CPCB","15-04-2026 11:00:00",28.6514781,77.1473105,PM2.5,148,419,281
India,Delhi,Delhi,"Sirifort, Delhi - CPCB","15-04-2026 11:00:00",28.5504249,77.2159377,PM10,91,411,196
India,Delhi,Delhi,"Sirifort, Delhi - CPCB","15-04-2026 11:00:00",28.5504249,77.2159377,SO2,27,38,31
India,Gujarat,Gandhinagar,"GIFT City, Gandhinagar - IITM","15-04-2026 11:00:00",23.163798,72.677768,NH3,4,12,6
India,Gujarat,Gandhinagar,"GIFT City, Gandhinagar - IITM","15-04-2026 11:00:00",23.163798,72.677768,SO2,3,36,12
India,Gujarat,Gandhinagar,"IIPHG Lekawada, Gandhinagar - IITM","15-04-2026 11:00:00",23.243639,72.68994,NO2,6,22,12
India,Gujarat,Gandhinagar,"Sector-10, Gandhinagar - GPCB","15-04-2026 11:00:00",23.221714,72.654328,PM10,84,137,110
India,Delhi,Delhi,"Pusa, Delhi - DPCC","15-04-2026 11:00:00",28.639652,77.146275,PM10,116,405,194
India,Delhi,Delhi,"Pusa, Delhi - DPCC","15-04-2026 11:00:00",28.639652,77.146275,NH3,6,27,15
India,Delhi,Delhi,"Pusa, Delhi - IMD","15-04-2026 11:00:00",28.636110,77.173332,CO,103,137,118
India,Delhi,Delhi,"R K Puram, Delhi - DPCC","15-04-2026 11:00:00",28.563262,77.186937,PM10,77,413,215
India,Gujarat,Ankleshwar,"GIDC, Ankleshwar - GPCB","15-04-2026 11:00:00",21.613267,73.010555,NO2,30,32,31
India,Gujarat,Bhavnagar,"Vidhyanagar, Bhavnagar - Nexteng Enviro","15-04-2026 11:00:00",21.755417,72.139056,PM10,71,119,103
India,Gujarat,Bhavnagar,"Vidhyanagar, Bhavnagar - Nexteng Enviro","15-04-2026 11:00:00",21.755417,72.139056,SO2,5,7,6
India,Delhi,Delhi,"Sonia Vihar, Delhi - DPCC","15-04-2026 11:00:00",28.710508,77.249485,PM2.5,30,500,227
India,Delhi,Delhi,"Sonia Vihar, Delhi - DPCC","15-04-2026 11:00:00",28.710508,77.249485,PM10,76,500,330
India,Delhi,Delhi,"Vivek Vihar, Delhi - DPCC","15-04-2026 11:00:00",28.672342,77.315260,PM10,96,336,185
India,Delhi,Delhi,"Vivek Vihar, Delhi - DPCC","15-04-2026 11:00:00",28.672342,77.315260,NH3,7,9,8
India,Gujarat,Ahmedabad,"Chandkheda, Ahmedabad - IITM","15-04-2026 11:00:00",23.107969,72.574648,NO2,5,41,19
India,Gujarat,Ahmedabad,"Chandkheda, Ahmedabad - IITM","15-04-2026 11:00:00",23.107969,72.574648,OZONE,10,73,22
India,Delhi,Delhi,"Okhla Phase-2, Delhi - DPCC","15-04-2026 11:00:00",28.530785,77.271255,PM10,80,358,188
India,Delhi,Delhi,"Okhla Phase-2, Delhi - DPCC","15-04-2026 11:00:00",28.530785,77.271255,NO2,32,186,112
India,Delhi,Delhi,"Punjabi Bagh, Delhi - DPCC","15-04-2026 11:00:00",28.674045,77.131023,PM2.5,20,444,205
India,Haryana,Fatehabad,"Huda Sector, Fatehabad - HSPCB","15-04-2026 11:00:00",29.503664,75.467934,SO2,NA,NA,NA
India,Haryana,Fatehabad,"Huda Sector, Fatehabad - HSPCB","15-04-2026 11:00:00",29.503664,75.467934,OZONE,18,31,25
India,Haryana,Gurugram,"NISE Gwal Pahari, Gurugram - IMD","15-04-2026 11:00:00",28.422681,77.148944,PM10,87,428,200
India,Haryana,Gurugram,"Sector-51, Gurugram - HSPCB","15-04-2026 11:00:00",28.4227,77.0667,PM10,12,444,238
India,Haryana,Gurugram,"Sector-51, Gurugram - HSPCB","15-04-2026 11:00:00",28.4227,77.0667,NH3,6,10,8
India,Haryana,Gurugram,"Sector-51, Gurugram - HSPCB","15-04-2026 11:00:00",28.4227,77.0667,OZONE,7,34,15
India,Haryana,Gurugram,"Teri Gram, Gurugram - HSPCB","15-04-2026 11:00:00",28.4275,77.1465,PM2.5,129,238,202
India,Haryana,Gurugram,"Teri Gram, Gurugram - HSPCB","15-04-2026 11:00:00",28.4275,77.1465,PM10,110,136,119
India,Haryana,Gurugram,"Teri Gram, Gurugram - HSPCB","15-04-2026 11:00:00",28.4275,77.1465,NO2,37,76,51
India,Gujarat,Gandhinagar,"Sector-10, Gandhinagar - GPCB","15-04-2026 11:00:00",23.221714,72.654328,CO,12,38,34
India,Gujarat,Gandhinagar,"Sector-10, Gandhinagar - GPCB","15-04-2026 11:00:00",23.221714,72.654328,OZONE,6,31,11
India,Gujarat,Mehsana,"Sadanand Nagar, Mehsana - Nexteng Enviro","15-04-2026 11:00:00",23.593150,72.372792,CO,52,63,56
India,Gujarat,Mehsana,"Sadanand Nagar, Mehsana - Nexteng Enviro","15-04-2026 11:00:00",23.593150,72.372792,OZONE,9,15,11
India,Gujarat,Nandesari,"GIDC, Nandesari - Nandesari Ind. Association","15-04-2026 11:00:00",22.410802,73.097923,PM2.5,39,319,104
India,Gujarat,Nandesari,"GIDC, Nandesari - Nandesari Ind. Association","15-04-2026 11:00:00",22.410802,73.097923,SO2,3,78,9
India,Gujarat,Rajkot,"Mavdi, Rajkot - Nexteng Enviro ","15-04-2026 11:00:00",22.248853,70.776774,PM10,47,128,73
India,Haryana,Gurugram,"Vikas Sadan, Gurugram - HSPCB","15-04-2026 11:00:00",28.4501238,77.0263051,SO2,2,7,5
India,Haryana,Gurugram,"Vikas Sadan, Gurugram - HSPCB","15-04-2026 11:00:00",28.4501238,77.0263051,CO,66,114,98
India,Haryana,Hisar,"Urban Estate-II, Hisar - HSPCB","15-04-2026 11:00:00",29.140560,75.744941,SO2,1,17,11
India,Haryana,Jind,"Police Lines, Jind - HSPCB","15-04-2026 11:00:00",29.307814,76.337619,NH3,4,6,5
India,Haryana,Ambala,"Patti Mehar, Ambala - HSPCB","15-04-2026 11:00:00",30.379589,76.778328,NH3,7,8,8
India,Haryana,Bahadurgarh,"Arya Nagar, Bahadurgarh - HSPCB","15-04-2026 11:00:00",28.6701,76.9254,OZONE,21,26,25
India,Haryana,Ballabgarh,"Nathu Colony, Ballabgarh - HSPCB","15-04-2026 11:00:00",28.3419248,77.319699,OZONE,3,80,16
India,Haryana,Dharuhera,"Municipal Corporation Office, Dharuhera -  HSPCB","15-04-2026 11:00:00",28.206800,76.799700,NH3,9,26,19
India,Haryana,Faridabad,"New Industrial Town, Faridabad - HSPCB","15-04-2026 11:00:00",28.39072,77.30059,NO2,23,26,25
India,Haryana,Faridabad,"New Industrial Town, Faridabad - HSPCB","15-04-2026 11:00:00",28.39072,77.30059,OZONE,12,18,16
India,Gujarat,Surat,"Katargam, Surat - Nexteng Enviro","15-04-2026 11:00:00","21.217779 ","72.834787 ",SO2,5,19,10
India,Gujarat,Surat,"Katargam, Surat - Nexteng Enviro","15-04-2026 11:00:00","21.217779 ","72.834787 ",CO,36,46,40
India,Gujarat,Surat,"Science Center, Surat - SMC","15-04-2026 11:00:00",21.170046,72.795405,CO,22,48,42
India,Haryana,Faridabad,"Sector 11, Faridabad - HSPCB","15-04-2026 11:00:00",28.376058,77.315741,SO2,3,99,7
India,Haryana,Faridabad,"Sector 11, Faridabad - HSPCB","15-04-2026 11:00:00",28.376058,77.315741,CO,38,41,40
India,Haryana,Faridabad,"Sector 30, Faridabad - HSPCB","15-04-2026 11:00:00",28.4417,77.3217,PM10,60,331,86
India,Haryana,Faridabad,"Sector 30, Faridabad - HSPCB","15-04-2026 11:00:00",28.4417,77.3217,OZONE,10,10,10
India,Gujarat,Surat,"Katargam, Surat - Nexteng Enviro","15-04-2026 11:00:00","21.217779 ","72.834787 ",NH3,NA,NA,NA
India,Haryana,Sirsa,"F-Block, Sirsa - HSPCB","15-04-2026 11:00:00",29.536400,75.015800,NO2,15,158,25
India,Haryana,Sirsa,"F-Block, Sirsa - HSPCB","15-04-2026 11:00:00",29.536400,75.015800,NH3,12,14,13
India,Haryana,Sirsa,"F-Block, Sirsa - HSPCB","15-04-2026 11:00:00",29.536400,75.015800,SO2,1,59,12
India,Haryana,Sonipat,"Murthal, Sonipat - HSPCB","15-04-2026 11:00:00",29.027200,77.062100,NO2,12,13,12
India,Haryana,Sonipat,"Murthal, Sonipat - HSPCB","15-04-2026 11:00:00",29.027200,77.062100,CO,50,68,59
India,Haryana,Sonipat,"Murthal, Sonipat - HSPCB","15-04-2026 11:00:00",29.027200,77.062100,OZONE,25,26,26
India,Haryana,"Yamuna Nagar","Gobind Pura, Yamuna Nagar - HSPCB","15-04-2026 11:00:00",30.1480566,77.2893471,NH3,1,6,4
India,Haryana,Jind,"Police Lines, Jind - HSPCB","15-04-2026 11:00:00",29.307814,76.337619,CO,6,80,20
India,Haryana,Kaithal,"Rishi Nagar, Kaithal - HSPCB","15-04-2026 11:00:00",29.8006,76.4155,NH3,4,6,6
India,Haryana,Kaithal,"Rishi Nagar, Kaithal - HSPCB","15-04-2026 11:00:00",29.8006,76.4155,SO2,46,69,58
India,Haryana,Karnal,"Sector-12, Karnal - HSPCB","15-04-2026 11:00:00",29.695300,77.002700,OZONE,3,56,24
India,Haryana,Kurukshetra,"Sector-7, Kurukshetra - HSPCB","15-04-2026 11:00:00",29.966942,76.875879,NO2,4,4,4
India,Haryana,Kurukshetra,"Sector-7, Kurukshetra - HSPCB","15-04-2026 11:00:00",29.966942,76.875879,OZONE,17,45,23
India,Karnataka,Bengaluru,"Hombegowda Nagar, Bengaluru - KSPCB","15-04-2026 11:00:00",12.938539,77.590100,PM2.5,55,155,87
India,Karnataka,Bengaluru,"Jayanagar 5th Block, Bengaluru - KSPCB","15-04-2026 11:00:00",12.920984,77.584908,PM2.5,47,105,84
India,Karnataka,Bengaluru,"Jayanagar 5th Block, Bengaluru - KSPCB","15-04-2026 11:00:00",12.920984,77.584908,NH3,NA,NA,NA
India,Karnataka,Bengaluru,"Jayanagar 5th Block, Bengaluru - KSPCB","15-04-2026 11:00:00",12.920984,77.584908,CO,6,51,12
India,Karnataka,Bengaluru,"Jigani, Bengaluru - KSPCB","15-04-2026 11:00:00",12.7816279,77.6299145,NO2,18,19,18
India,Karnataka,Bengaluru,"Jigani, Bengaluru - KSPCB","15-04-2026 11:00:00",12.7816279,77.6299145,CO,28,28,28
India,Haryana,Panchgaon,"Amity University, Panchgaon - IITM","15-04-2026 11:00:00",28.3153,76.9143,NH3,2,13,5
India,Haryana,Panchgaon,"Amity University, Panchgaon - IITM","15-04-2026 11:00:00",28.3153,76.9143,SO2,1,39,17
India,Haryana,Panchkula,"Sector-6, Panchkula - HSPCB ","15-04-2026 11:00:00",30.7057778,76.8531805555555,NO2,22,25,24
India,Haryana,Panipat,"Sector-18, Panipat - HSPCB","15-04-2026 11:00:00",29.432304,76.972765,PM2.5,33,79,56
India,Karnataka,Bagalkot,"Vidayagiri, Bagalkot - KSPCB","15-04-2026 11:00:00",16.172806,75.659694,PM10,53,54,53
India,Karnataka,Bagalkot,"Vidayagiri, Bagalkot - KSPCB","15-04-2026 11:00:00",16.172806,75.659694,NO2,11,12,12
India,Karnataka,Bengaluru,"BWSSB Kadabesanahalli, Bengaluru - CPCB","15-04-2026 11:00:00",12.9352049,77.6814488,NO2,NA,NA,NA
India,Karnataka,Bengaluru,"BWSSB Kadabesanahalli, Bengaluru - CPCB","15-04-2026 11:00:00",12.9352049,77.6814488,NH3,NA,NA,NA
India,Karnataka,Bengaluru,"BWSSB Kadabesanahalli, Bengaluru - CPCB","15-04-2026 11:00:00",12.9352049,77.6814488,CO,31,60,32
India,Haryana,Rohtak,"MD University, Rohtak - HSPCB","15-04-2026 11:00:00",28.52123,76.37138,PM2.5,8,310,67
India,Haryana,Rohtak,"MD University, Rohtak - HSPCB","15-04-2026 11:00:00",28.52123,76.37138,PM10,6,144,39
India,Haryana,Rohtak,"MD University, Rohtak - HSPCB","15-04-2026 11:00:00",28.52123,76.37138,NO2,10,13,11
India,Haryana,Sirsa,"F-Block, Sirsa - HSPCB","15-04-2026 11:00:00",29.536400,75.015800,PM2.5,29,145,60
India,Haryana,Manesar,"Sector-2 IMT, Manesar - HSPCB","15-04-2026 11:00:00",28.360699,76.936090,OZONE,10,49,23
India,Haryana,Narnaul,"Shastri Nagar, Narnaul - HSPCB","15-04-2026 11:00:00",28.060249,76.113115,PM10,88,173,123
India,Haryana,Narnaul,"Shastri Nagar, Narnaul - HSPCB","15-04-2026 11:00:00",28.060249,76.113115,CO,26,58,50
India,Jammu_and_Kashmir,Pampore,"Khrew, Pampore - JKPCC","15-04-2026 11:00:00",34.031606,75.009712,PM2.5,21,84,50
India,Jharkhand,Dhanbad,"Sardar Patel Nagar, Dhanbad - JSPCB","15-04-2026 11:00:00",23.80569,86.44268,PM2.5,NA,NA,NA
India,Karnataka,Bengaluru,"Bapuji Nagar, Bengaluru - KSPCB","15-04-2026 11:00:00",12.951913,77.539784,CO,2,36,27
India,Karnataka,Bengaluru,"Bapuji Nagar, Bengaluru - KSPCB","15-04-2026 11:00:00",12.951913,77.539784,OZONE,23,74,33
India,"Madhya Pradesh",Jabalpur,"Govindh Bhavan Colony, Jabalpur - JMC","15-04-2026 11:00:00",23.163174,79.973061,SO2,1,4,3
India,"Madhya Pradesh",Jabalpur,"Marhatal, Jabalpur - MPPCB","15-04-2026 11:00:00",23.168606,79.932247,PM2.5,22,190,80
India,"Madhya Pradesh",Jabalpur,"Marhatal, Jabalpur - MPPCB","15-04-2026 11:00:00",23.168606,79.932247,NO2,36,81,52
India,"Madhya Pradesh",Jabalpur,"Suhagi, Jabalpur - JMC","15-04-2026 11:00:00",23.218135,79.957770,PM2.5,10,117,54
India,"Madhya Pradesh",Jabalpur,"Suhagi, Jabalpur - JMC","15-04-2026 11:00:00",23.218135,79.957770,NH3,5,6,5
India,"Madhya Pradesh",Jabalpur,"Suhagi, Jabalpur - JMC","15-04-2026 11:00:00",23.218135,79.957770,SO2,10,19,15
India,"Madhya Pradesh",Jabalpur,"Suhagi, Jabalpur - JMC","15-04-2026 11:00:00",23.218135,79.957770,CO,30,124,51
India,"Madhya Pradesh",Katni,"Gole Bazar, Katni - MPPCB","15-04-2026 11:00:00",23.50016,80.23284,PM2.5,18,93,52
India,"Madhya Pradesh",Mandideep,"Sector-D Industrial Area, Mandideep - MPPCB","15-04-2026 11:00:00",23.108440,77.511428,PM10,78,253,117
India,Karnataka,Shivamogga,"Vinoba Nagara, Shivamogga - KSPCB","15-04-2026 11:00:00",13.940000,75.555917,NH3,2,3,3
India,Karnataka,Shivamogga,"Vinoba Nagara, Shivamogga - KSPCB","15-04-2026 11:00:00",13.940000,75.555917,SO2,2,7,4
India,Karnataka,Shivamogga,"Vinoba Nagara, Shivamogga - KSPCB","15-04-2026 11:00:00",13.940000,75.555917,OZONE,30,82,45
India,Karnataka,Tumakuru,"Thimmalapura, Tumakuru - KSPCB","15-04-2026 11:00:00",13.377516,77.099072,PM10,NA,NA,NA
India,Karnataka,Yadgir,"Collector Office, Yadgir - KSPCB","15-04-2026 11:00:00",16.7602,77.1428,PM2.5,60,102,86
India,Karnataka,Yadgir,"Collector Office, Yadgir - KSPCB","15-04-2026 11:00:00",16.7602,77.1428,NO2,6,15,11
India,Karnataka,Yadgir,"Collector Office, Yadgir - KSPCB","15-04-2026 11:00:00",16.7602,77.1428,SO2,1,24,10
India,Kerala,Kannur,"Thavakkara, Kannur - Kerala PCB","15-04-2026 11:00:00",11.875000,75.373200,NO2,16,16,16
India,Karnataka,Kalaburagi,"Mahatma Basaveswar Colony, Kalaburgi - KSPCB","15-04-2026 11:00:00",17.336318,76.847397,OZONE,14,18,15
India,Karnataka,Madikeri,"Stuart Hill, Madikeri - KSPCB","15-04-2026 11:00:00",12.415911,75.735050,PM10,25,57,39
India,Karnataka,Mangalore,"Kadri, Mangalore - KSPCB","15-04-2026 11:00:00",12.889250,74.853000,NO2,5,8,7
India,Karnataka,Mysuru,"Hebbal 1st Stage, Mysuru - KSPCB","15-04-2026 11:00:00",12.21041,76.37376,PM2.5,19,39,31
India,Karnataka,Shivamogga,"Vinoba Nagara, Shivamogga - KSPCB","15-04-2026 11:00:00",13.940000,75.555917,PM10,41,62,50
India,Karnataka,Bengaluru,"Peenya, Bengaluru - CPCB","15-04-2026 11:00:00",13.0270199,77.494094,NH3,2,6,4
India,Karnataka,Bengaluru,"Peenya, Bengaluru - CPCB","15-04-2026 11:00:00",13.0270199,77.494094,CO,56,141,67
India,Karnataka,Bengaluru,"RVCE-Mailasandra, Bengaluru - KSPCB","15-04-2026 11:00:00",12.921418,77.502466,PM2.5,NA,NA,NA
India,Karnataka,Bengaluru,"Sanegurava Halli, Bengaluru - KSPCB","15-04-2026 11:00:00",12.990328,77.5431385,NO2,NA,NA,NA
India,Karnataka,Bengaluru,"Silk Board, Bengaluru - KSPCB","15-04-2026 11:00:00",12.917348,77.622813,PM10,82,135,109
India,Karnataka,Bengaluru,"Silk Board, Bengaluru - KSPCB","15-04-2026 11:00:00",12.917348,77.622813,NO2,8,27,13
India,Karnataka,Bengaluru,"Silk Board, Bengaluru - KSPCB","15-04-2026 11:00:00",12.917348,77.622813,NH3,1,3,1
India,"Madhya Pradesh",Bhopal,"Idgah Hills, Bhopal - MPPCB","15-04-2026 11:00:00",23.264759,77.381568,OZONE,9,77,32
India,"Madhya Pradesh",Bhopal,"Paryavaran Parisar, Bhopal - MPPCB","15-04-2026 11:00:00",23.210494,77.425409,NH3,6,8,7
India,"Madhya Pradesh",Damoh,"Shrivastav Colony, Damoh - MPPCB","15-04-2026 11:00:00",23.81748678,79.446246,SO2,NA,NA,NA
India,"Madhya Pradesh",Gwalior,"City Center, Gwalior - MPPCB","15-04-2026 11:00:00",26.203442,78.193251,NH3,3,5,4
India,"Madhya Pradesh",Gwalior,"City Center, Gwalior - MPPCB","15-04-2026 11:00:00",26.203442,78.193251,SO2,5,14,12
India,Kerala,Kannur,"Thavakkara, Kannur - Kerala PCB","15-04-2026 11:00:00",11.875000,75.373200,CO,15,21,20
India,Kerala,Kollam,"Polayathode, Kollam - Kerala PCB","15-04-2026 11:00:00",8.8787,76.6073,NH3,1,1,1
India,Kerala,Thiruvananthapuram,"Kariavattom, Thiruvananthapuram - Kerala PCB","15-04-2026 11:00:00",8.563700,76.886500,OZONE,30,31,30
India,"Madhya Pradesh",Bhopal,"Idgah Hills, Bhopal - MPPCB","15-04-2026 11:00:00",23.264759,77.381568,NO2,20,80,39
India,"Madhya Pradesh",Indore,"Chhoti Gwaltoli, Indore - MPPCB","15-04-2026 11:00:00",22.4310,75.5213,NO2,36,162,83
India,"Madhya Pradesh",Indore,"Maguda Nagar, Indore - IMC","15-04-2026 11:00:00",22.7524,75.8872,PM2.5,10,69,48
India,"Madhya Pradesh",Indore,"Maguda Nagar, Indore - IMC","15-04-2026 11:00:00",22.7524,75.8872,PM10,9,64,50
India,"Madhya Pradesh",Indore,"Residency Area, Indore - IMC","15-04-2026 11:00:00",22.7084,75.8815,PM2.5,10,95,55
India,"Madhya Pradesh",Gwalior,"Deen Dayal Nagar, Gwalior - MPPCB","15-04-2026 11:00:00",26.259242,78.216432,CO,10,90,70
India,"Madhya Pradesh",Gwalior,"Maharaj Bada, Gwalior - MPPCB","15-04-2026 11:00:00",26.200388,78.147714,NO2,29,68,40
India,"Madhya Pradesh",Indore,"Airport Area, Indore - IMC","15-04-2026 11:00:00",22.7289,75.8076,PM10,50,135,84
India,Karnataka,Chamarajanagar,"Urban, Chamarajanagar - KSPCB","15-04-2026 11:00:00",11.55358,76.55521,NH3,1,2,2
India,Karnataka,Hubballi,"Lingaraj Nagar, Hubballi - KSPCB","15-04-2026 11:00:00",15.3714823,75.1160168,PM10,54,58,57
India,Maharashtra,Kolhapur,"Shivaji University, Kolhapur - MPCB","15-04-2026 11:00:00",16.6870449,74.2505872,NO2,22,67,45
India,Maharashtra,Kolhapur,"Sinchan Bhavan, Kolhapur - MPCB","15-04-2026 11:00:00",16.7143745,74.2426398,SO2,NA,NA,NA
India,Maharashtra,Kolhapur,"Sinchan Bhavan, Kolhapur - MPCB","15-04-2026 11:00:00",16.7143745,74.2426398,OZONE,25,25,25
India,Maharashtra,Latur,"Sawe Wadi, Latur - MPCB","15-04-2026 11:00:00",18.39963,76.57452,PM10,43,98,67
India,Maharashtra,Mahad,"Kamble Tarf Birwadi, Mahad - MPCB","15-04-2026 11:00:00",18.1023399,73.4783687,PM2.5,52,127,75
India,Maharashtra,Mahad,"Kamble Tarf Birwadi, Mahad - MPCB","15-04-2026 11:00:00",18.1023399,73.4783687,NH3,3,10,6
India,Maharashtra,Malegaon,"Mahesh Nagar, Malegaon - MPCB","15-04-2026 11:00:00",20.555712,74.529236,PM10,40,169,88
India,Maharashtra,Malegaon,"Mahesh Nagar, Malegaon - MPCB","15-04-2026 11:00:00",20.555712,74.529236,CO,7,53,24
India,Maharashtra,Amravati,"Shivneri Colony, Amravati - MPCB","15-04-2026 11:00:00",20.9402359,77.7895248,OZONE,2,88,30
India,Maharashtra,Amravati,"Shri Shivaji Science College, Amravati - MPCB","15-04-2026 11:00:00",20.939198,77.765701,PM2.5,50,101,72
India,Maharashtra,Aurangabad,"More Chowk Waluj, Aurangabad - MPCB","15-04-2026 11:00:00",19.8389439,75.244448,PM10,41,75,54
India,Maharashtra,Aurangabad,"Rachnakar Colony, Aurangabad - MPCB","15-04-2026 11:00:00",19.863756,75.321188,PM2.5,34,74,51
India,Maharashtra,Aurangabad,"Rachnakar Colony, Aurangabad - MPCB","15-04-2026 11:00:00",19.863756,75.321188,NH3,2,3,2
India,Maharashtra,Aurangabad,"Rachnakar Colony, Aurangabad - MPCB","15-04-2026 11:00:00",19.863756,75.321188,SO2,7,40,19
India,Maharashtra,Aurangabad,"Rachnakar Colony, Aurangabad - MPCB","15-04-2026 11:00:00",19.863756,75.321188,OZONE,14,90,34
India,Maharashtra,Badlapur,"Katrap, Badlapur - MPCB","15-04-2026 11:00:00",19.16485,73.23409,PM2.5,29,91,59
India,"Madhya Pradesh",Ujjain,"Mahashweta Nagar, Ujjain - MPPCB","15-04-2026 11:00:00",23.1633321,75.800225,PM10,NA,NA,NA
India,Maharashtra,Ahmednagar,"Tarakpur, Ahmednagar - MPCB","15-04-2026 11:00:00",19.10122,74.73339,NO2,16,26,21
India,Maharashtra,Ahmednagar,"Tarakpur, Ahmednagar - MPCB","15-04-2026 11:00:00",19.10122,74.73339,CO,12,107,27
India,Maharashtra,Akola,"Ramdaspeth, Akola - MPCB","15-04-2026 11:00:00",20.719516,77.000253,NO2,5,83,18
India,Maharashtra,Akola,"Ramdaspeth, Akola - MPCB","15-04-2026 11:00:00",20.719516,77.000253,NH3,4,14,6
India,Maharashtra,Akola,"Ramdaspeth, Akola - MPCB","15-04-2026 11:00:00",20.719516,77.000253,SO2,9,39,25
India,Maharashtra,Akola,"Ramdaspeth, Akola - MPCB","15-04-2026 11:00:00",20.719516,77.000253,CO,18,41,18
India,Maharashtra,Ambernath,"Chinchpada, Ambernath - MPCB","15-04-2026 11:00:00",19.2157840,73.1997810,PM10,48,109,68
India,Maharashtra,Mira-Bhayandar,"Bhayandar West, Mira-Bhayandar - MPCB","15-04-2026 11:00:00",19.296481,72.840923,NO2,12,52,22
India,Maharashtra,Mira-Bhayandar,"Bhayandar West, Mira-Bhayandar - MPCB","15-04-2026 11:00:00",19.296481,72.840923,SO2,8,10,9
India,Maharashtra,Mumbai,"Bandra Kurla Complex, Mumbai - IITM","15-04-2026 11:00:00",19.053536,72.84643,OZONE,1,53,7
India,Maharashtra,Mumbai,"Bandra Kurla Complex, Mumbai - MPCB","15-04-2026 11:00:00",19.065931,72.862131,NO2,12,32,20
India,Maharashtra,Mumbai,"Borivali East, Mumbai - IITM","15-04-2026 11:00:00",19.23241,72.86895,PM10,45,177,112
India,Maharashtra,Mumbai,"Borivali East, Mumbai - IITM","15-04-2026 11:00:00",19.23241,72.86895,CO,7,60,44
India,Maharashtra,Mumbai,"Borivali East, Mumbai - MPCB","15-04-2026 11:00:00",19.2243333,72.8658113,NH3,1,18,7
India,"Madhya Pradesh",Ratlam,"Shasthri Nagar, Ratlam - IPCA Lab","15-04-2026 11:00:00",23.331731,75.045981,SO2,41,48,43
India,"Madhya Pradesh",Sagar,"Civil Lines, Sagar - MPPCB","15-04-2026 11:00:00",23.838586,78.759431,NH3,1,4,2
India,"Madhya Pradesh",Sagar,"Civil Lines, Sagar - MPPCB","15-04-2026 11:00:00",23.838586,78.759431,CO,12,52,35
India,"Madhya Pradesh",Satna,"Bandhavgar Colony, Satna - Birla Cement","15-04-2026 11:00:00",24.58434363,80.8549414,PM10,70,71,70
India,Maharashtra,Boisar,"Khaira, Boisar - MPCB","15-04-2026 11:00:00",19.786089,72.757971,SO2,22,27,26
India,Maharashtra,Chandrapur,"Chauhan Colony, Chandrapur - MPCB","15-04-2026 11:00:00",19.962900,79.298714,NH3,NA,NA,NA
India,Maharashtra,Dhule,"Deopur, Dhule - MPCB","15-04-2026 11:00:00",20.918946,74.776388,PM2.5,35,63,48
India,Maharashtra,Dombivli,"Kalu Nagar, Dombivli - MPCB","15-04-2026 11:00:00","19.2268427 ","73.0788456 ",SO2,1,19,6
India,Maharashtra,Badlapur,"Katrap, Badlapur - MPCB","15-04-2026 11:00:00",19.16485,73.23409,NH3,4,7,6
India,Maharashtra,Beed,"Bir, Beed - MPCB","15-04-2026 11:00:00",18.988474,75.753873,NH3,3,6,5
India,Maharashtra,Belapur,"CBD Belapur, Belapur - MPCB","15-04-2026 11:00:00",19.0243902,73.0406721,NO2,29,119,65
India,Maharashtra,Boisar,"Khaira, Boisar - MPCB","15-04-2026 11:00:00",19.786089,72.757971,NH3,6,7,7
India,Maharashtra,Jalgaon,"Prabhat Colony, Jalgaon - MPCB","15-04-2026 11:00:00",21.001264,75.565602,SO2,3,21,11
India,Maharashtra,Jalna,"Old MIDC, Jalna - MPCB","15-04-2026 11:00:00",19.854616,75.905894,NO2,NA,NA,NA
India,Maharashtra,Kalyan,"Khadakpada, Kalyan - MPCB","15-04-2026 11:00:00",19.25292,73.142019,NH3,NA,NA,NA
India,"Madhya Pradesh",Satna,"Bandhavgar Colony, Satna - Birla Cement","15-04-2026 11:00:00",24.58434363,80.8549414,NO2,12,13,12
India,"Madhya Pradesh",Singrauli,"Suryakiran Bhawan NCL, Singrauli - MPPCB","15-04-2026 11:00:00",24.108970,82.645580,SO2,29,75,48
India,Maharashtra,Mumbai,"Colaba, Mumbai - MPCB","15-04-2026 11:00:00",18.910000,72.820000,CO,70,84,72
India,Maharashtra,Mumbai,"Deonar, Mumbai - IITM","15-04-2026 11:00:00",19.04946,72.9230,PM10,NA,NA,NA
India,Maharashtra,Mumbai,"Deonar, Mumbai - IITM","15-04-2026 11:00:00",19.04946,72.9230,OZONE,3,91,34
India,Maharashtra,Mumbai,"Ghatkopar, Mumbai - BMC","15-04-2026 11:00:00",19.083694,72.920967,NO2,2,43,17
India,Maharashtra,Mumbai,"Ghatkopar, Mumbai - BMC","15-04-2026 11:00:00",19.083694,72.920967,OZONE,3,72,12
India,Maharashtra,Mumbai,"Kherwadi_Bandra East, Mumbai - MPCB","15-04-2026 11:00:00",19.0632143,72.8456324,PM2.5,28,98,60
India,Maharashtra,Nagpur,"Opp GPO Civil Lines, Nagpur - MPCB","15-04-2026 11:00:00",21.152875,79.0517531,SO2,7,48,25
India,Maharashtra,Nagpur,"Ram Nagar, Nagpur - MPCB","15-04-2026 11:00:00",21.143383,79.048912,CO,14,103,26
India,Maharashtra,Nashik,"Gangapur Road, Nashik - MPCB","15-04-2026 11:00:00",20.0073285,73.7762427,SO2,4,11,7
India,Maharashtra,Nashik,"Gangapur Road, Nashik - MPCB","15-04-2026 11:00:00",20.0073285,73.7762427,CO,26,27,26
India,Maharashtra,Nashik,"Hirawadi, Nashik - MPCB","15-04-2026 11:00:00",20.021503,73.813844,NH3,1,8,2
India,Maharashtra,Mumbai,"Worli, Mumbai -MPCB","15-04-2026 11:00:00",18.9942180,72.8158167,NH3,3,3,3
India,Maharashtra,Nagpur,"Ambazari, Nagpur - MPCB","15-04-2026 11:00:00",21.121801,79.04952,NH3,1,39,7
India,Maharashtra,Nagpur,"Ambazari, Nagpur - MPCB","15-04-2026 11:00:00",21.121801,79.04952,OZONE,3,121,44
India,Maharashtra,Nagpur,"Mahal, Nagpur - MPCB","15-04-2026 11:00:00",21.14472,79.107595,SO2,1,94,46
India,Maharashtra,Nagpur,"Mahal, Nagpur - MPCB","15-04-2026 11:00:00",21.14472,79.107595,OZONE,14,61,19
India,Maharashtra,Mumbai,"Kherwadi_Bandra East, Mumbai - MPCB","15-04-2026 11:00:00",19.0632143,72.8456324,CO,15,36,19
India,Maharashtra,Mumbai,"Malad West, Mumbai - IITM","15-04-2026 11:00:00",19.19709,72.82204,OZONE,11,40,17
India,Maharashtra,Mumbai,"Mazgaon, Mumbai - IITM","15-04-2026 11:00:00",18.96702,72.84214,SO2,4,14,9
India,Maharashtra,Mumbai,"Byculla, Mumbai - BMC","15-04-2026 11:00:00",18.9767,72.8380,PM10,38,132,81
India,Maharashtra,Mumbai,"Byculla, Mumbai - BMC","15-04-2026 11:00:00",18.9767,72.8380,NO2,8,51,21
India,Maharashtra,Mumbai,"Chembur, Mumbai - MPCB","15-04-2026 11:00:00",19.0364585,72.8954371,CO,50,74,56
India,Maharashtra,Mumbai,"Sewri, Mumbai - BMC","15-04-2026 11:00:00",19.000084,72.856730,NH3,6,11,8
India,Maharashtra,Mumbai,"Sewri, Mumbai - BMC","15-04-2026 11:00:00",19.000084,72.856730,OZONE,6,53,15
India,Maharashtra,Mumbai,"Shivaji Nagar, Mumbai - BMC","15-04-2026 11:00:00",19.060498,72.923356,SO2,1,17,10
India,Maharashtra,Mumbai,"Navy Nagar-Colaba, Mumbai - IITM","15-04-2026 11:00:00",18.897756,72.813320,PM10,51,145,89
India,Maharashtra,Mumbai,"Powai, Mumbai - MPCB","15-04-2026 11:00:00",19.137500,72.915056,NO2,7,8,7
India,Maharashtra,Mumbai,"Siddharth Nagar-Worli, Mumbai - IITM","15-04-2026 11:00:00",19.000083,72.813993,PM10,41,131,76
India,Maharashtra,Mumbai,"Sion, Mumbai - MPCB","15-04-2026 11:00:00",19.047000,72.874600,CO,14,18,18
India,Maharashtra,Nashik,"MIDC Ambad, Nashik - MPCB","15-04-2026 11:00:00",19.950220,73.731480,SO2,1,28,13
India,Maharashtra,Thane,"Upvan Fort, Thane - MPCB","15-04-2026 11:00:00",19.222279,72.957979,OZONE,27,87,35
India,Maharashtra,Ulhasnagar,"Sidhi Vinayak Nagar, Ulhasnagar - MPCB","15-04-2026 11:00:00",19.235581,73.159121,PM2.5,45,84,61
India,Maharashtra,Ulhasnagar,"Sidhi Vinayak Nagar, Ulhasnagar - MPCB","15-04-2026 11:00:00",19.235581,73.159121,NO2,10,22,16
India,Maharashtra,Ulhasnagar,"Sidhi Vinayak Nagar, Ulhasnagar - MPCB","15-04-2026 11:00:00",19.235581,73.159121,OZONE,7,88,22
India,Maharashtra,Ulhasnagar,"Vithalwadi, Ulhasnagar - MPCB","15-04-2026 11:00:00","19.2307571 ",73.1551920,PM2.5,15,52,29
India,Maharashtra,Ulhasnagar,"Vithalwadi, Ulhasnagar - MPCB","15-04-2026 11:00:00","19.2307571 ",73.1551920,PM10,49,112,77
India,Maharashtra,Virar,"Bolinj, Virar - MPCB","15-04-2026 11:00:00",19.4458210,72.7988231,PM2.5,35,81,57
India,Maharashtra,Virar,"Bolinj, Virar - MPCB","15-04-2026 11:00:00",19.4458210,72.7988231,NH3,3,46,10
India,Maharashtra,Sangli,"Vijay Nagar, Sangli - MPCB","15-04-2026 11:00:00"," 16.5038",74.3623,SO2,23,30,26
India,Maharashtra,Solapur,"Dnyaneshwar Nagar, Solapur - MPCB","15-04-2026 11:00:00",17.6336264,75.9132495,PM2.5,NA,NA,NA
India,Maharashtra,Solapur,"Dnyaneshwar Nagar, Solapur - MPCB","15-04-2026 11:00:00",17.6336264,75.9132495,PM10,NA,NA,NA
India,Maharashtra,Solapur,"Dnyaneshwar Nagar, Solapur - MPCB","15-04-2026 11:00:00",17.6336264,75.9132495,NO2,NA,NA,NA
India,Maharashtra,Solapur,"Dnyaneshwar Nagar, Solapur - MPCB","15-04-2026 11:00:00",17.6336264,75.9132495,CO,NA,NA,NA
India,Maharashtra,Solapur,"Ratandeep Housing Society, Solapur - MPCB","15-04-2026 11:00:00",17.65439,75.90649,NH3,2,15,6
India,Maharashtra,Thane,"Kasarvadavali, Thane - MPCB","15-04-2026 11:00:00",19.26777,72.97182,PM10,50,97,69
India,Maharashtra,Pimpri-Chinchwad,"Transport Nagar-Nigdi, Pune - IITM","15-04-2026 11:00:00",18.664282,73.763966,NO2,16,76,33
India,Maharashtra,Pimpri-Chinchwad,"Transport Nagar-Nigdi, Pune - IITM","15-04-2026 11:00:00",18.664282,73.763966,OZONE,2,31,5
India,Maharashtra,Pune,"Dhankawadi, Pune - IITM","15-04-2026 11:00:00",18.459883,73.852193,PM10,69,143,105
India,Maharashtra,Pune,"Katraj Dairy, Pune - MPCB","15-04-2026 11:00:00",18.454450,73.854155,NO2,19,39,26
India,Maharashtra,Pune,"Mhada Colony, Pune - IITM","15-04-2026 11:00:00",18.573040,73.927715,OZONE,9,85,21
India,Maharashtra,Pune,"Revenue Colony-Shivajinagar, Pune - IITM","15-04-2026 11:00:00",18.530085,73.849598,OZONE,2,83,11
India,Maharashtra,Pune,"Savitribai Phule Pune University, Pune - MPCB","15-04-2026 11:00:00",18.547056,73.826908,PM10,NA,NA,NA
India,Maharashtra,Pune,"Savitribai Phule Pune University, Pune - MPCB","15-04-2026 11:00:00",18.547056,73.826908,NO2,NA,NA,NA
India,Maharashtra,Pune,"Savitribai Phule Pune University, Pune - MPCB","15-04-2026 11:00:00",18.547056,73.826908,NH3,NA,NA,NA
India,Maharashtra,Parbhani,"Masoom Colony, Parbhani - MPCB","15-04-2026 11:00:00",19.265594,76.761463,CO,9,14,11
India,Maharashtra,Pimpri-Chinchwad,"Bhumkar Nagar, Pune - IITM","15-04-2026 11:00:00",18.605770,73.749976,PM2.5,33,319,104
India,Maharashtra,Pimpri-Chinchwad,"Bhumkar Nagar, Pune - IITM","15-04-2026 11:00:00",18.605770,73.749976,PM10,109,196,135
India,Maharashtra,Pimpri-Chinchwad,"Bhumkar Nagar, Pune - IITM","15-04-2026 11:00:00",18.605770,73.749976,CO,16,161,75
India,Maharashtra,Pimpri-Chinchwad,"Gavalinagar, Pimpri Chinchwad - MPCB","15-04-2026 11:00:00",18.63673,73.82487,CO,10,50,28
India,Maharashtra,Pimpri-Chinchwad,"Park Street Wakad, Pimpri Chinchwad - MPCB","15-04-2026 11:00:00",18.59051,73.77946,CO,16,32,32
India,Maharashtra,Pimpri-Chinchwad,"Savta Mali Nagar, Pimpri-Chinchwad - IITM","15-04-2026 11:00:00",18.614767,73.799516,CO,52,62,57
India,Maharashtra,"Navi Mumbai","Kopripada-Vashi, Navi Mumbai - MPCB","15-04-2026 11:00:00",19.090337,73.014232,NH3,2,7,5
India,Maharashtra,"Navi Mumbai","Nerul, Navi Mumbai - MPCB","15-04-2026 11:00:00",19.008751,73.016620,NH3,7,7,7
India,Maharashtra,"Navi Mumbai","Sector-2E Kalamboli, Navi Mumbai - MPCB","15-04-2026 11:00:00",19.02579,73.10297,NO2,3,36,20
India,Maharashtra,"Navi Mumbai","Tondare-Taloja, Navi Mumbai - MPCB","15-04-2026 11:00:00",19.0630,73.1209,PM10,104,148,126
India,Maharashtra,"Navi Mumbai","Tondare-Taloja, Navi Mumbai - MPCB","15-04-2026 11:00:00",19.0630,73.1209,NO2,11,49,26
India,Maharashtra,Nashik,"Pandav Nagari, Nashik - MPCB","15-04-2026 11:00:00",19.9591346,73.7788008,NO2,6,23,11
India,Maharashtra,Virar,"Bolinj, Virar - MPCB","15-04-2026 11:00:00",19.4458210,72.7988231,SO2,1,4,2
India,Maharashtra,Virar,"Bolinj, Virar - MPCB","15-04-2026 11:00:00",19.4458210,72.7988231,CO,6,128,59
India,Maharashtra,Virar,"Bolinj, Virar - MPCB","15-04-2026 11:00:00",19.4458210,72.7988231,OZONE,2,50,9
India,Meghalaya,Byrnihat,"15th Mile-Nongthymmai, Byrnihat - Meghalaya PCB","15-04-2026 11:00:00",26.05374,91.86796,NH3,NA,NA,NA
India,Meghalaya,Shillong,"Lumpyngngad, Shillong - Meghalaya PCB","15-04-2026 11:00:00",25.5586,91.8985,PM2.5,8,266,36
India,Meghalaya,Shillong,"Lumpyngngad, Shillong - Meghalaya PCB","15-04-2026 11:00:00",25.5586,91.8985,CO,6,14,8
India,Meghalaya,Shillong,"Lumpyngngad, Shillong - Meghalaya PCB","15-04-2026 11:00:00",25.5586,91.8985,OZONE,46,80,68
India,Odisha,Balasore,"Kalidaspur, Balasore - OSPCB","15-04-2026 11:00:00",21.51161,86.89088,OZONE,12,126,30
India,Odisha,Barbil,"Forest Office, Barbil - OSPCB","15-04-2026 11:00:00",22.1166054,85.3945546,PM2.5,37,250,135
India,Odisha,Barbil,"Forest Office, Barbil - OSPCB","15-04-2026 11:00:00",22.1166054,85.3945546,PM10,77,322,184
India,Odisha,Barbil,"Forest Office, Barbil - OSPCB","15-04-2026 11:00:00",22.1166054,85.3945546,NO2,10,67,20
India,Odisha,Barbil,"Forest Office, Barbil - OSPCB","15-04-2026 11:00:00",22.1166054,85.3945546,SO2,15,98,29
India,Odisha,Barbil,"Forest Office, Barbil - OSPCB","15-04-2026 11:00:00",22.1166054,85.3945546,OZONE,2,169,162
India,Odisha,Angul,"Hakimapada, Angul - OSPCB","15-04-2026 11:00:00",20.832874,85.104082,PM2.5,19,187,72
India,Odisha,Balasore,"Kalidaspur, Balasore - OSPCB","15-04-2026 11:00:00",21.51161,86.89088,PM2.5,18,67,43
India,Odisha,Bhubaneswar,"Lingraj Mandir, Bhubaneswar - OSPCB","15-04-2026 11:00:00",20.240790,85.836784,NO2,4,22,11
India,Odisha,Bhubaneswar,"Patia, Bhubaneswar - OSPCB","15-04-2026 11:00:00",20.34652,85.81630,NO2,5,12,9
India,Odisha,Byasanagar,"Ferro Chrome Colony, Byasanagar - OSPCB","15-04-2026 11:00:00",20.94185,86.11510,SO2,1,77,14
India,Odisha,Brajrajnagar,"GM Office, Brajrajnagar - OSPCB","15-04-2026 11:00:00",21.8004996,83.8396977,CO,6,49,30
India,Odisha,Balasore,"Kalidaspur, Balasore - OSPCB","15-04-2026 11:00:00",21.51161,86.89088,CO,40,54,46
India,Odisha,Bhubaneswar,"Patia, Bhubaneswar - OSPCB","15-04-2026 11:00:00",20.34652,85.81630,SO2,4,7,6
India,Odisha,Nayagarh,"Dabuna, Nayagarh - OSPCB","15-04-2026 11:00:00",21.847279,85.416905,NH3,6,6,6
India,Punjab,Bathinda,"Hardev Nagar, Bathinda - PPCB","15-04-2026 11:00:00",30.233011,74.907758,NO2,33,38,36
India,Punjab,Jalandhar,"Civil Line, Jalandhar - PPCB","15-04-2026 11:00:00",31.321907,75.578914,PM2.5,31,78,45
India,Punjab,Ludhiana,"Punjab Agricultural University, Ludhiana - PPCB","15-04-2026 11:00:00",30.9028,75.8086,NO2,33,44,41
India,Odisha,Rourkela,"Fertilizer Township, Rourkela - OSPCB","15-04-2026 11:00:00",22.18972222,84.86277778,NO2,11,11,11
India,Odisha,Talcher,"Talcher Coalfields,Talcher - OSPCB","15-04-2026 11:00:00",20.9360711,85.1707021,PM2.5,2,311,89
India,Odisha,Rourkela,"Raghunathpali, Rourkela - OSPCB","15-04-2026 11:00:00",22.220833,84.809444,PM10,42,306,117
India,Punjab,Amritsar,"Golden Temple, Amritsar - PPCB","15-04-2026 11:00:00",31.620000,74.876512,PM10,57,94,75
India,Punjab,Jalandhar,"Civil Line, Jalandhar - PPCB","15-04-2026 11:00:00",31.321907,75.578914,CO,44,49,47
India,Puducherry,Puducherry,"Jawahar Nagar, Puducherry - PPCC","15-04-2026 11:00:00",11.9309,79.8027,SO2,5,11,8
India,Odisha,Talcher,"Talcher Coalfields,Talcher - OSPCB","15-04-2026 11:00:00",20.9360711,85.1707021,NH3,4,4,4
India,Rajasthan,Jaipur,"Shastri Nagar, Jaipur - RSPCB","15-04-2026 11:00:00",26.9502929,75.730943,OZONE,13,56,51
India,Rajasthan,Jaisalmer,"Sadar Bazar, Jaisalmer - RSPCB","15-04-2026 11:00:00",26.912329,70.909168,PM2.5,20,263,54
India,Rajasthan,Jalore,"Mudtra Sili, Jalore - RSPCB","15-04-2026 11:00:00",25.344694,72.626208,NO2,1,45,13
India,Rajasthan,Jalore,"Mudtra Sili, Jalore - RSPCB","15-04-2026 11:00:00",25.344694,72.626208,NH3,4,6,4
India,Rajasthan,Jalore,"Mudtra Sili, Jalore - RSPCB","15-04-2026 11:00:00",25.344694,72.626208,SO2,3,9,5
India,Rajasthan,Jhalawar,"Rajlaxmi Nagar, Jhalawar - RSPCB","15-04-2026 11:00:00",24.588397,76.172782,PM10,70,141,97
India,Rajasthan,Jhunjhunu,"Indra Nagar, Jhunjhunu - RSPCB","15-04-2026 11:00:00",28.108988,75.386577,SO2,6,35,9
India,Rajasthan,Jodhpur,"Collectorate, Jodhpur - RSPCB","15-04-2026 11:00:00",26.268249,73.0193853,PM2.5,29,493,181
India,Rajasthan,Jodhpur,"Collectorate, Jodhpur - RSPCB","15-04-2026 11:00:00",26.268249,73.0193853,PM10,31,500,167
India,Rajasthan,Jodhpur,"Collectorate, Jodhpur - RSPCB","15-04-2026 11:00:00",26.268249,73.0193853,NH3,6,50,18
India,Rajasthan,Jodhpur,"Collectorate, Jodhpur - RSPCB","15-04-2026 11:00:00",26.268249,73.0193853,SO2,3,17,10
India,Rajasthan,Baran,"Bamboliya, Baran - RSPCB","15-04-2026 11:00:00",25.106006,76.469948,SO2,7,25,11
India,Rajasthan,Baran,"Bamboliya, Baran - RSPCB","15-04-2026 11:00:00",25.106006,76.469948,CO,9,34,26
India,Rajasthan,Barmer,"Railway Colony, Barmer - RSPCB","15-04-2026 11:00:00",25.747299,71.393989,PM10,54,219,108
India,Rajasthan,Bharatpur,"Krishna Nagar, Bharatpur - RSPCB","15-04-2026 11:00:00",27.215415,77.50873,NH3,8,16,11
India,Rajasthan,Bharatpur,"Krishna Nagar, Bharatpur - RSPCB","15-04-2026 11:00:00",27.215415,77.50873,CO,12,70,48
India,Rajasthan,Bhilwara,"Pratap Nagar, Bhilwara - RSPCB","15-04-2026 11:00:00",25.339605,74.618883,NH3,9,14,11
India,Rajasthan,Bhilwara,"Pratap Nagar, Bhilwara - RSPCB","15-04-2026 11:00:00",25.339605,74.618883,OZONE,31,78,43
India,Rajasthan,Bhiwadi,"Vasundhara Nagar_UIT, Bhiwadi - RSPCB","15-04-2026 11:00:00",28.207266,76.829265,PM2.5,33,304,143
India,Rajasthan,Bikaner,"MM Ground, Bikaner - RSPCB","15-04-2026 11:00:00",28.018792,73.292658,PM2.5,24,146,61
India,Rajasthan,Bundi,"New Colony, Bundi - RSPCB","15-04-2026 11:00:00",25.435774,75.644272,PM2.5,17,163,53
India,Rajasthan,Chittorgarh,"Shastri Nagar, Chittorgarh - RSPCB","15-04-2026 11:00:00",24.892047,74.623527,PM10,46,176,100
India,Rajasthan,Chittorgarh,"Shastri Nagar, Chittorgarh - RSPCB","15-04-2026 11:00:00",24.892047,74.623527,NO2,4,81,32
India,Rajasthan,Chittorgarh,"Shastri Nagar, Chittorgarh - RSPCB","15-04-2026 11:00:00",24.892047,74.623527,SO2,2,10,7
India,Rajasthan,Churu,"Subash Chowk, Churu - RSPCB","15-04-2026 11:00:00",28.296139,74.961696,OZONE,41,148,79
India,Rajasthan,Dungarpur,"Bhoiwada, Dungarpur - RSPCB","15-04-2026 11:00:00",23.837789,73.714926,NH3,15,18,16
India,Rajasthan,Hanumangarh,"Housing Board, Hanumangarh - RSPCB","15-04-2026 11:00:00",29.610750,74.283608,PM2.5,17,317,85
India,Rajasthan,Hanumangarh,"Housing Board, Hanumangarh - RSPCB","15-04-2026 11:00:00",29.610750,74.283608,SO2,4,15,8
India,Rajasthan,Hanumangarh,"Housing Board, Hanumangarh - RSPCB","15-04-2026 11:00:00",29.610750,74.283608,OZONE,25,104,50
India,Rajasthan,Jaipur,"Mansarovar Sector-12, Jaipur - RSPCB","15-04-2026 11:00:00",26.843698,75.766894,PM2.5,17,320,88
India,Rajasthan,Jodhpur,"Collectorate, Jodhpur - RSPCB","15-04-2026 11:00:00",26.268249,73.0193853,OZONE,9,78,23
India,Rajasthan,Jodhpur,"Digari Kalan, Jodhpur - RSPCB","15-04-2026 11:00:00",26.295810,73.082283,PM2.5,17,197,82
India,Rajasthan,Jodhpur,"Digari Kalan, Jodhpur - RSPCB","15-04-2026 11:00:00",26.295810,73.082283,SO2,3,13,6
India,Rajasthan,Jodhpur,"Jhalamand, Jodhpur - RSPCB","15-04-2026 11:00:00",26.215415,73.070156,OZONE,2,63,19
India,Rajasthan,Jodhpur,"Mandor, Jodhpur - RSPCB","15-04-2026 11:00:00",26.358805,73.047444,PM2.5,19,83,41
India,Rajasthan,Jodhpur,"Mandor, Jodhpur - RSPCB","15-04-2026 11:00:00",26.358805,73.047444,CO,6,46,22
India,Rajasthan,Jaipur,"RIICO Sitapura, Jaipur - RSPCB","15-04-2026 11:00:00",26.786682,75.827928,OZONE,6,162,162
India,Rajasthan,Jaipur,"Sector-2 Murlipura, Jaipur - RSPCB","15-04-2026 11:00:00",26.960669,75.771817,NO2,7,117,46
India,Rajasthan,Jaipur,"Sector-2 Murlipura, Jaipur - RSPCB","15-04-2026 11:00:00",26.960669,75.771817,OZONE,2,116,64
India,Rajasthan,Jaipur,"Shastri Nagar, Jaipur - RSPCB","15-04-2026 11:00:00",26.9502929,75.730943,NO2,32,124,59
India,Punjab,Ludhiana,"Punjab Agricultural University, Ludhiana - PPCB","15-04-2026 11:00:00",30.9028,75.8086,SO2,10,20,15
India,Punjab,"Mandi Gobindgarh","RIMT University, Mandi Gobindgarh - PPCB","15-04-2026 11:00:00",30.649961,76.331442,PM10,62,182,108
India,Punjab,"Mandi Gobindgarh","RIMT University, Mandi Gobindgarh - PPCB","15-04-2026 11:00:00",30.649961,76.331442,NH3,6,6,6
India,Rajasthan,Kota,"Dhanmandi, Kota - RSPCB","15-04-2026 11:00:00",25.164090,75.858137,NH3,6,11,8
India,Rajasthan,Kota,"Shrinath Puram, Kota - RSPCB","15-04-2026 11:00:00",25.14389,75.821256,NH3,4,18,8
India,Rajasthan,Kota,"Shrinath Puram, Kota - RSPCB","15-04-2026 11:00:00",25.14389,75.821256,OZONE,9,18,15
India,Rajasthan,Banswara,"Rati Talai, Banswara - RSPCB","15-04-2026 11:00:00",23.555190,74.440010,PM2.5,11,89,46
India,TamilNadu,Chennai,"Kodungaiyur, Chennai - TNPCB","15-04-2026 11:00:00",13.1278,80.2642,SO2,5,7,6
India,TamilNadu,Chennai,"Kodungaiyur, Chennai - TNPCB","15-04-2026 11:00:00",13.1278,80.2642,CO,26,35,30
India,TamilNadu,Chennai,"Manali Village, Chennai - TNPCB","15-04-2026 11:00:00",13.1662,80.2584,PM2.5,2,26,14
India,TamilNadu,Chennai,"Manali, Chennai - CPCB","15-04-2026 11:00:00",13.164544,80.26285,SO2,15,19,16
India,TamilNadu,Chennai,"Manali, Chennai - CPCB","15-04-2026 11:00:00",13.164544,80.26285,OZONE,18,84,22
India,TamilNadu,Chennai,"Perungudi, Chennai - TNPCB","15-04-2026 11:00:00",12.9533,80.2357,PM10,7,77,36
India,TamilNadu,Chennai,"Perungudi, Chennai - TNPCB","15-04-2026 11:00:00",12.9533,80.2357,NH3,NA,NA,NA
India,TamilNadu,Chennai,"Perungudi, Chennai - TNPCB","15-04-2026 11:00:00",12.9533,80.2357,CO,15,41,24
India,TamilNadu,Chennai,"Royapuram, Chennai - TNPCB","15-04-2026 11:00:00",13.1036,80.2909,PM2.5,1,39,16
India,TamilNadu,Chennai,"Royapuram, Chennai - TNPCB","15-04-2026 11:00:00",13.1036,80.2909,NO2,11,16,14
India,TamilNadu,Chennai,"Royapuram, Chennai - TNPCB","15-04-2026 11:00:00",13.1036,80.2909,OZONE,16,19,17
India,TamilNadu,Chennai,"Velachery Res. Area, Chennai - CPCB","15-04-2026 11:00:00",13.0052189,80.2398125,PM2.5,43,43,43
India,TamilNadu,Chennai,"Velachery Res. Area, Chennai - CPCB","15-04-2026 11:00:00",13.0052189,80.2398125,PM10,28,53,40
India,Telangana,Hyderabad,"Zoo Park, Hyderabad - TSPCB","15-04-2026 11:00:00",17.349694,78.451437,NO2,5,15,8
India,Tripura,Agartala,"Bardowali, Agartala - Tripura SPCB","15-04-2026 11:00:00",23.8175497,91.2726974,PM10,78,123,103
India,Uttar_Pradesh,Agra,"Manoharpur, Agra - UPPCB","15-04-2026 11:00:00",27.23711,78.01936,PM10,31,284,164
India,Uttar_Pradesh,Agra,"Manoharpur, Agra - UPPCB","15-04-2026 11:00:00",27.23711,78.01936,SO2,12,24,17
India,Uttar_Pradesh,Agra,"Rohta, Agra - UPPCB","15-04-2026 11:00:00",27.106972,78.000111,OZONE,14,15,15
India,Uttar_Pradesh,Agra,"Sanjay Palace, Agra - UPPCB","15-04-2026 11:00:00",27.19865833,78.00598056,PM2.5,28,307,169
India,Uttar_Pradesh,Agra,"Sanjay Palace, Agra - UPPCB","15-04-2026 11:00:00",27.19865833,78.00598056,NO2,9,21,13
India,Uttar_Pradesh,Agra,"Sanjay Palace, Agra - UPPCB","15-04-2026 11:00:00",27.19865833,78.00598056,SO2,17,18,18
India,Uttar_Pradesh,Agra,"Sector-3B Avas Vikas Colony, Agra - UPPCB","15-04-2026 11:00:00",27.19412,77.96237,PM10,97,262,151
India,Rajasthan,"Sawai Madhopur","Sahu Nagar, Sawai Madhopur - RSPCB","15-04-2026 11:00:00",26.031443,76.359327,SO2,6,17,9
India,Rajasthan,Sikar,"Radhakishan Pura, Sikar - RSPCB","15-04-2026 11:00:00",27.608912,75.153302,NH3,7,14,9
India,Rajasthan,Sirohi,"Vedhaynath Colony, Sirohi - RSPCB","15-04-2026 11:00:00",24.885261,72.857549,SO2,4,13,6
India,Rajasthan,Sirohi,"Vedhaynath Colony, Sirohi - RSPCB","15-04-2026 11:00:00",24.885261,72.857549,OZONE,28,110,56
India,Rajasthan,"Sri Ganganagar","Old City, Sri Ganganagar - RSPCB","15-04-2026 11:00:00",29.931624,73.864511,SO2,2,15,5
India,Rajasthan,Tonk,"Shastri Nagar, Tonk - RSPCB","15-04-2026 11:00:00",26.159933,75.780517,NO2,10,129,35
India,Rajasthan,Tonk,"Shastri Nagar, Tonk - RSPCB","15-04-2026 11:00:00",26.159933,75.780517,SO2,3,15,6
India,Rajasthan,Tonk,"Shastri Nagar, Tonk - RSPCB","15-04-2026 11:00:00",26.159933,75.780517,CO,23,101,34
India,Rajasthan,Udaipur,"Ashok Nagar, Udaipur - RSPCB","15-04-2026 11:00:00",24.5886166,73.6321397,SO2,1,9,6
India,TamilNadu,Chennai,"Velachery Res. Area, Chennai - CPCB","15-04-2026 11:00:00",13.0052189,80.2398125,OZONE,8,12,9
India,TamilNadu,Coimbatore,"SIDCO Kurichi, Coimbatore - TNPCB","15-04-2026 11:00:00",10.942451,76.978996,SO2,23,25,24
India,TamilNadu,Madurai,"Uchapatti, Madurai - TNPCB","15-04-2026 11:00:00",9.865935,78.022669,PM10,NA,NA,NA
India,TamilNadu,Ooty,"Bombay Castel, Ooty - TNPCB","15-04-2026 11:00:00",11.4068288,76.7138973,PM10,47,98,60
India,TamilNadu,Ooty,"Bombay Castel, Ooty - TNPCB","15-04-2026 11:00:00",11.4068288,76.7138973,SO2,2,3,2
India,TamilNadu,Thoothukudi,"Meelavittan, Thoothukudi - TNPCB","15-04-2026 11:00:00","8.816428 ",78.099039,NO2,12,21,15
India,TamilNadu,Thoothukudi,"Meelavittan, Thoothukudi - TNPCB","15-04-2026 11:00:00","8.816428 ",78.099039,OZONE,25,34,30
India,Telangana,Hyderabad,"New Malakpet, Hyderabad - TSPCB","15-04-2026 11:00:00",17.37206,78.50864,NO2,11,16,14
India,Telangana,Hyderabad,"New Malakpet, Hyderabad - TSPCB","15-04-2026 11:00:00",17.37206,78.50864,SO2,11,19,14
India,Telangana,Hyderabad,"New Malakpet, Hyderabad - TSPCB","15-04-2026 11:00:00",17.37206,78.50864,OZONE,18,47,27
India,Telangana,Hyderabad,"Ramachandrapuram, Hyderabad - TSPCB","15-04-2026 11:00:00",17.528544,78.286195,NO2,9,16,11
India,Telangana,Hyderabad,"Ramachandrapuram, Hyderabad - TSPCB","15-04-2026 11:00:00",17.528544,78.286195,OZONE,15,34,15
India,Telangana,Hyderabad,"Sanathnagar, Hyderabad - TSPCB","15-04-2026 11:00:00",17.4559458,78.4332152,OZONE,15,18,17
India,Telangana,Hyderabad,"Somajiguda, Hyderabad - TSPCB","15-04-2026 11:00:00",17.417094,78.457437,NO2,15,16,15
India,Rajasthan,Nagaur,"Karni Colony, Nagaur - RSPCB","15-04-2026 11:00:00",27.213494,73.734444,CO,7,32,22
India,Rajasthan,Pali,"Indira Colony Vistar, Pali - RSPCB","15-04-2026 11:00:00",25.771061," 73.340227",PM2.5,28,241,79
India,Rajasthan,Pali,"Indira Colony Vistar, Pali - RSPCB","15-04-2026 11:00:00",25.771061," 73.340227",CO,10,61,42
India,Rajasthan,Pratapgarh,"Pragati Nagar, Pratapgarh - RSPCB","15-04-2026 11:00:00",24.041198,74.780702,PM10,73,154,114
India,Rajasthan,Rajsamand,"Dhoinda, Rajsamand - RSPCB","15-04-2026 11:00:00",25.036360,73.883502,NO2,11,35,19
India,Telangana,Hyderabad,"ECIL Kapra, Hyderabad - TSPCB","15-04-2026 11:00:00",17.470431,78.566959,SO2,2,34,18
India,Telangana,Hyderabad,"IDA Pashamylaram, Hyderabad - TSPCB","15-04-2026 11:00:00",17.5316895,78.218939,PM10,44,100,59
India,Telangana,Hyderabad,"IDA Pashamylaram, Hyderabad - TSPCB","15-04-2026 11:00:00",17.5316895,78.218939,NO2,6,16,9
India,Telangana,Hyderabad,"IITH Kandi, Hyderabad - TSPCB","15-04-2026 11:00:00",17.585705,78.126199,NO2,13,17,14
India,Telangana,Hyderabad,"IITH Kandi, Hyderabad - TSPCB","15-04-2026 11:00:00",17.585705,78.126199,SO2,8,12,10
India,Telangana,Hyderabad,"Kokapet, Hyderabad - TSPCB","15-04-2026 11:00:00",17.393559,78.339194,CO,22,36,25
India,Rajasthan,Udaipur,"Ashok Nagar, Udaipur - RSPCB","15-04-2026 11:00:00",24.5886166,73.6321397,CO,9,40,16
India,TamilNadu,Chennai,"Arumbakkam, Chennai - TNPCB","15-04-2026 11:00:00",13.0664,"80.2112 ",NO2,8,19,12
India,Uttar_Pradesh,Agra,"Shahjahan Garden, Agra - UPPCB","15-04-2026 11:00:00",27.169338,78.03582,PM2.5,1,71,36
India,Uttar_Pradesh,Agra,"Shahjahan Garden, Agra - UPPCB","15-04-2026 11:00:00",27.169338,78.03582,NH3,3,3,3
India,Uttar_Pradesh,Agra,"Shahjahan Garden, Agra - UPPCB","15-04-2026 11:00:00",27.169338,78.03582,SO2,79,102,92
India,Uttar_Pradesh,Baghpat,"Sardar Patel Inter College, Baghpat - UPPCB","15-04-2026 11:00:00",28.964949,77.278761,NH3,1,5,3
India,Uttar_Pradesh,Baghpat,"Sardar Patel Inter College, Baghpat - UPPCB","15-04-2026 11:00:00",28.964949,77.278761,SO2,23,84,45
India,Uttar_Pradesh,Bareilly,"Civil Lines, Bareilly - UPPCB","15-04-2026 11:00:00",28.359581,79.414455,PM2.5,30,64,46
India,Uttar_Pradesh,Bareilly,"Civil Lines, Bareilly - UPPCB","15-04-2026 11:00:00",28.359581,79.414455,NO2,2,3,2
India,Uttar_Pradesh,Bareilly,"Civil Lines, Bareilly - UPPCB","15-04-2026 11:00:00",28.359581,79.414455,NH3,1,5,2
India,Uttar_Pradesh,Bareilly,"Civil Lines, Bareilly - UPPCB","15-04-2026 11:00:00",28.359581,79.414455,SO2,22,55,38
India,Uttar_Pradesh,Bareilly,"Civil Lines, Bareilly - UPPCB","15-04-2026 11:00:00",28.359581,79.414455,CO,39,70,54
India,Uttar_Pradesh,Bareilly,"Rajendra Nagar, Bareilly - UPPCB","15-04-2026 11:00:00",28.38910936,79.42963708,PM2.5,16,47,33
India,Uttar_Pradesh,Bareilly,"Rajendra Nagar, Bareilly - UPPCB","15-04-2026 11:00:00",28.38910936,79.42963708,SO2,41,57,47
India,Uttar_Pradesh,Meerut,"Pallavpuram Phase 2, Meerut - UPPCB","15-04-2026 11:00:00",29.063510,77.709723,OZONE,16,166,51
India,Uttar_Pradesh,Modinagar,"SRM University, Modinagar - UPPCB","15-04-2026 11:00:00","28.798171 ","77.540243 ",PM10,125,447,235
India,Uttar_Pradesh,Modinagar,"SRM University, Modinagar - UPPCB","15-04-2026 11:00:00","28.798171 ","77.540243 ",NH3,3,4,3
India,Uttar_Pradesh,Modinagar,"SRM University, Modinagar - UPPCB","15-04-2026 11:00:00","28.798171 ","77.540243 ",OZONE,9,87,36
India,Uttar_Pradesh,Moradabad,"Buddhi Vihar, Moradabad - UPPCB","15-04-2026 11:00:00",28.83526,78.74460,PM10,38,118,79
India,Uttar_Pradesh,Moradabad,"Buddhi Vihar, Moradabad - UPPCB","15-04-2026 11:00:00",28.83526,78.74460,NH3,5,5,5
India,Uttar_Pradesh,Moradabad,"Eco Herbal Park, Moradabad - UPPCB","15-04-2026 11:00:00",28.840739,78.697531,NO2,13,74,40
India,Uttar_Pradesh,Moradabad,"Employment Office, Moradabad - UPPCB","15-04-2026 11:00:00",28.88528,78.73880,PM10,63,188,116
India,Uttar_Pradesh,Moradabad,"Employment Office, Moradabad - UPPCB","15-04-2026 11:00:00",28.88528,78.73880,NH3,4,4,4
India,Uttar_Pradesh,Moradabad,"Employment Office, Moradabad - UPPCB","15-04-2026 11:00:00",28.88528,78.73880,OZONE,16,69,18
India,Uttar_Pradesh,Ghaziabad,"Sanjay Nagar, Ghaziabad - UPPCB","15-04-2026 11:00:00",28.685382,77.453839,NO2,20,135,73
India,Uttar_Pradesh,Ghaziabad,"Sanjay Nagar, Ghaziabad - UPPCB","15-04-2026 11:00:00",28.685382,77.453839,CO,12,124,40
India,Uttar_Pradesh,Ghaziabad,"Vasundhara, Ghaziabad - UPPCB","15-04-2026 11:00:00",28.6603346,77.3572563,PM10,112,401,224
India,Uttar_Pradesh,Ghaziabad,"Vasundhara, Ghaziabad - UPPCB","15-04-2026 11:00:00",28.6603346,77.3572563,OZONE,11,194,42
India,Uttar_Pradesh,Ghaziabad,"Ved Vihar-Loni, Ghaziabad - UPPCB","15-04-2026 11:00:00","28.739153 ","77.273668 ",NO2,34,89,61
India,Uttar_Pradesh,Ghaziabad,"Ved Vihar-Loni, Ghaziabad - UPPCB","15-04-2026 11:00:00","28.739153 ","77.273668 ",NH3,16,25,22
India,Uttar_Pradesh,Gorakhpur,"Madan Mohan Malaviya University of Technology, Gorakhpur - UPPCB","15-04-2026 11:00:00",26.730136,83.433859,PM2.5,4,433,99
India,Uttar_Pradesh,"Greater Noida","Knowledge Park - III, Greater Noida - UPPCB","15-04-2026 11:00:00",28.47272,77.482000,NH3,7,11,9
India,Uttar_Pradesh,Khora,"Prashant Garden, Khora - UPPCB","15-04-2026 11:00:00",28.61119,77.34206,SO2,8,92,27
India,Uttar_Pradesh,Khora,"Prashant Garden, Khora - UPPCB","15-04-2026 11:00:00",28.61119,77.34206,OZONE,4,215,167
India,Uttar_Pradesh,Lucknow,"B R Ambedkar University, Lucknow - UPPCB","15-04-2026 11:00:00",26.766433,80.927299,NH3,4,6,4
India,Uttar_Pradesh,Lucknow,"B R Ambedkar University, Lucknow - UPPCB","15-04-2026 11:00:00",26.766433,80.927299,SO2,20,21,20
India,Uttar_Pradesh,Lucknow,"B R Ambedkar University, Lucknow - UPPCB","15-04-2026 11:00:00",26.766433,80.927299,CO,27,33,32
India,Uttar_Pradesh,Lucknow,"Gomti Nagar, Lucknow - UPPCB","15-04-2026 11:00:00",26.868120,81.005119,SO2,10,13,12
India,Uttar_Pradesh,Lucknow,"Gomti Nagar, Lucknow - UPPCB","15-04-2026 11:00:00",26.868120,81.005119,OZONE,39,51,43
India,Uttar_Pradesh,Lucknow,"Kendriya Vidyalaya, Lucknow - CPCB","15-04-2026 11:00:00",26.906111,80.948222,OZONE,10,26,20
India,Uttar_Pradesh,Lucknow,"Kukrail Picnic Spot-1, Lucknow - UPPCB","15-04-2026 11:00:00",26.90723,80.98579,PM2.5,27,100,66
India,Uttar_Pradesh,Lucknow,"Talkatora District Industries Center, Lucknow - CPCB","15-04-2026 11:00:00",26.83399722,80.8917361,PM2.5,11,317,79
India,Uttar_Pradesh,Meerut,"Ganga Nagar, Meerut - UPPCB","15-04-2026 11:00:00",28.999264,77.7590354,PM2.5,12,253,92
India,Uttar_Pradesh,Meerut,"Ganga Nagar, Meerut - UPPCB","15-04-2026 11:00:00",28.999264,77.7590354,SO2,34,41,37
India,Uttar_Pradesh,Meerut,"Ganga Nagar, Meerut - UPPCB","15-04-2026 11:00:00",28.999264,77.7590354,CO,52,108,103
India,Uttar_Pradesh,Meerut,"Ganga Nagar, Meerut - UPPCB","15-04-2026 11:00:00",28.999264,77.7590354,OZONE,4,17,6
India,Uttar_Pradesh,Meerut,"Jai Bhim Nagar, Meerut - UPPCB","15-04-2026 11:00:00",28.9535882,77.7622941,PM2.5,18,228,90
India,Uttar_Pradesh,Meerut,"Jai Bhim Nagar, Meerut - UPPCB","15-04-2026 11:00:00",28.9535882,77.7622941,SO2,6,24,12
India,Uttar_Pradesh,Meerut,"Jai Bhim Nagar, Meerut - UPPCB","15-04-2026 11:00:00",28.9535882,77.7622941,OZONE,1,165,54
India,Uttar_Pradesh,Meerut,"Pallavpuram Phase 2, Meerut - UPPCB","15-04-2026 11:00:00",29.063510,77.709723,PM2.5,15,207,75
India,Uttar_Pradesh,Bareilly,"Rajendra Nagar, Bareilly - UPPCB","15-04-2026 11:00:00",28.38910936,79.42963708,CO,26,66,37
India,Uttar_Pradesh,Bareilly,"Rajendra Nagar, Bareilly - UPPCB","15-04-2026 11:00:00",28.38910936,79.42963708,OZONE,1,33,4
India,Uttar_Pradesh,Bulandshahr,"Yamunapuram, Bulandshahr - UPPCB","15-04-2026 11:00:00",28.406963,77.849831,NO2,15,135,70
India,Uttar_Pradesh,Firozabad,"Nagla Bhau, Firozabad - UPPCB","15-04-2026 11:00:00",27.168897,78.376960,NH3,2,2,2
India,Uttar_Pradesh,Firozabad,"Nagla Bhau, Firozabad - UPPCB","15-04-2026 11:00:00",27.168897,78.376960,CO,20,38,28
India,Uttar_Pradesh,Ghaziabad,"Loni, Ghaziabad - UPPCB","15-04-2026 11:00:00",28.757294,77.278792,PM2.5,43,415,256
India,Uttar_Pradesh,Ghaziabad,"Loni, Ghaziabad - UPPCB","15-04-2026 11:00:00",28.757294,77.278792,NO2,9,118,58
India,Uttar_Pradesh,Muzaffarnagar,"New Mandi, Muzaffarnagar - UPPCB","15-04-2026 11:00:00",29.4723508,77.7194031,NO2,19,81,43
India,Uttar_Pradesh,Muzaffarnagar,"New Mandi, Muzaffarnagar - UPPCB","15-04-2026 11:00:00",29.4723508,77.7194031,NH3,6,8,7
India,Uttar_Pradesh,Noida,"Sector - 125, Noida - UPPCB","15-04-2026 11:00:00",28.5447608,77.3231257,PM2.5,37,401,191
India,Uttar_Pradesh,Noida,"Sector - 62, Noida - IMD","15-04-2026 11:00:00",28.6245479,77.3577104,OZONE,22,135,44
India,Uttar_Pradesh,Noida,"Sector-1, Noida - UPPCB","15-04-2026 11:00:00",28.5898,77.3101,PM2.5,40,356,174
India,Uttar_Pradesh,Noida,"Sector-1, Noida - UPPCB","15-04-2026 11:00:00",28.5898,77.3101,NH3,7,21,12
India,Uttar_Pradesh,Noida,"Sector-1, Noida - UPPCB","15-04-2026 11:00:00",28.5898,77.3101,OZONE,1,106,46
India,Uttar_Pradesh,Prayagraj,"Motilal Nehru NIT, Prayagraj - UPPCB","15-04-2026 11:00:00",25.494,81.863,NH3,7,9,8
India,Uttar_Pradesh,Prayagraj,"Motilal Nehru NIT, Prayagraj - UPPCB","15-04-2026 11:00:00",25.494,81.863,SO2,11,39,27
India,Uttar_Pradesh,Prayagraj,"Motilal Nehru NIT, Prayagraj - UPPCB","15-04-2026 11:00:00",25.494,81.863,CO,10,46,36
India,Uttar_Pradesh,Prayagraj,"Nagar Nigam, Prayagraj - UPPCB","15-04-2026 11:00:00","25.44919916 ","81.82735986 ",OZONE,11,12,12
India,Uttar_Pradesh,Hapur,"Anand Vihar, Hapur - UPPCB","15-04-2026 11:00:00",28.725645,77.749675,NO2,27,157,113
India,Uttar_Pradesh,Jhansi,"Shivaji Nagar, Jhansi - UPPCB","15-04-2026 11:00:00",25.4547,78.6039,PM2.5,11,68,38
India,Uttar_Pradesh,Jhansi,"Shivaji Nagar, Jhansi - UPPCB","15-04-2026 11:00:00",25.4547,78.6039,NO2,6,6,6
India,Uttar_Pradesh,Jhansi,"Shivaji Nagar, Jhansi - UPPCB","15-04-2026 11:00:00",25.4547,78.6039,NH3,4,4,4
India,Uttar_Pradesh,Jhansi,"Shivaji Nagar, Jhansi - UPPCB","15-04-2026 11:00:00",25.4547,78.6039,OZONE,4,27,5
India,Uttar_Pradesh,Varanasi,"Bhelupur, Varanasi - UPPCB","15-04-2026 11:00:00",25.301778,82.996789,NH3,1,1,1
India,Uttar_Pradesh,Varanasi,"IESD Banaras Hindu University, Varanasi - UPPCB","15-04-2026 11:00:00",25.262326,82.995408,SO2,23,30,26
India,Uttar_Pradesh,Varanasi,"Maldahiya, Varanasi - UPPCB","15-04-2026 11:00:00",25.32393,82.99687,PM2.5,24,84,47
India,Uttar_Pradesh,Varanasi,"Maldahiya, Varanasi - UPPCB","15-04-2026 11:00:00",25.32393,82.99687,NO2,1,3,2
India,Uttar_Pradesh,Vrindavan,"Omex Eternity, Vrindavan - UPPCB","15-04-2026 11:00:00",27.5714090,77.6557570,PM10,53,219,124
India,Uttar_Pradesh,Vrindavan,"Omex Eternity, Vrindavan - UPPCB","15-04-2026 11:00:00",27.5714090,77.6557570,SO2,19,46,24
India,Uttar_Pradesh,Vrindavan,"Omex Eternity, Vrindavan - UPPCB","15-04-2026 11:00:00",27.5714090,77.6557570,OZONE,15,16,15
India,Uttarakhand,Dehradun,"Doon University, Dehradun - UKPCB","15-04-2026 11:00:00",30.269444,78.044167,SO2,1,2,1
India,Uttarakhand,Kashipur,"Govt. Girls Inter College, Kashipur - UKPCB","15-04-2026 11:00:00",29.2124114,78.9611753,PM10,NA,NA,NA
India,Uttarakhand,Rishikesh,"Shivaji Nagar, Rishikesh - UKPCB","15-04-2026 11:00:00",30.075911,78.2859547,CO,37,37,37
India,West_Bengal,Asansol,"Evelyn Lodge, Asansol - WBPCB","15-04-2026 11:00:00",23.6979360,86.9443950,PM2.5,28,84,51
India,West_Bengal,Asansol,"Evelyn Lodge, Asansol - WBPCB","15-04-2026 11:00:00",23.6979360,86.9443950,NH3,5,6,6
India,West_Bengal,Asansol,"Mahabir Colliery, Asansol - WBPCB","15-04-2026 11:00:00",23.6181830,87.1057180,SO2,3,6,4
India,West_Bengal,Asansol,"Mahabir Colliery, Asansol - WBPCB","15-04-2026 11:00:00",23.6181830,87.1057180,CO,38,100,51
India,West_Bengal,Asansol,"Trivenidevi Bhalotia College, Asansol - WBPCB","15-04-2026 11:00:00",23.616515,87.119133,CO,92,122,99
India,West_Bengal,Barrackpore,"SVSPA Campus, Barrackpore - WBPCB","15-04-2026 11:00:00",22.7605581,88.3617589,SO2,13,17,14
India,West_Bengal,Durgapur,"Mahishkapur Road_B-Zone, Durgapur - WBPCB","15-04-2026 11:00:00",23.567923,87.306843,SO2,4,34,13
India,West_Bengal,Durgapur,"PCBL Residential Complex, Durgapur - WBPCB","15-04-2026 11:00:00",23.5087640,87.3544400,PM2.5,34,213,73
India,West_Bengal,Durgapur,"PCBL Residential Complex, Durgapur - WBPCB","15-04-2026 11:00:00",23.5087640,87.3544400,OZONE,2,2,2
India,West_Bengal,Durgapur,"Womens College_City Center, Durgapur - WBPCB","15-04-2026 11:00:00",23.549395,87.300496,PM2.5,38,119,76
India,West_Bengal,Howrah,"Botanical Garden, Howrah - WBPCB","15-04-2026 11:00:00",22.554954,88.292568,NO2,4,28,14
India,West_Bengal,Howrah,"Dasnagar, Howrah - WBPCB","15-04-2026 11:00:00",22.6025571,88.3105664,PM2.5,10,173,73
India,West_Bengal,Howrah,"Dasnagar, Howrah - WBPCB","15-04-2026 11:00:00",22.6025571,88.3105664,NO2,3,17,7
India,West_Bengal,Howrah,"Ghusuri, Howrah - WBPCB","15-04-2026 11:00:00",22.611968,88.347422,OZONE,13,29,22
India,West_Bengal,Howrah,"Padmapukur, Howrah - WBPCB","15-04-2026 11:00:00",22.5687319,88.2797276,PM2.5,16,40,29
India,West_Bengal,Howrah,"Padmapukur, Howrah - WBPCB","15-04-2026 11:00:00",22.5687319,88.2797276,CO,1,70,58
India,West_Bengal,Kolkata,"Ballygunge, Kolkata - WBPCB","15-04-2026 11:00:00",22.5367507,88.3638022,PM10,38,99,61
India,West_Bengal,Kolkata,"Bidhannagar, Kolkata - WBPCB","15-04-2026 11:00:00",22.58157048,88.41002457,NO2,14,18,17
India,West_Bengal,Kolkata,"Bidhannagar, Kolkata - WBPCB","15-04-2026 11:00:00",22.58157048,88.41002457,CO,32,46,38
India,West_Bengal,Kolkata,"Fort William, Kolkata - WBPCB","15-04-2026 11:00:00",22.556640,88.342674,PM10,28,64,42
India,West_Bengal,Kolkata,"Fort William, Kolkata - WBPCB","15-04-2026 11:00:00",22.556640,88.342674,OZONE,6,50,10
India,West_Bengal,Kolkata,"Rabindra Bharati University, Kolkata - WBPCB","15-04-2026 11:00:00",22.627847,88.380669,NH3,6,7,6
India,West_Bengal,Kolkata,"Rabindra Bharati University, Kolkata - WBPCB","15-04-2026 11:00:00",22.627847,88.380669,CO,26,39,32
India,West_Bengal,Kolkata,"Rabindra Sarobar, Kolkata - WBPCB","15-04-2026 11:00:00",22.51106,88.35142,NO2,15,42,25
India,West_Bengal,Kolkata,"Rabindra Sarobar, Kolkata - WBPCB","15-04-2026 11:00:00",22.51106,88.35142,NH3,7,8,7
India,West_Bengal,Kolkata,"Rabindra Sarobar, Kolkata - WBPCB","15-04-2026 11:00:00",22.51106,88.35142,CO,8,24,15
India,West_Bengal,Kolkata,"Victoria, Kolkata - WBPCB","15-04-2026 11:00:00",22.5448082,88.3403691,NH3,7,8,8
India,West_Bengal,Siliguri,"Ward-32 Bapupara, Siliguri - WBPCB","15-04-2026 11:00:00",26.6879226,88.4152495,NH3,8,19,11
India,Assam,Guwahati,"Railway Colony, Guwahati - PCBA","15-04-2026 11:00:00",26.181742,91.78063,NH3,1,1,1
India,Assam,Guwahati,"Railway Colony, Guwahati - PCBA","15-04-2026 11:00:00",26.181742,91.78063,SO2,2,6,4
India,Assam,Nagaon,"Christianpatty, Nagaon - PCBA","15-04-2026 11:00:00",26.349082,92.68449,PM2.5,31,72,47
India,Assam,Nagaon,"Christianpatty, Nagaon - PCBA","15-04-2026 11:00:00",26.349082,92.68449,NO2,1,12,2
India,Assam,Nalbari,"Bata Chowk, Nalbari - PCBA","15-04-2026 11:00:00",26.446912,91.439057,NO2,14,15,14
India,Assam,Nalbari,"Bata Chowk, Nalbari - PCBA","15-04-2026 11:00:00",26.446912,91.439057,CO,20,22,20
India,Assam,Silchar,"Tarapur, Silchar - PCBA","15-04-2026 11:00:00",24.82827,92.79525,PM10,40,52,46
India,Assam,Silchar,"Tarapur, Silchar - PCBA","15-04-2026 11:00:00",24.82827,92.79525,OZONE,2,4,2
India,Assam,Sivasagar,"Girls College, Sivasagar - PCBA","15-04-2026 11:00:00",26.987634,94.636574,PM2.5,22,45,30
India,Assam,Sivasagar,"Girls College, Sivasagar - PCBA","15-04-2026 11:00:00",26.987634,94.636574,NH3,4,6,5
India,Bihar,Araria,"Kharahiya Basti, Araria - BSPCB","15-04-2026 11:00:00",26.146529,87.454184,PM2.5,8,130,69
India,Bihar,Arrah,"New DM Office, Arrah - BSPCB","15-04-2026 11:00:00",25.5626095,84.663264,SO2,4,6,5
India,Bihar,Aurangabad,"Gurdeo Nagar, Aurangabad - BSPCB","15-04-2026 11:00:00",24.75746,84.366208,SO2,10,29,18
India,Bihar,Begusarai,"Lohiyanagar, Begusarai - BSPCB","15-04-2026 11:00:00",25.42742023,86.13886079,OZONE,35,45,39
India,Bihar,Bettiah,"Kamalnath Nagar, Bettiah - BSPCB","15-04-2026 11:00:00",26.80365,84.51954,PM2.5,5,52,30
India,Bihar,Bettiah,"Kamalnath Nagar, Bettiah - BSPCB","15-04-2026 11:00:00",26.80365,84.51954,PM10,7,61,36
India,Bihar,Bettiah,"Kamalnath Nagar, Bettiah - BSPCB","15-04-2026 11:00:00",26.80365,84.51954,NH3,1,2,1
India,Bihar,Bettiah,"Kamalnath Nagar, Bettiah - BSPCB","15-04-2026 11:00:00",26.80365,84.51954,SO2,30,38,35
India,Bihar,Bhagalpur,"DM Office_Kachari Chowk, Bhagalpur - BSPCB","15-04-2026 11:00:00",25.251013,86.989001,NO2,11,14,12
India,Bihar,Bhagalpur,"DM Office_Kachari Chowk, Bhagalpur - BSPCB","15-04-2026 11:00:00",25.251013,86.989001,SO2,NA,NA,NA
India,Bihar,Bhagalpur,"DM Office_Kachari Chowk, Bhagalpur - BSPCB","15-04-2026 11:00:00",25.251013,86.989001,OZONE,7,30,17
India,Bihar,Bhagalpur,"Mayaganj, Bhagalpur - BSPCB","15-04-2026 11:00:00",25.265194,87.012947,SO2,52,62,57
India,Bihar,"Bihar Sharif","D M Colony, Bihar Sharif - BSPCB","15-04-2026 11:00:00",25.204762,85.514960,PM10,8,73,37
India,Bihar,"Bihar Sharif","D M Colony, Bihar Sharif - BSPCB","15-04-2026 11:00:00",25.204762,85.514960,OZONE,1,3,2
India,Bihar,Buxar,"Charitra Van, Buxar - BSPCB","15-04-2026 11:00:00",25.567520,83.966379,PM2.5,37,73,52
India,Bihar,Chhapra,"Darshan Nagar, Chhapra - BSPCB","15-04-2026 11:00:00",25.7808257,84.7446768,PM2.5,72,88,80
India,Bihar,Gaya,"Collectorate, Gaya - BSPCB","15-04-2026 11:00:00",24.7955,84.9994,NO2,NA,NA,NA
India,Andhra_Pradesh,Tirumala,"Toll Gate, Tirumala - APPCB","15-04-2026 11:00:00",13.67,79.35,PM10,28,101,57
India,Andhra_Pradesh,Tirumala,"Toll Gate, Tirumala - APPCB","15-04-2026 11:00:00",13.67,79.35,NH3,2,4,3
India,Andhra_Pradesh,Tirumala,"Toll Gate, Tirumala - APPCB","15-04-2026 11:00:00",13.67,79.35,CO,12,27,15
India,Andhra_Pradesh,Tirupati,"Vaikuntapuram, Tirupati - APPCB","15-04-2026 11:00:00",13.615387,79.409230,CO,22,42,38
India,Andhra_Pradesh,Vijayawada,"HB Colony, Vijayawada - APPCB","15-04-2026 11:00:00",16.536107,80.594233,CO,32,42,40
India,Andhra_Pradesh,Vijayawada,"Kanuru, Vijayawada - APPCB","15-04-2026 11:00:00",16.486692,80.699436,PM2.5,NA,NA,NA
India,Andhra_Pradesh,Vijayawada,"Kanuru, Vijayawada - APPCB","15-04-2026 11:00:00",16.486692,80.699436,OZONE,66,78,73
India,Andhra_Pradesh,Vijayawada,"Rajiv Gandhi Park, Vijayawada - APPCB","15-04-2026 11:00:00",16.509717,80.612222,SO2,17,18,17
India,Andhra_Pradesh,Vijayawada,"Rajiv Nagar, Vijayawada - APPCB","15-04-2026 11:00:00",16.554731,80.649110,PM10,48,67,61
India,Andhra_Pradesh,Visakhapatnam,"GVM Corporation, Visakhapatnam - APPCB","15-04-2026 11:00:00",17.72,83.3,PM2.5,23,221,53
India,Arunachal_Pradesh,Naharlagun,"Naharlagun, Naharlagun - APSPCB","15-04-2026 11:00:00",27.103358,93.679645,SO2,10,10,10
India,Assam,Guwahati,"LGBI Airport, Guwahati - PCBA","15-04-2026 11:00:00",26.10887,91.589544,NH3,NA,NA,NA
India,Assam,Guwahati,"Railway Colony, Guwahati - PCBA","15-04-2026 11:00:00",26.181742,91.78063,PM2.5,2,280,101
India,Andhra_Pradesh,Amaravati,"Secretariat, Amaravati - APPCB","15-04-2026 11:00:00",16.5150833,80.5181667,PM10,29,108,61
India,Andhra_Pradesh,Amaravati,"Secretariat, Amaravati - APPCB","15-04-2026 11:00:00",16.5150833,80.5181667,NO2,13,30,20
India,Andhra_Pradesh,Amaravati,"Secretariat, Amaravati - APPCB","15-04-2026 11:00:00",16.5150833,80.5181667,NH3,2,4,3
India,Andhra_Pradesh,Anantapur,"Gulzarpet, Anantapur - APPCB","15-04-2026 11:00:00",14.675886,77.593027,PM2.5,57,75,64
India,Andhra_Pradesh,Anantapur,"Gulzarpet, Anantapur - APPCB","15-04-2026 11:00:00",14.675886,77.593027,NO2,22,25,25
India,Andhra_Pradesh,Chittoor,"Gangineni Cheruvu, Chittoor - APPCB","15-04-2026 11:00:00",13.204880,79.097889,PM2.5,50,83,62
India,Andhra_Pradesh,Chittoor,"Gangineni Cheruvu, Chittoor - APPCB","15-04-2026 11:00:00",13.204880,79.097889,OZONE,27,51,45
India,Bihar,Gaya,"Kareemganj, Gaya - BSPCB","15-04-2026 11:00:00",24.792403,84.992416,NO2,11,16,12
India,Bihar,Gaya,"Kareemganj, Gaya - BSPCB","15-04-2026 11:00:00",24.792403,84.992416,OZONE,23,147,68
India,Bihar,Gaya,"SFTI Kusdihra, Gaya - BSPCB","15-04-2026 11:00:00",24.762518,84.982348,NH3,2,7,4
India,Bihar,Katihar,"Mirchaibari, Katihar - BSPCB","15-04-2026 11:00:00",25.560083,87.553265,PM2.5,27,55,40
India,Bihar,Katihar,"Mirchaibari, Katihar - BSPCB","15-04-2026 11:00:00",25.560083,87.553265,CO,77,101,86
India,Bihar,Kishanganj,"SDM Office_Khagra, Kishanganj - BSPCB","15-04-2026 11:00:00",26.0881305,87.93840336,PM10,35,66,47
India,Bihar,Motihari,"Gandak Colony, Motihari - BSPCB","15-04-2026 11:00:00",26.63086,84.90051,PM2.5,37,311,119
India,Bihar,Motihari,"Gandak Colony, Motihari - BSPCB","15-04-2026 11:00:00",26.63086,84.90051,PM10,40,199,102
India,Bihar,Motihari,"Gandak Colony, Motihari - BSPCB","15-04-2026 11:00:00",26.63086,84.90051,NO2,3,11,5
India,Bihar,Motihari,"Gandak Colony, Motihari - BSPCB","15-04-2026 11:00:00",26.63086,84.90051,CO,14,48,18
India,Bihar,Munger,"Town Hall, Munger - BSPCB","15-04-2026 11:00:00",25.376776,86.471523,PM2.5,27,68,46
India,Andhra_Pradesh,Guntur,"Rajendra Nagar North, Guntur - APPCB","15-04-2026 11:00:00",16.316553,80.413302,NO2,5,21,14
India,Andhra_Pradesh,Guntur,"Rajendra Nagar North, Guntur - APPCB","15-04-2026 11:00:00",16.316553,80.413302,NH3,3,6,5
India,Andhra_Pradesh,Rajamahendravaram,"Anand Kala Kshetram, Rajamahendravaram - APPCB","15-04-2026 11:00:00",16.9872867,81.7363176,NO2,4,21,10
India,Chhattisgarh,Bhilai,"Hathkhoj, Bhilai - CECB","15-04-2026 11:00:00",21.224231,81.408350,NH3,4,6,5
India,Chhattisgarh,Bilaspur,"Mangala, Bilaspur - NTPC","15-04-2026 11:00:00",22.08815,82.13737,NO2,1,27,19
India,Chhattisgarh,Bilaspur,"Mangala, Bilaspur - NTPC","15-04-2026 11:00:00",22.08815,82.13737,SO2,12,42,17
India,Chhattisgarh,Chhal,"Nawapara SECL Colony, Chhal - CECB","15-04-2026 11:00:00",22.118125,83.140608,PM2.5,55,91,74
India,Chhattisgarh,Korba,"Rampur, Korba - CECB","15-04-2026 11:00:00",22.368195,82.746431,PM2.5,23,55,38
India,Chhattisgarh,Korba,"Rampur, Korba - CECB","15-04-2026 11:00:00",22.368195,82.746431,PM10,37,99,69
India,Chhattisgarh,Korba,"Rampur, Korba - CECB","15-04-2026 11:00:00",22.368195,82.746431,NO2,10,42,27
India,Chhattisgarh,Korba,"Urja Nagar, Korba - CECB","15-04-2026 11:00:00",22.348441,82.549611,PM10,20,381,74
India,Chhattisgarh,Korba,"Urja Nagar, Korba - CECB","15-04-2026 11:00:00",22.348441,82.549611,NO2,18,36,26
India,Chhattisgarh,Korba,"Urja Nagar, Korba - CECB","15-04-2026 11:00:00",22.348441,82.549611,OZONE,2,6,2
India,Chhattisgarh,Kunjemura,"OP Jindal School, Kunjemura - CECB","15-04-2026 11:00:00",22.126650,83.483212,PM2.5,30,68,50
India,Chhattisgarh,Milupara,"Govt. Higher Secondary School, Milupara - CECB","15-04-2026 11:00:00",22.1910172,83.5197009,PM2.5,40,168,82
India,Chhattisgarh,Milupara,"Govt. Higher Secondary School, Milupara - CECB","15-04-2026 11:00:00",22.1910172,83.5197009,SO2,13,26,16
India,Chhattisgarh,Milupara,"Govt. Higher Secondary School, Milupara - CECB","15-04-2026 11:00:00",22.1910172,83.5197009,CO,5,61,32
India,Chhattisgarh,Raipur,"AIIMS, Raipur - CECB","15-04-2026 11:00:00",21.258815,81.578979,SO2,1,62,11
India,Chhattisgarh,Raipur,"Bhatagaon New ISBT, Raipur - CECB","15-04-2026 11:00:00",21.219665,81.630094,SO2,5,50,21
India,Chhattisgarh,Raipur,"Krishak Nagar, Raipur - CECB","15-04-2026 11:00:00",21.237755,81.705301,CO,20,35,31
India,Chhattisgarh,Raipur,"Siltara Phase-II, Raipur - CECB","15-04-2026 11:00:00",21.371751,81.664929,NO2,12,63,30
India,Bihar,Munger,"Town Hall, Munger - BSPCB","15-04-2026 11:00:00",25.376776,86.471523,SO2,2,114,59
India,Bihar,Munger,"Town Hall, Munger - BSPCB","15-04-2026 11:00:00",25.376776,86.471523,OZONE,7,13,10
India,Bihar,Muzaffarpur,"Buddha Colony, Muzaffarpur - BSPCB","15-04-2026 11:00:00",26.11442,85.39813,NH3,14,21,18
India,Bihar,Muzaffarpur,"MIT-Daudpur Kothi, Muzaffarpur - BSPCB","15-04-2026 11:00:00",26.1403345,85.3650192,PM10,52,70,60
India,Bihar,Muzaffarpur,"MIT-Daudpur Kothi, Muzaffarpur - BSPCB","15-04-2026 11:00:00",26.1403345,85.3650192,SO2,2,21,9
India,Bihar,Patna,"DRM Office Danapur, Patna - BSPCB","15-04-2026 11:00:00",25.586562,85.043586,PM2.5,30,338,140
India,Bihar,Patna,"DRM Office Danapur, Patna - BSPCB","15-04-2026 11:00:00",25.586562,85.043586,OZONE,10,21,13
India,Chhattisgarh,Raipur,"Siltara Phase-II, Raipur - CECB","15-04-2026 11:00:00",21.371751,81.664929,CO,17,23,19
India,Chhattisgarh,Tumidih,"OP Jindal Industrial Park, Tumidih - CECB","15-04-2026 11:00:00",22.06631475,83.33820077,PM10,29,172,63
India,Chhattisgarh,Tumidih,"OP Jindal Industrial Park, Tumidih - CECB","15-04-2026 11:00:00",22.06631475,83.33820077,OZONE,NA,NA,NA
India,Delhi,Delhi,"Anand Vihar, Delhi - DPCC","15-04-2026 11:00:00",28.647622,77.3158090,NH3,5,11,8
India,Delhi,Delhi,"Anand Vihar, Delhi - DPCC","15-04-2026 11:00:00",28.647622,77.3158090,CO,34,108,96
India,Delhi,Delhi,"Ashok Vihar, Delhi - DPCC","15-04-2026 11:00:00",28.695381,77.181665,SO2,14,87,33
India,Chandigarh,Chandigarh,"Sector-25, Chandigarh - CPCC","15-04-2026 11:00:00",30.751462,76.762879,PM2.5,NA,NA,NA
India,Chandigarh,Chandigarh,"Sector-25, Chandigarh - CPCC","15-04-2026 11:00:00",30.751462,76.762879,NH3,NA,NA,NA
India,Chandigarh,Chandigarh,"Sector-25, Chandigarh - CPCC","15-04-2026 11:00:00",30.751462,76.762879,CO,6,20,14
India,Chandigarh,Chandigarh,"Sector-53, Chandigarh - CPCC","15-04-2026 11:00:00",30.719859,76.738637,NO2,NA,NA,NA
India,Chandigarh,Chandigarh,"Sector-53, Chandigarh - CPCC","15-04-2026 11:00:00",30.719859,76.738637,OZONE,52,86,59
India,Chhattisgarh,Bhilai,"32Bungalows, Bhilai - CECB","15-04-2026 11:00:00",21.194815,81.314770,PM2.5,29,58,47
India,Bihar,Sasaram,"Dada Peer, Sasaram - BSPCB","15-04-2026 11:00:00",24.952822,84.002396,SO2,4,5,4
India,Bihar,Siwan,"Chitragupta Nagar, Siwan - BSPCB","15-04-2026 11:00:00",26.2271665,84.3570427,NH3,1,1,1
India,Chandigarh,Chandigarh,"Sector 22, Chandigarh - CPCC","15-04-2026 11:00:00",30.735567,76.775714,PM2.5,10,187,64
India,Bihar,Purnia,"Mariam Nagar, Purnia - BSPCB","15-04-2026 11:00:00",25.366336,87.117468,OZONE,15,46,24
India,Bihar,Saharsa,"Police Line, Saharsa - BSPCB","15-04-2026 11:00:00",25.892357,86.590325,NH3,4,4,4
India,Bihar,Samastipur,"DM Office_Kasipur, Samastipur - BSPCB","15-04-2026 11:00:00",25.859655,85.77944,PM2.5,NA,NA,NA
India,Bihar,Patna,"Muradpur, Patna - BSPCB","15-04-2026 11:00:00",25.619651,85.147382,NO2,10,11,11
India,Bihar,Patna,"Muradpur, Patna - BSPCB","15-04-2026 11:00:00",25.619651,85.147382,OZONE,15,93,33
India,Bihar,Patna,"Rajbansi Nagar, Patna - BSPCB","15-04-2026 11:00:00",25.599486,85.113666,PM10,60,181,127
India,Bihar,Patna,"Samanpura, Patna - BSPCB","15-04-2026 11:00:00",25.596727,85.085624,SO2,4,6,5
India,Chhattisgarh,Bhilai,"Civic Center, Bhilai - Bhilai Steel Plant","15-04-2026 11:00:00",21.185571,81.343175,PM10,52,104,73
India,Chhattisgarh,Bhilai,"Civic Center, Bhilai - Bhilai Steel Plant","15-04-2026 11:00:00",21.185571,81.343175,NO2,13,14,13
India,Delhi,Delhi,"Major Dhyan Chand National Stadium, Delhi - DPCC","15-04-2026 11:00:00",28.611281,77.237738,SO2,9,50,18
India,Delhi,Delhi,"Major Dhyan Chand National Stadium, Delhi - DPCC","15-04-2026 11:00:00",28.611281,77.237738,CO,3,117,40
India,Delhi,Delhi,"Mandir Marg, Delhi - DPCC","15-04-2026 11:00:00",28.636429,77.201067,NO2,31,106,68
India,Delhi,Delhi,"Mandir Marg, Delhi - DPCC","15-04-2026 11:00:00",28.636429,77.201067,SO2,3,71,28
India,Delhi,Delhi,"Mundka, Delhi - DPCC","15-04-2026 11:00:00",28.684678,77.076574,PM2.5,27,446,233
India,Delhi,Delhi,"Mundka, Delhi - DPCC","15-04-2026 11:00:00",28.684678,77.076574,SO2,16,58,35
India,Delhi,Delhi,"NSIT Dwarka, Delhi - CPCB","15-04-2026 11:00:00",28.60909,77.0325413,SO2,4,26,16
India,Delhi,Delhi,"Cantonment Area, Delhi - DPCC ","15-04-2026 11:00:00","28.594169 ","77.125100 ",PM10,80,296,153
India,Delhi,Delhi,"Cantonment Area, Delhi - DPCC ","15-04-2026 11:00:00","28.594169 ","77.125100 ",SO2,22,41,26
India,Delhi,Delhi,"Cantonment Area, Delhi - DPCC ","15-04-2026 11:00:00","28.594169 ","77.125100 ",CO,30,107,101
India,Delhi,Delhi,"Chandni Chowk, Delhi - IITM","15-04-2026 11:00:00",28.656756,77.227234,PM2.5,36,245,99
India,Delhi,Delhi,"Chandni Chowk, Delhi - IITM","15-04-2026 11:00:00",28.656756,77.227234,PM10,102,250,169
India,Delhi,Delhi,"Chandni Chowk, Delhi - IITM","15-04-2026 11:00:00",28.656756,77.227234,NH3,6,33,19
India,Delhi,Delhi,"Commonwealth Sports Complex, Delhi - DPCC","15-04-2026 11:00:00","28.615828 ","77.271992 ",NH3,2,10,6
India,Delhi,Delhi,"IGI Airport (T3), Delhi - IMD","15-04-2026 11:00:00",28.5627763,77.1180053,CO,36,106,86
India,Delhi,Delhi,"IGNOU_Maidan Garhi, Delhi - DPCC","15-04-2026 11:00:00","28.493624 ","77.201159 ",OZONE,10,177,151
India,Delhi,Delhi,"IHBAS, Dilshad Garden, Delhi - CPCB","15-04-2026 11:00:00",28.6811736,77.3025234,PM2.5,NA,NA,NA
India,Delhi,Delhi,"IHBAS, Dilshad Garden, Delhi - CPCB","15-04-2026 11:00:00",28.6811736,77.3025234,NO2,36,139,80
India,Delhi,Delhi,"IHBAS, Dilshad Garden, Delhi - CPCB","15-04-2026 11:00:00",28.6811736,77.3025234,SO2,3,52,26
India,Delhi,Delhi,"DTU, Delhi - CPCB","15-04-2026 11:00:00",28.7500499,77.1112615,OZONE,16,100,17
India,Delhi,Delhi,"Dr. Karni Singh Shooting Range, Delhi - DPCC","15-04-2026 11:00:00",28.498571,77.264840,SO2,12,48,26
India,Delhi,Delhi,"Dwarka-Sector 8, Delhi - DPCC ","15-04-2026 11:00:00",28.5710274,77.0719006,SO2,13,109,30
India,Delhi,Delhi,"Dwarka-Sector 8, Delhi - DPCC ","15-04-2026 11:00:00",28.5710274,77.0719006,CO,48,154,102
India,Delhi,Delhi,"Jawaharlal Nehru Stadium, Delhi - DPCC","15-04-2026 11:00:00",28.580280,77.233829,PM10,125,400,218
India,Delhi,Delhi,"Jawaharlal Nehru Stadium, Delhi - DPCC","15-04-2026 11:00:00",28.580280,77.233829,NO2,34,159,106
India,Delhi,Delhi,"Lodhi Road, Delhi - IMD","15-04-2026 11:00:00",28.5918245,77.2273074,OZONE,20,170,168
India,Delhi,Delhi,"ITO, Delhi - CPCB","15-04-2026 11:00:00",28.628624,77.241060,CO,23,116,68
India,Delhi,Delhi,"Jahangirpuri, Delhi - DPCC","15-04-2026 11:00:00",28.732820,77.170633,PM2.5,57,420,248
India,Delhi,Delhi,"New Moti Bagh, Delhi - MHUA","15-04-2026 11:00:00",28.57834,77.18400,PM2.5,39,284,103
India,Delhi,Delhi,"New Moti Bagh, Delhi - MHUA","15-04-2026 11:00:00",28.57834,77.18400,NO2,8,9,9
India,Delhi,Delhi,"IIT Delhi, Delhi - IITM","15-04-2026 11:00:00",28.542460,77.191651,PM10,58,405,157
India,Delhi,Delhi,"IIT Delhi, Delhi - IITM","15-04-2026 11:00:00",28.542460,77.191651,CO,58,108,96
India,Delhi,Delhi,"Narela, Delhi - DPCC","15-04-2026 11:00:00",28.822836,77.101981,NH3,5,8,6
India,Gujarat,Gandhinagar,"GIFT City, Gandhinagar - IITM","15-04-2026 11:00:00",23.163798,72.677768,PM2.5,25,73,51
India,Gujarat,Gandhinagar,"GIFT City, Gandhinagar - IITM","15-04-2026 11:00:00",23.163798,72.677768,PM10,121,245,171
India,Gujarat,Gandhinagar,"GIFT City, Gandhinagar - IITM","15-04-2026 11:00:00",23.163798,72.677768,NO2,17,68,30
India,Gujarat,Gandhinagar,"GIFT City, Gandhinagar - IITM","15-04-2026 11:00:00",23.163798,72.677768,CO,12,58,48
India,Gujarat,Gandhinagar,"IIPHG Lekawada, Gandhinagar - IITM","15-04-2026 11:00:00",23.243639,72.68994,PM10,70,131,102
India,Gujarat,Gandhinagar,"IIPHG Lekawada, Gandhinagar - IITM","15-04-2026 11:00:00",23.243639,72.68994,SO2,3,24,8
India,Gujarat,Gandhinagar,"IIPHG Lekawada, Gandhinagar - IITM","15-04-2026 11:00:00",23.243639,72.68994,CO,26,73,47
India,Gujarat,Gandhinagar,"Sector-10, Gandhinagar - GPCB","15-04-2026 11:00:00",23.221714,72.654328,NO2,7,19,13
India,Delhi,Delhi,"Shadipur, Delhi - CPCB","15-04-2026 11:00:00",28.6514781,77.1473105,SO2,7,21,14
India,Delhi,Delhi,"Shadipur, Delhi - CPCB","15-04-2026 11:00:00",28.6514781,77.1473105,CO,40,121,94
India,Delhi,Delhi,"Sirifort, Delhi - CPCB","15-04-2026 11:00:00",28.5504249,77.2159377,NO2,22,47,36
India,Delhi,Delhi,"Sonia Vihar, Delhi - DPCC","15-04-2026 11:00:00",28.710508,77.249485,NO2,16,84,50
India,Delhi,Delhi,"Sonia Vihar, Delhi - DPCC","15-04-2026 11:00:00",28.710508,77.249485,CO,30,125,95
India,Delhi,Delhi,"Sonia Vihar, Delhi - DPCC","15-04-2026 11:00:00",28.710508,77.249485,OZONE,2,91,20
India,Delhi,Delhi,"Sri Aurobindo Marg, Delhi - DPCC","15-04-2026 11:00:00",28.531346,77.190156,PM2.5,40,339,98
India,Delhi,Delhi,"Sri Aurobindo Marg, Delhi - DPCC","15-04-2026 11:00:00",28.531346,77.190156,PM10,67,294,121
India,Delhi,Delhi,"Talkatora Garden, Delhi - DPCC","15-04-2026 11:00:00",28.621810,77.1944633,SO2,18,31,26
India,Delhi,Delhi,"Vivek Vihar, Delhi - DPCC","15-04-2026 11:00:00",28.672342,77.315260,PM2.5,34,334,192
India,Delhi,Delhi,"Vivek Vihar, Delhi - DPCC","15-04-2026 11:00:00",28.672342,77.315260,NO2,29,162,87
India,Delhi,Delhi,"Wazirpur, Delhi - DPCC","15-04-2026 11:00:00",28.699793,77.165453,PM2.5,56,426,212
India,Gujarat,Ahmedabad,"SVPI Airport Hansol, Ahmedabad - IITM","15-04-2026 11:00:00",23.076793,72.627874,PM10,92,296,142
India,Gujarat,Ankleshwar,"GIDC, Ankleshwar - GPCB","15-04-2026 11:00:00",21.613267,73.010555,NH3,7,8,8
India,Gujarat,Ankleshwar,"GIDC, Ankleshwar - GPCB","15-04-2026 11:00:00",21.613267,73.010555,CO,33,68,51
India,Gujarat,Bhavnagar,"Vidhyanagar, Bhavnagar - Nexteng Enviro","15-04-2026 11:00:00",21.755417,72.139056,OZONE,5,36,10
India,Gujarat,Ahmedabad,"Chandkheda, Ahmedabad - IITM","15-04-2026 11:00:00",23.107969,72.574648,PM10,105,194,148
India,Gujarat,Ahmedabad,"Chandkheda, Ahmedabad - IITM","15-04-2026 11:00:00",23.107969,72.574648,CO,3,38,28
India,Gujarat,Ahmedabad,"Gyaspur, Ahmedabad - IITM","15-04-2026 11:00:00",22.977134,72.553024,PM10,93,221,136
India,Gujarat,Ahmedabad,"Maninagar, Ahmedabad - GPCB","15-04-2026 11:00:00",23.002657,72.591912,NO2,82,89,86
India,Delhi,Delhi,"Pusa, Delhi - DPCC","15-04-2026 11:00:00",28.639652,77.146275,NO2,62,164,96
India,Delhi,Delhi,"Pusa, Delhi - DPCC","15-04-2026 11:00:00",28.639652,77.146275,SO2,9,88,29
India,Delhi,Delhi,"Pusa, Delhi - IMD","15-04-2026 11:00:00",28.636110,77.173332,NO2,4,115,61
India,Delhi,Delhi,"R K Puram, Delhi - DPCC","15-04-2026 11:00:00",28.563262,77.186937,OZONE,7,72,21
India,Delhi,Delhi,"Okhla Phase-2, Delhi - DPCC","15-04-2026 11:00:00",28.530785,77.271255,OZONE,3,68,16
India,Delhi,Delhi,"Patparganj, Delhi - DPCC","15-04-2026 11:00:00",28.623763,77.287209,PM2.5,28,400,175
India,Delhi,Delhi,"Patparganj, Delhi - DPCC","15-04-2026 11:00:00",28.623763,77.287209,PM10,104,417,222
India,Gujarat,Ahmedabad,"Raikhad, Ahmedabad - IITM","15-04-2026 11:00:00",23.020509,72.579261,PM2.5,38,133,70
India,Gujarat,Ahmedabad,"Raikhad, Ahmedabad - IITM","15-04-2026 11:00:00",23.020509,72.579261,SO2,8,94,23
India,Gujarat,Ahmedabad,"Rakhial, Ahmedabad - IITM","15-04-2026 11:00:00",23.016834,72.625775,PM2.5,36,73,51
India,Gujarat,Ahmedabad,"SAC ISRO Satellite, Ahmedabad - IITM","15-04-2026 11:00:00",23.023389,72.515201,NO2,6,23,11
India,Gujarat,Ahmedabad,"SAC ISRO Satellite, Ahmedabad - IITM","15-04-2026 11:00:00",23.023389,72.515201,NH3,1,8,4
India,Gujarat,Vadodara,"Bapunagar, Vadodara - Nexteng Enviro","15-04-2026 11:00:00",22.320153,73.216285,PM10,35,181,97
India,Gujarat,Vapi,"Phase-1 GIDC, Vapi - GPCB","15-04-2026 11:00:00",20.362421,72.918013,PM2.5,48,207,93
India,Gujarat,Vapi,"Phase-1 GIDC, Vapi - GPCB","15-04-2026 11:00:00",20.362421,72.918013,NO2,17,37,21
India,Gujarat,Vapi,"Phase-1 GIDC, Vapi - GPCB","15-04-2026 11:00:00",20.362421,72.918013,SO2,21,36,27
India,Gujarat,Vatva,"Phase-4 GIDC, Vatva - GPCB","15-04-2026 11:00:00",22.969611,72.643500,PM2.5,75,226,125
India,Gujarat,Vatva,"Phase-4 GIDC, Vatva - GPCB","15-04-2026 11:00:00",22.969611,72.643500,OZONE,27,45,27
India,Haryana,Ambala,"Patti Mehar, Ambala - HSPCB","15-04-2026 11:00:00",30.379589,76.778328,CO,22,48,24
India,Haryana,Dharuhera,"Municipal Corporation Office, Dharuhera -  HSPCB","15-04-2026 11:00:00",28.206800,76.799700,OZONE,24,35,26
India,Haryana,Faridabad,"New Industrial Town, Faridabad - HSPCB","15-04-2026 11:00:00",28.39072,77.30059,NH3,11,12,11
India,Haryana,Faridabad,"New Industrial Town, Faridabad - HSPCB","15-04-2026 11:00:00",28.39072,77.30059,CO,57,98,87
India,Haryana,Faridabad,"Sector 11, Faridabad - HSPCB","15-04-2026 11:00:00",28.376058,77.315741,NH3,10,10,10
India,Haryana,Ballabgarh,"Nathu Colony, Ballabgarh - HSPCB","15-04-2026 11:00:00",28.3419248,77.319699,PM10,142,415,253
India,Haryana,Bhiwani,"H.B. Colony, Bhiwani - HSPCB","15-04-2026 11:00:00",28.806223,76.141105,PM2.5,27,35,30
India,Haryana,Bhiwani,"H.B. Colony, Bhiwani - HSPCB","15-04-2026 11:00:00",28.806223,76.141105,SO2,2,15,7
India,Gujarat,Mehsana,"Sadanand Nagar, Mehsana - Nexteng Enviro","15-04-2026 11:00:00",23.593150,72.372792,PM10,67,159,119
India,Gujarat,Nandesari,"GIDC, Nandesari - Nandesari Ind. Association","15-04-2026 11:00:00",22.410802,73.097923,CO,12,98,38
India,Gujarat,Rajkot,"Mavdi, Rajkot - Nexteng Enviro ","15-04-2026 11:00:00",22.248853,70.776774,NH3,1,2,1
India,Gujarat,Surat,"Katargam, Surat - Nexteng Enviro","15-04-2026 11:00:00","21.217779 ","72.834787 ",PM10,40,114,78
India,Haryana,Gurugram,"NISE Gwal Pahari, Gurugram - IMD","15-04-2026 11:00:00",28.422681,77.148944,CO,32,101,74
India,Haryana,Gurugram,"Sector-51, Gurugram - HSPCB","15-04-2026 11:00:00",28.4227,77.0667,NO2,4,10,6
India,Haryana,Gurugram,"Vikas Sadan, Gurugram - HSPCB","15-04-2026 11:00:00",28.4501238,77.0263051,PM2.5,NA,NA,NA
India,Haryana,Hisar,"Urban Estate-II, Hisar - HSPCB","15-04-2026 11:00:00",29.140560,75.744941,NO2,32,33,32
India,Haryana,Fatehabad,"Huda Sector, Fatehabad - HSPCB","15-04-2026 11:00:00",29.503664,75.467934,PM2.5,41,113,74
India,Haryana,Fatehabad,"Huda Sector, Fatehabad - HSPCB","15-04-2026 11:00:00",29.503664,75.467934,NO2,18,20,19
India,Haryana,Karnal,"Sector-12, Karnal - HSPCB","15-04-2026 11:00:00",29.695300,77.002700,NH3,6,7,6
India,Haryana,Karnal,"Sector-12, Karnal - HSPCB","15-04-2026 11:00:00",29.695300,77.002700,CO,12,16,15
India,Haryana,Kurukshetra,"Sector-7, Kurukshetra - HSPCB","15-04-2026 11:00:00",29.966942,76.875879,PM2.5,49,89,73
India,Haryana,Kurukshetra,"Sector-7, Kurukshetra - HSPCB","15-04-2026 11:00:00",29.966942,76.875879,PM10,115,190,137
India,Haryana,Kurukshetra,"Sector-7, Kurukshetra - HSPCB","15-04-2026 11:00:00",29.966942,76.875879,SO2,15,27,20
India,Haryana,Mandikhera,"General Hospital, Mandikhera(Nuh) - HSPCB","15-04-2026 11:00:00",27.9002,76.9938,SO2,NA,NA,NA
India,Haryana,Manesar,"Sector-2 IMT, Manesar - HSPCB","15-04-2026 11:00:00",28.360699,76.936090,NH3,7,17,13
India,Haryana,Manesar,"Sector-2 IMT, Manesar - HSPCB","15-04-2026 11:00:00",28.360699,76.936090,CO,10,76,44
India,Karnataka,Bagalkot,"Vidayagiri, Bagalkot - KSPCB","15-04-2026 11:00:00",16.172806,75.659694,CO,4,48,27
India,Karnataka,Bagalkot,"Vidayagiri, Bagalkot - KSPCB","15-04-2026 11:00:00",16.172806,75.659694,OZONE,12,13,12
India,Karnataka,Bengaluru,"BTM Layout, Bengaluru - CPCB","15-04-2026 11:00:00",12.9135218,77.5950804,PM10,88,89,89
India,Karnataka,Bengaluru,"BWSSB Kadabesanahalli, Bengaluru - CPCB","15-04-2026 11:00:00",12.9352049,77.6814488,PM2.5,15,59,35
India,Karnataka,Bengaluru,"BWSSB Kadabesanahalli, Bengaluru - CPCB","15-04-2026 11:00:00",12.9352049,77.6814488,SO2,3,32,8
India,Jharkhand,Dhanbad,"Sardar Patel Nagar, Dhanbad - JSPCB","15-04-2026 11:00:00",23.80569,86.44268,PM10,NA,NA,NA
India,Jharkhand,Dhanbad,"Sardar Patel Nagar, Dhanbad - JSPCB","15-04-2026 11:00:00",23.80569,86.44268,OZONE,1,70,8
India,Jharkhand,Jorapokhar,"Tata Stadium, Jorapokhar - JSPCB","15-04-2026 11:00:00",23.707909,86.414670,OZONE,2,48,3
India,Karnataka,Bagalkot,"Vidayagiri, Bagalkot - KSPCB","15-04-2026 11:00:00",16.172806,75.659694,PM2.5,34,36,35
India,Haryana,"Yamuna Nagar","Gobind Pura, Yamuna Nagar - HSPCB","15-04-2026 11:00:00",30.1480566,77.2893471,SO2,9,15,12
India,"Himachal Pradesh",Baddi,"HIMUDA Complex Phase-1, Baddi - HPPCB","15-04-2026 11:00:00",30.943887,76.801991,PM2.5,42,322,104
India,"Himachal Pradesh",Baddi,"HIMUDA Complex Phase-1, Baddi - HPPCB","15-04-2026 11:00:00",30.943887,76.801991,NH3,2,4,3
India,"Himachal Pradesh",Baddi,"HIMUDA Complex Phase-1, Baddi - HPPCB","15-04-2026 11:00:00",30.943887,76.801991,OZONE,26,152,82
India,Haryana,Narnaul,"Shastri Nagar, Narnaul - HSPCB","15-04-2026 11:00:00",28.060249,76.113115,NH3,4,6,5
India,Haryana,Palwal,"Shyam Nagar, Palwal - HSPCB","15-04-2026 11:00:00",28.1485564,77.3320667,NO2,23,24,24
India,Haryana,Palwal,"Shyam Nagar, Palwal - HSPCB","15-04-2026 11:00:00",28.1485564,77.3320667,CO,28,28,28
India,Haryana,Palwal,"Shyam Nagar, Palwal - HSPCB","15-04-2026 11:00:00",28.1485564,77.3320667,OZONE,23,25,24
India,Haryana,Jind,"Police Lines, Jind - HSPCB","15-04-2026 11:00:00",29.307814,76.337619,NO2,30,42,36
India,Haryana,Kaithal,"Rishi Nagar, Kaithal - HSPCB","15-04-2026 11:00:00",29.8006,76.4155,PM2.5,29,80,58
India,Haryana,Kaithal,"Rishi Nagar, Kaithal - HSPCB","15-04-2026 11:00:00",29.8006,76.4155,NO2,25,33,31
India,Haryana,Rohtak,"MD University, Rohtak - HSPCB","15-04-2026 11:00:00",28.52123,76.37138,CO,30,38,36
India,Haryana,Sonipat,"Murthal, Sonipat - HSPCB","15-04-2026 11:00:00",29.027200,77.062100,PM2.5,61,301,157
India,Haryana,Panchkula,"Sector-6, Panchkula - HSPCB ","15-04-2026 11:00:00",30.7057778,76.8531805555555,CO,18,46,42
India,Haryana,Panchkula,"Sector-6, Panchkula - HSPCB ","15-04-2026 11:00:00",30.7057778,76.8531805555555,OZONE,6,58,8
India,Karnataka,Bengaluru,"Bapuji Nagar, Bengaluru - KSPCB","15-04-2026 11:00:00",12.951913,77.539784,NO2,26,33,28
India,Karnataka,Chikkaballapur,"Chikkaballapur Rural, Chikkaballapur - KSPCB","15-04-2026 11:00:00",13.428828,77.731418,CO,34,55,46
India,Karnataka,Chikkamagaluru,"Kalyana Nagara, Chikkamagaluru - KSPCB","15-04-2026 11:00:00",13.328028,75.797056,PM2.5,21,68,36
India,Karnataka,Chikkamagaluru,"Kalyana Nagara, Chikkamagaluru - KSPCB","15-04-2026 11:00:00",13.328028,75.797056,NO2,18,27,20
India,Karnataka,Chikkamagaluru,"Kalyana Nagara, Chikkamagaluru - KSPCB","15-04-2026 11:00:00",13.328028,75.797056,SO2,2,7,4
India,Karnataka,Hubballi,"Lingaraj Nagar, Hubballi - KSPCB","15-04-2026 11:00:00",15.3714823,75.1160168,CO,14,30,16
India,Karnataka,Kalaburagi,"Mahatma Basaveswar Colony, Kalaburgi - KSPCB","15-04-2026 11:00:00",17.336318,76.847397,PM10,30,83,60
India,Karnataka,Kalaburagi,"Mahatma Basaveswar Colony, Kalaburgi - KSPCB","15-04-2026 11:00:00",17.336318,76.847397,NH3,3,3,3
India,Karnataka,Mysuru,"Hebbal 1st Stage, Mysuru - KSPCB","15-04-2026 11:00:00",12.21041,76.37376,NO2,14,21,18
India,Karnataka,Mysuru,"Hebbal 1st Stage, Mysuru - KSPCB","15-04-2026 11:00:00",12.21041,76.37376,CO,12,42,29
India,Karnataka,Mysuru,"Hebbal 1st Stage, Mysuru - KSPCB","15-04-2026 11:00:00",12.21041,76.37376,OZONE,10,155,17
India,Karnataka,Ramanagara,"Vijay Nagar, Ramanagara - KSPCB","15-04-2026 11:00:00",12.733409,77.298051,PM2.5,47,126,70
India,Karnataka,Ramanagara,"Vijay Nagar, Ramanagara - KSPCB","15-04-2026 11:00:00",12.733409,77.298051,NO2,7,30,15
India,Karnataka,Shivamogga,"Vinoba Nagara, Shivamogga - KSPCB","15-04-2026 11:00:00",13.940000,75.555917,PM2.5,26,45,35
India,Karnataka,Shivamogga,"Vinoba Nagara, Shivamogga - KSPCB","15-04-2026 11:00:00",13.940000,75.555917,NO2,20,27,23
India,Karnataka,Tumakuru,"Thimmalapura, Tumakuru - KSPCB","15-04-2026 11:00:00",13.377516,77.099072,PM2.5,NA,NA,NA
India,Karnataka,Bengaluru,"RVCE-Mailasandra, Bengaluru - KSPCB","15-04-2026 11:00:00",12.921418,77.502466,CO,1,24,11
India,Karnataka,Bengaluru,"Sanegurava Halli, Bengaluru - KSPCB","15-04-2026 11:00:00",12.990328,77.5431385,CO,NA,NA,NA
India,Karnataka,Bengaluru,"Shivapura_Peenya, Bengaluru - KSPCB","15-04-2026 11:00:00",13.0246342,77.5080115,PM10,28,32,32
India,Karnataka,Bengaluru,"Shivapura_Peenya, Bengaluru - KSPCB","15-04-2026 11:00:00",13.0246342,77.5080115,NO2,23,24,23
India,Karnataka,Bengaluru,"Shivapura_Peenya, Bengaluru - KSPCB","15-04-2026 11:00:00",13.0246342,77.5080115,OZONE,25,26,26
India,Karnataka,Chamarajanagar,"Urban, Chamarajanagar - KSPCB","15-04-2026 11:00:00",11.55358,76.55521,OZONE,13,30,23
India,Karnataka,Chikkaballapur,"Chikkaballapur Rural, Chikkaballapur - KSPCB","15-04-2026 11:00:00",13.428828,77.731418,NH3,1,1,1
India,Karnataka,Tumakuru,"Thimmalapura, Tumakuru - KSPCB","15-04-2026 11:00:00",13.377516,77.099072,NO2,NA,NA,NA
India,Karnataka,Tumakuru,"Thimmalapura, Tumakuru - KSPCB","15-04-2026 11:00:00",13.377516,77.099072,NH3,NA,NA,NA
India,Karnataka,Tumakuru,"Thimmalapura, Tumakuru - KSPCB","15-04-2026 11:00:00",13.377516,77.099072,SO2,NA,NA,NA
India,Karnataka,Tumakuru,"Thimmalapura, Tumakuru - KSPCB","15-04-2026 11:00:00",13.377516,77.099072,CO,NA,NA,NA
India,Karnataka,Vijayapura,"Ibrahimpur, Vijayapura - KSPCB","15-04-2026 11:00:00",16.802639,75.722694,PM10,38,39,39
India,Karnataka,Yadgir,"Collector Office, Yadgir - KSPCB","15-04-2026 11:00:00",16.7602,77.1428,OZONE,1,8,7
India,Kerala,Kannur,"Thavakkara, Kannur - Kerala PCB","15-04-2026 11:00:00",11.875000,75.373200,PM10,48,54,49
India,Kerala,Thiruvananthapuram,"Kariavattom, Thiruvananthapuram - Kerala PCB","15-04-2026 11:00:00",8.563700,76.886500,CO,52,83,71
India,Kerala,Thrissur,"Corporation Ground, Thrissur - Kerala PCB","15-04-2026 11:00:00",10.532400,76.215900,SO2,1,1,1
India,Kerala,Thrissur,"Corporation Ground, Thrissur - Kerala PCB","15-04-2026 11:00:00",10.532400,76.215900,CO,8,30,24
India,"Madhya Pradesh",Bhopal,"Paryavaran Parisar, Bhopal - MPPCB","15-04-2026 11:00:00",23.210494,77.425409,PM10,36,169,97
India,Karnataka,Bengaluru,"Jayanagar 5th Block, Bengaluru - KSPCB","15-04-2026 11:00:00",12.920984,77.584908,SO2,5,38,22
India,Karnataka,Bengaluru,"Jigani, Bengaluru - KSPCB","15-04-2026 11:00:00",12.7816279,77.6299145,SO2,18,19,18
India,Karnataka,Bengaluru,"Kasturi Nagar, Bengaluru - KSPCB","15-04-2026 11:00:00",13.003872,77.664217,PM2.5,NA,NA,NA
India,Karnataka,Bengaluru,"RVCE-Mailasandra, Bengaluru - KSPCB","15-04-2026 11:00:00",12.921418,77.502466,NO2,20,26,26
India,"Madhya Pradesh",Gwalior,"Maharaj Bada, Gwalior - MPPCB","15-04-2026 11:00:00",26.200388,78.147714,CO,1,194,30
India,"Madhya Pradesh",Indore,"Chhoti Gwaltoli, Indore - MPPCB","15-04-2026 11:00:00",22.4310,75.5213,PM2.5,38,97,67
India,"Madhya Pradesh",Indore,"Chhoti Gwaltoli, Indore - MPPCB","15-04-2026 11:00:00",22.4310,75.5213,PM10,85,124,109
India,"Madhya Pradesh",Indore,"Chhoti Gwaltoli, Indore - MPPCB","15-04-2026 11:00:00",22.4310,75.5213,NH3,18,25,20
India,Karnataka,Bengaluru,"City Railway Station, Bengaluru - KSPCB","15-04-2026 11:00:00",12.9756843,77.5660749,PM10,NA,NA,NA
India,Karnataka,Bengaluru,"Hebbal, Bengaluru - KSPCB","15-04-2026 11:00:00",13.029152,77.585901,NH3,NA,NA,NA
India,Karnataka,Bengaluru,"Hebbal, Bengaluru - KSPCB","15-04-2026 11:00:00",13.029152,77.585901,SO2,NA,NA,NA
India,Karnataka,Bengaluru,"Hombegowda Nagar, Bengaluru - KSPCB","15-04-2026 11:00:00",12.938539,77.590100,CO,6,24,13
India,"Madhya Pradesh",Bhopal,"T T Nagar, Bhopal - MPPCB","15-04-2026 11:00:00",23.233584,77.400574,NO2,16,79,34
India,"Madhya Pradesh",Bhopal,"T T Nagar, Bhopal - MPPCB","15-04-2026 11:00:00",23.233584,77.400574,SO2,7,33,19
India,"Madhya Pradesh",Damoh,"Shrivastav Colony, Damoh - MPPCB","15-04-2026 11:00:00",23.81748678,79.446246,CO,NA,NA,NA
India,Maharashtra,Amravati,"Shivneri Colony, Amravati - MPCB","15-04-2026 11:00:00",20.9402359,77.7895248,CO,14,70,18
India,Maharashtra,Amravati,"Shri Shivaji Science College, Amravati - MPCB","15-04-2026 11:00:00",20.939198,77.765701,PM10,80,137,108
India,Maharashtra,Amravati,"Shri Shivaji Science College, Amravati - MPCB","15-04-2026 11:00:00",20.939198,77.765701,NO2,5,86,27
India,Maharashtra,Amravati,"Shri Shivaji Science College, Amravati - MPCB","15-04-2026 11:00:00",20.939198,77.765701,CO,20,107,27
India,Maharashtra,Aurangabad,"Rachnakar Colony, Aurangabad - MPCB","15-04-2026 11:00:00",19.863756,75.321188,CO,21,72,31
India,Maharashtra,Badlapur,"Katrap, Badlapur - MPCB","15-04-2026 11:00:00",19.16485,73.23409,PM10,50,137,98
India,Maharashtra,Badlapur,"Katrap, Badlapur - MPCB","15-04-2026 11:00:00",19.16485,73.23409,SO2,4,9,6
India,Maharashtra,Badlapur,"Katrap, Badlapur - MPCB","15-04-2026 11:00:00",19.16485,73.23409,CO,29,52,48
India,Maharashtra,Badlapur,"Katrap, Badlapur - MPCB","15-04-2026 11:00:00",19.16485,73.23409,OZONE,11,83,22
India,"Madhya Pradesh",Ujjain,"Mahashweta Nagar, Ujjain - MPPCB","15-04-2026 11:00:00",23.1633321,75.800225,NH3,5,13,9
India,"Madhya Pradesh",Ujjain,"Mahashweta Nagar, Ujjain - MPPCB","15-04-2026 11:00:00",23.1633321,75.800225,CO,16,70,28
India,Maharashtra,Ahmednagar,"Tarakpur, Ahmednagar - MPCB","15-04-2026 11:00:00",19.10122,74.73339,NH3,5,6,6
India,Maharashtra,Ahmednagar,"Tarakpur, Ahmednagar - MPCB","15-04-2026 11:00:00",19.10122,74.73339,OZONE,7,84,38
India,Maharashtra,Ambernath,"Chinchpada, Ambernath - MPCB","15-04-2026 11:00:00",19.2157840,73.1997810,NO2,19,82,43
India,Maharashtra,Ambernath,"Chinchpada, Ambernath - MPCB","15-04-2026 11:00:00",19.2157840,73.1997810,SO2,6,29,15
India,Maharashtra,Amravati,"Shivneri Colony, Amravati - MPCB","15-04-2026 11:00:00",20.9402359,77.7895248,NH3,2,3,3
India,"Madhya Pradesh",Jabalpur,"Gupteshwar, Jabalpur - JMC","15-04-2026 11:00:00",23.142888,79.916147,CO,28,112,44
India,"Madhya Pradesh",Jabalpur,"Marhatal, Jabalpur - MPPCB","15-04-2026 11:00:00",23.168606,79.932247,OZONE,61,110,65
India,"Madhya Pradesh",Mandideep,"Sector-D Industrial Area, Mandideep - MPPCB","15-04-2026 11:00:00",23.108440,77.511428,NH3,4,8,6
India,"Madhya Pradesh",Mandideep,"Sector-D Industrial Area, Mandideep - MPPCB","15-04-2026 11:00:00",23.108440,77.511428,CO,12,114,33
India,"Madhya Pradesh",Pithampur,"Sector-2 Industrial Area, Pithampur - MPPCB","15-04-2026 11:00:00",22.624758,75.675238,PM10,113,239,150
India,"Madhya Pradesh",Indore,"Maguda Nagar, Indore - IMC","15-04-2026 11:00:00",22.7524,75.8872,SO2,26,35,30
India,"Madhya Pradesh",Indore,"Regional Park, Indore - IMC","15-04-2026 11:00:00",22.6780,75.8559,PM2.5,12,88,58
India,"Madhya Pradesh",Indore,"Residency Area, Indore - IMC","15-04-2026 11:00:00",22.7084,75.8815,OZONE,6,13,7
India,"Madhya Pradesh",Jabalpur,"Gupteshwar, Jabalpur - JMC","15-04-2026 11:00:00",23.142888,79.916147,PM2.5,38,216,110
India,"Madhya Pradesh",Jabalpur,"Gupteshwar, Jabalpur - JMC","15-04-2026 11:00:00",23.142888,79.916147,PM10,71,192,129
India,Maharashtra,Beed,"Bir, Beed - MPCB","15-04-2026 11:00:00",18.988474,75.753873,PM10,45,188,88
India,Maharashtra,Beed,"Bir, Beed - MPCB","15-04-2026 11:00:00",18.988474,75.753873,OZONE,3,53,20
India,Maharashtra,Belapur,"CBD Belapur, Belapur - MPCB","15-04-2026 11:00:00",19.0243902,73.0406721,NH3,NA,NA,NA
India,Maharashtra,Belapur,"CBD Belapur, Belapur - MPCB","15-04-2026 11:00:00",19.0243902,73.0406721,CO,26,59,38
India,Maharashtra,Belapur,"CBD Belapur, Belapur - MPCB","15-04-2026 11:00:00",19.0243902,73.0406721,OZONE,3,135,18
India,Maharashtra,Bhiwandi,"Gokul Nagar, Bhiwandi - MPCB","15-04-2026 11:00:00",19.309073,73.057223,OZONE,12,84,23
India,Maharashtra,Chandrapur,"MIDC Khutala, Chandrapur - MPCB","15-04-2026 11:00:00",19.9775302,79.2337086,NH3,1,4,2
India,Maharashtra,Dhule,"Deopur, Dhule - MPCB","15-04-2026 11:00:00",20.918946,74.776388,NO2,6,32,16
India,Maharashtra,Dhule,"Deopur, Dhule - MPCB","15-04-2026 11:00:00",20.918946,74.776388,NH3,1,2,1
India,Maharashtra,Hingoli,"Ashta Vinayak Nagar, Hingoli - MPCB","15-04-2026 11:00:00",19.710842,77.151824,PM10,46,102,64
India,Maharashtra,Hingoli,"Ashta Vinayak Nagar, Hingoli - MPCB","15-04-2026 11:00:00",19.710842,77.151824,NO2,8,64,22
India,"Madhya Pradesh",Pithampur,"Sector-2 Industrial Area, Pithampur - MPPCB","15-04-2026 11:00:00",22.624758,75.675238,SO2,6,105,36
India,"Madhya Pradesh",Ratlam,"Shasthri Nagar, Ratlam - IPCA Lab","15-04-2026 11:00:00",23.331731,75.045981,NO2,13,22,16
India,"Madhya Pradesh",Sagar,"Civil Lines, Sagar - MPPCB","15-04-2026 11:00:00",23.838586,78.759431,PM2.5,15,118,60
India,"Madhya Pradesh",Singrauli,"Suryakiran Bhawan NCL, Singrauli - MPPCB","15-04-2026 11:00:00",24.108970,82.645580,PM10,100,440,233
India,"Madhya Pradesh",Singrauli,"Suryakiran Bhawan NCL, Singrauli - MPPCB","15-04-2026 11:00:00",24.108970,82.645580,NO2,14,21,16
India,"Madhya Pradesh",Ujjain,"Mahashweta Nagar, Ujjain - MPPCB","15-04-2026 11:00:00",23.1633321,75.800225,NO2,28,86,48
India,Maharashtra,Kolhapur,"Sinchan Bhavan, Kolhapur - MPCB","15-04-2026 11:00:00",16.7143745,74.2426398,PM10,NA,NA,NA
India,Maharashtra,Kolhapur,"Sinchan Bhavan, Kolhapur - MPCB","15-04-2026 11:00:00",16.7143745,74.2426398,NO2,NA,NA,NA
India,Maharashtra,Kolhapur,"Sinchan Bhavan, Kolhapur - MPCB","15-04-2026 11:00:00",16.7143745,74.2426398,CO,16,16,16
India,Maharashtra,Latur,"Sawe Wadi, Latur - MPCB","15-04-2026 11:00:00",18.39963,76.57452,NO2,9,85,25
India,Maharashtra,Latur,"Sawe Wadi, Latur - MPCB","15-04-2026 11:00:00",18.39963,76.57452,NH3,3,25,7
India,Maharashtra,Latur,"Sawe Wadi, Latur - MPCB","15-04-2026 11:00:00",18.39963,76.57452,CO,4,42,28
India,Maharashtra,Mahad,"Kamble Tarf Birwadi, Mahad - MPCB","15-04-2026 11:00:00",18.1023399,73.4783687,OZONE,30,62,35
India,Maharashtra,Malegaon,"Mahesh Nagar, Malegaon - MPCB","15-04-2026 11:00:00",20.555712,74.529236,SO2,NA,NA,NA
India,Maharashtra,Mira-Bhayandar,"Bhayandar West, Mira-Bhayandar - MPCB","15-04-2026 11:00:00",19.296481,72.840923,NH3,3,8,6
India,Maharashtra,Mumbai,"Deonar, Mumbai - IITM","15-04-2026 11:00:00",19.04946,72.9230,NO2,NA,NA,NA
India,Maharashtra,Mumbai,"Kandivali East, Mumbai - MPCB","15-04-2026 11:00:00",19.205800,72.868200,PM2.5,1,35,14
India,Maharashtra,Mumbai,"Kandivali East, Mumbai - MPCB","15-04-2026 11:00:00",19.205800,72.868200,NH3,4,4,4
India,Maharashtra,Mumbai,"Kandivali West, Mumbai - BMC","15-04-2026 11:00:00",19.215859,72.831718,PM10,36,116,62
India,Maharashtra,Mumbai,"Kandivali West, Mumbai - BMC","15-04-2026 11:00:00",19.215859,72.831718,CO,7,27,11
India,Maharashtra,Mumbai,"Kandivali West, Mumbai - BMC","15-04-2026 11:00:00",19.215859,72.831718,OZONE,17,37,25
India,Maharashtra,Mumbai,"Kherwadi_Bandra East, Mumbai - MPCB","15-04-2026 11:00:00",19.0632143,72.8456324,SO2,2,5,4
India,Maharashtra,Mumbai,"Kherwadi_Bandra East, Mumbai - MPCB","15-04-2026 11:00:00",19.0632143,72.8456324,OZONE,7,75,16
India,Maharashtra,Mumbai,"Khindipada-Bhandup West, Mumbai - IITM","15-04-2026 11:00:00",19.1653323,72.922099,PM2.5,5,152,41
India,Maharashtra,Mumbai,"Khindipada-Bhandup West, Mumbai - IITM","15-04-2026 11:00:00",19.1653323,72.922099,NO2,11,38,19
India,Maharashtra,Mumbai,"Khindipada-Bhandup West, Mumbai - IITM","15-04-2026 11:00:00",19.1653323,72.922099,SO2,9,20,13
India,Maharashtra,Mumbai,"Khindipada-Bhandup West, Mumbai - IITM","15-04-2026 11:00:00",19.1653323,72.922099,OZONE,4,75,23
India,Maharashtra,Mumbai,"Kurla, Mumbai - MPCB","15-04-2026 11:00:00",19.0863,72.8888,PM10,NA,NA,NA
India,Maharashtra,Mumbai,"Kurla, Mumbai - MPCB","15-04-2026 11:00:00",19.0863,72.8888,NO2,NA,NA,NA
India,Maharashtra,Mumbai,"Kurla, Mumbai - MPCB","15-04-2026 11:00:00",19.0863,72.8888,SO2,NA,NA,NA
India,Maharashtra,Mumbai,"Malad West, Mumbai - IITM","15-04-2026 11:00:00",19.19709,72.82204,PM10,35,135,78
India,Maharashtra,Mumbai,"Mazgaon, Mumbai - IITM","15-04-2026 11:00:00",18.96702,72.84214,PM10,59,141,98
India,Maharashtra,Mumbai,"Mazgaon, Mumbai - IITM","15-04-2026 11:00:00",18.96702,72.84214,NH3,6,8,7
India,Maharashtra,Mumbai,"Mazgaon, Mumbai - IITM","15-04-2026 11:00:00",18.96702,72.84214,CO,2,50,28
India,Maharashtra,Mira-Bhayandar,"Bhayandar West, Mira-Bhayandar - MPCB","15-04-2026 11:00:00",19.296481,72.840923,CO,12,46,17
India,Maharashtra,Mumbai,"Bandra Kurla Complex, Mumbai - IITM","15-04-2026 11:00:00",19.053536,72.84643,PM2.5,23,192,75
India,Maharashtra,Mumbai,"Bandra Kurla Complex, Mumbai - IITM","15-04-2026 11:00:00",19.053536,72.84643,CO,14,66,32
India,Maharashtra,Mumbai,"Bandra Kurla Complex, Mumbai - MPCB","15-04-2026 11:00:00",19.065931,72.862131,NH3,2,6,4
India,Maharashtra,Mumbai,"Borivali East, Mumbai - MPCB","15-04-2026 11:00:00",19.2243333,72.8658113,PM2.5,22,129,54
India,Maharashtra,Mumbai,"Borivali East, Mumbai - MPCB","15-04-2026 11:00:00",19.2243333,72.8658113,PM10,36,139,74
India,Maharashtra,Mumbai,"Borivali East, Mumbai - MPCB","15-04-2026 11:00:00",19.2243333,72.8658113,SO2,9,18,14
India,Maharashtra,Mumbai,"Byculla, Mumbai - BMC","15-04-2026 11:00:00",18.9767,72.8380,NH3,2,10,4
India,Maharashtra,Mumbai,"Chakala-Andheri East, Mumbai - IITM","15-04-2026 11:00:00",19.11074,72.86084,OZONE,26,98,47
India,Maharashtra,Mumbai,"Chembur, Mumbai - MPCB","15-04-2026 11:00:00",19.0364585,72.8954371,PM2.5,27,73,45
India,Maharashtra,Mumbai,"Chhatrapati Shivaji Intl. Airport (T2), Mumbai - MPCB","15-04-2026 11:00:00",19.10078,72.87462,NO2,26,26,26
India,Maharashtra,Mumbai,"Colaba, Mumbai - MPCB","15-04-2026 11:00:00",18.910000,72.820000,PM2.5,2,64,21
India,Maharashtra,Mumbai,"Colaba, Mumbai - MPCB","15-04-2026 11:00:00",18.910000,72.820000,PM10,3,76,26
India,Maharashtra,Mumbai,"Colaba, Mumbai - MPCB","15-04-2026 11:00:00",18.910000,72.820000,NH3,4,4,4
India,Maharashtra,Mumbai,"Deonar, Mumbai - IITM","15-04-2026 11:00:00",19.04946,72.9230,PM2.5,NA,NA,NA
India,Maharashtra,Hingoli,"Ashta Vinayak Nagar, Hingoli - MPCB","15-04-2026 11:00:00",19.710842,77.151824,SO2,4,22,9
India,Maharashtra,Jalgaon,"Prabhat Colony, Jalgaon - MPCB","15-04-2026 11:00:00",21.001264,75.565602,OZONE,40,112,55
India,Maharashtra,Kalyan,"Khadakpada, Kalyan - MPCB","15-04-2026 11:00:00",19.25292,73.142019,NO2,NA,NA,NA
India,Maharashtra,Kalyan,"Khadakpada, Kalyan - MPCB","15-04-2026 11:00:00",19.25292,73.142019,OZONE,8,8,8
India,Maharashtra,Kolhapur,"Shivaji University, Kolhapur - MPCB","15-04-2026 11:00:00",16.6870449,74.2505872,SO2,2,4,3
India,Maharashtra,Mumbai,"Siddharth Nagar-Worli, Mumbai - IITM","15-04-2026 11:00:00",19.000083,72.813993,CO,12,26,19
India,Maharashtra,Mumbai,"Sion, Mumbai - MPCB","15-04-2026 11:00:00",19.047000,72.874600,NH3,NA,NA,NA
India,Maharashtra,Mumbai,"Vile Parle West, Mumbai - MPCB","15-04-2026 11:00:00",19.10861,72.83622,SO2,46,52,49
India,Maharashtra,Mumbai,"Vile Parle West, Mumbai - MPCB","15-04-2026 11:00:00",19.10861,72.83622,CO,32,32,32
India,Maharashtra,Mumbai,"Worli, Mumbai -MPCB","15-04-2026 11:00:00",18.9942180,72.8158167,PM2.5,7,102,37
India,Maharashtra,Mumbai,"Worli, Mumbai -MPCB","15-04-2026 11:00:00",18.9942180,72.8158167,NO2,12,12,12
India,Maharashtra,Mumbai,"Shivaji Nagar, Mumbai - BMC","15-04-2026 11:00:00",19.060498,72.923356,PM2.5,21,88,49
India,Maharashtra,Mumbai,"Shivaji Nagar, Mumbai - BMC","15-04-2026 11:00:00",19.060498,72.923356,NH3,2,12,4
India,Maharashtra,Mumbai,"Siddharth Nagar-Worli, Mumbai - IITM","15-04-2026 11:00:00",19.000083,72.813993,PM2.5,22,94,47
India,Maharashtra,Mumbai,"Powai, Mumbai - MPCB","15-04-2026 11:00:00",19.137500,72.915056,OZONE,9,9,9
India,Maharashtra,"Navi Mumbai","Sector-2E Kalamboli, Navi Mumbai - MPCB","15-04-2026 11:00:00",19.02579,73.10297,SO2,2,12,4
India,Maharashtra,"Navi Mumbai","Tondare-Taloja, Navi Mumbai - MPCB","15-04-2026 11:00:00",19.0630,73.1209,NH3,2,10,3
India,Maharashtra,"Navi Mumbai","Tondare-Taloja, Navi Mumbai - MPCB","15-04-2026 11:00:00",19.0630,73.1209,CO,5,10,6
India,Maharashtra,"Navi Mumbai","Tondare-Taloja, Navi Mumbai - MPCB","15-04-2026 11:00:00",19.0630,73.1209,OZONE,2,82,5
India,Maharashtra,Parbhani,"Masoom Colony, Parbhani - MPCB","15-04-2026 11:00:00",19.265594,76.761463,PM2.5,59,133,86
India,Maharashtra,Parbhani,"Masoom Colony, Parbhani - MPCB","15-04-2026 11:00:00",19.265594,76.761463,NO2,9,13,11
India,Maharashtra,Parbhani,"Masoom Colony, Parbhani - MPCB","15-04-2026 11:00:00",19.265594,76.761463,OZONE,6,8,7
India,Maharashtra,Pimpri-Chinchwad,"Bhosari, Pune - IITM","15-04-2026 11:00:00",18.640051,73.848956,PM2.5,16,68,47
India,Maharashtra,Pimpri-Chinchwad,"Bhosari, Pune - IITM","15-04-2026 11:00:00",18.640051,73.848956,PM10,54,120,93
India,Maharashtra,Pimpri-Chinchwad,"Bhosari, Pune - IITM","15-04-2026 11:00:00",18.640051,73.848956,NO2,14,21,18
India,Maharashtra,Pune,"Hadapsar, Pune - IITM","15-04-2026 11:00:00",18.501793,73.927532,PM10,NA,NA,NA
India,Maharashtra,Pune,"Katraj Dairy, Pune - MPCB","15-04-2026 11:00:00",18.454450,73.854155,PM10,45,89,67
India,Maharashtra,Pune,"Katraj Dairy, Pune - MPCB","15-04-2026 11:00:00",18.454450,73.854155,OZONE,12,91,21
India,Maharashtra,Pune,"Mhada Colony, Pune - IITM","15-04-2026 11:00:00",18.573040,73.927715,PM2.5,45,111,68
India,Maharashtra,Pune,"Panchawati_Pashan, Pune - IITM","15-04-2026 11:00:00",18.536457,73.805454,PM10,39,137,85
India,Maharashtra,Pune,"Panchawati_Pashan, Pune - IITM","15-04-2026 11:00:00",18.536457,73.805454,OZONE,1,54,6
India,Maharashtra,Pune,"Revenue Colony-Shivajinagar, Pune - IITM","15-04-2026 11:00:00",18.530085,73.849598,PM2.5,37,95,54
India,Maharashtra,Mumbai,"Worli, Mumbai -MPCB","15-04-2026 11:00:00",18.9942180,72.8158167,SO2,25,33,29
India,Maharashtra,Nagpur,"Mahal, Nagpur - MPCB","15-04-2026 11:00:00",21.14472,79.107595,NO2,20,140,48
India,Maharashtra,Nagpur,"Opp GPO Civil Lines, Nagpur - MPCB","15-04-2026 11:00:00",21.152875,79.0517531,PM10,80,140,110
India,Maharashtra,Nagpur,"Opp GPO Civil Lines, Nagpur - MPCB","15-04-2026 11:00:00",21.152875,79.0517531,NO2,11,104,37
India,Maharashtra,Nagpur,"Opp GPO Civil Lines, Nagpur - MPCB","15-04-2026 11:00:00",21.152875,79.0517531,NH3,3,16,6
India,Maharashtra,Nashik,"Pandav Nagari, Nashik - MPCB","15-04-2026 11:00:00",19.9591346,73.7788008,PM2.5,30,71,47
India,Maharashtra,"Navi Mumbai","Kopripada-Vashi, Navi Mumbai - MPCB","15-04-2026 11:00:00",19.090337,73.014232,PM2.5,26,79,52
India,Maharashtra,"Navi Mumbai","Kopripada-Vashi, Navi Mumbai - MPCB","15-04-2026 11:00:00",19.090337,73.014232,PM10,59,110,91
India,Maharashtra,"Navi Mumbai","Kopripada-Vashi, Navi Mumbai - MPCB","15-04-2026 11:00:00",19.090337,73.014232,CO,18,101,46
India,Maharashtra,Pimpri-Chinchwad,"Savta Mali Nagar, Pimpri-Chinchwad - IITM","15-04-2026 11:00:00",18.614767,73.799516,OZONE,2,29,7
India,Maharashtra,Pimpri-Chinchwad,"Thergaon, Pimpri Chinchwad - MPCB","15-04-2026 11:00:00",18.616318,73.765797,PM2.5,23,330,124
India,Maharashtra,Pimpri-Chinchwad,"Thergaon, Pimpri Chinchwad - MPCB","15-04-2026 11:00:00",18.616318,73.765797,NH3,7,15,10
India,Maharashtra,Pimpri-Chinchwad,"Gavalinagar, Pimpri Chinchwad - MPCB","15-04-2026 11:00:00",18.63673,73.82487,SO2,1,3,2
India,Maharashtra,Pimpri-Chinchwad,"Park Street Wakad, Pimpri Chinchwad - MPCB","15-04-2026 11:00:00",18.59051,73.77946,NH3,NA,NA,NA
India,Maharashtra,Nanded,"Sneh Nagar, Nanded - MPCB","15-04-2026 11:00:00",19.173852,77.296291,NH3,NA,NA,NA
India,Maharashtra,Nashik,"Gangapur Road, Nashik - MPCB","15-04-2026 11:00:00",20.0073285,73.7762427,NO2,5,5,5
India,Maharashtra,Nashik,"MIDC Ambad, Nashik - MPCB","15-04-2026 11:00:00",19.950220,73.731480,NO2,4,11,8
India,Maharashtra,Nashik,"MIDC Ambad, Nashik - MPCB","15-04-2026 11:00:00",19.950220,73.731480,NH3,2,4,3
India,Maharashtra,"Navi Mumbai","Sanpada, Navi Mumbai - MPCB","15-04-2026 11:00:00",19.0575752,73.0151367,SO2,15,24,18
India,Maharashtra,Solapur,"Ratandeep Housing Society, Solapur - MPCB","15-04-2026 11:00:00",17.65439,75.90649,OZONE,15,48,24
India,Maharashtra,Thane,"Upvan Fort, Thane - MPCB","15-04-2026 11:00:00",19.222279,72.957979,NO2,3,14,6
India,Maharashtra,Ulhasnagar,"Sidhi Vinayak Nagar, Ulhasnagar - MPCB","15-04-2026 11:00:00",19.235581,73.159121,PM10,59,108,80
India,Maharashtra,Ulhasnagar,"Sidhi Vinayak Nagar, Ulhasnagar - MPCB","15-04-2026 11:00:00",19.235581,73.159121,CO,14,58,25
India,Maharashtra,Ulhasnagar,"Vithalwadi, Ulhasnagar - MPCB","15-04-2026 11:00:00","19.2307571 ",73.1551920,CO,2,51,12
India,Maharashtra,Ulhasnagar,"Vithalwadi, Ulhasnagar - MPCB","15-04-2026 11:00:00","19.2307571 ",73.1551920,OZONE,11,46,18
India,Maharashtra,Virar,"Bolinj, Virar - MPCB","15-04-2026 11:00:00",19.4458210,72.7988231,NO2,11,62,30
India,Meghalaya,Byrnihat,"15th Mile-Nongthymmai, Byrnihat - Meghalaya PCB","15-04-2026 11:00:00",26.05374,91.86796,CO,18,62,32
India,Nagaland,Kohima,"PWD Junction, Kohima - NPCB","15-04-2026 11:00:00",25.6635413,94.0989878,NH3,1,1,1
India,Nagaland,Kohima,"PWD Junction, Kohima - NPCB","15-04-2026 11:00:00",25.6635413,94.0989878,SO2,19,38,26
India,Nagaland,Kohima,"PWD Junction, Kohima - NPCB","15-04-2026 11:00:00",25.6635413,94.0989878,CO,7,15,8
India,Odisha,Angul,"Hakimapada, Angul - OSPCB","15-04-2026 11:00:00",20.832874,85.104082,SO2,4,43,15
India,Odisha,Angul,"Hakimapada, Angul - OSPCB","15-04-2026 11:00:00",20.832874,85.104082,CO,12,101,58
India,Maharashtra,Sangli,"Vijay Nagar, Sangli - MPCB","15-04-2026 11:00:00"," 16.5038",74.3623,PM10,77,106,92
India,Maharashtra,Sangli,"Vijay Nagar, Sangli - MPCB","15-04-2026 11:00:00"," 16.5038",74.3623,NH3,4,9,6
India,Maharashtra,Sangli,"Vijay Nagar, Sangli - MPCB","15-04-2026 11:00:00"," 16.5038",74.3623,OZONE,12,69,28
India,Maharashtra,Solapur,"Dnyaneshwar Nagar, Solapur - MPCB","15-04-2026 11:00:00",17.6336264,75.9132495,OZONE,NA,NA,NA
India,Odisha,Baripada,"Meher Colony, Baripada - OSPCB","15-04-2026 11:00:00",21.941841,86.728318,NH3,1,2,2
India,Odisha,Bhubaneswar,"Lingraj Mandir, Bhubaneswar - OSPCB","15-04-2026 11:00:00",20.240790,85.836784,PM2.5,25,66,38
India,Odisha,Bhubaneswar,"Lingraj Mandir, Bhubaneswar - OSPCB","15-04-2026 11:00:00",20.240790,85.836784,NH3,5,9,6
India,Odisha,Bhubaneswar,"Lingraj Mandir, Bhubaneswar - OSPCB","15-04-2026 11:00:00",20.240790,85.836784,SO2,1,11,5
India,Odisha,Byasanagar,"Ferro Chrome Colony, Byasanagar - OSPCB","15-04-2026 11:00:00",20.94185,86.11510,CO,1,88,14
India,Odisha,Bileipada,"Tata Township, Bileipada - OSPCB","15-04-2026 11:00:00",22.06156703,85.47409613,CO,27,49,40
India,Odisha,Brajrajnagar,"GM Office, Brajrajnagar - OSPCB","15-04-2026 11:00:00",21.8004996,83.8396977,SO2,21,24,22
India,Odisha,Baripada,"Meher Colony, Baripada - OSPCB","15-04-2026 11:00:00",21.941841,86.728318,PM2.5,46,96,69
India,Odisha,Rairangpur,"Divisional Forest Office, Rairangpur - OSPCB","15-04-2026 11:00:00",22.265816,86.174829,PM2.5,15,79,44
India,Odisha,Rairangpur,"Divisional Forest Office, Rairangpur - OSPCB","15-04-2026 11:00:00",22.265816,86.174829,PM10,60,110,86
India,Odisha,Rourkela,"Raghunathpali, Rourkela - OSPCB","15-04-2026 11:00:00",22.220833,84.809444,NH3,2,2,2
India,Odisha,Rourkela,"Raghunathpali, Rourkela - OSPCB","15-04-2026 11:00:00",22.220833,84.809444,SO2,5,8,6
India,Odisha,Byasanagar,"Ferro Chrome Colony, Byasanagar - OSPCB","15-04-2026 11:00:00",20.94185,86.11510,OZONE,13,141,29
India,Odisha,Rourkela,"Fertilizer Township, Rourkela - OSPCB","15-04-2026 11:00:00",22.18972222,84.86277778,CO,10,24,16
India,Odisha,Keonjhar,"Jagamohanpur, Keonjhar - OSPCB","15-04-2026 11:00:00",21.643900,85.599355,PM10,83,130,110
India,Odisha,Keonjhar,"Jagamohanpur, Keonjhar - OSPCB","15-04-2026 11:00:00",21.643900,85.599355,PM2.5,53,78,67
India,Odisha,Rourkela,"Raghunathpali, Rourkela - OSPCB","15-04-2026 11:00:00",22.220833,84.809444,CO,23,118,74
India,Odisha,Suakati,"OMC Colony, Suakati - OSPCB","15-04-2026 11:00:00",21.606865,85.510538,PM10,56,330,125
India,Odisha,Nayagarh,"Dabuna, Nayagarh - OSPCB","15-04-2026 11:00:00",21.847279,85.416905,NO2,3,5,4
India,Punjab,Patiala,"Model Town, Patiala - PPCB","15-04-2026 11:00:00",30.349388,76.366642,NO2,15,19,17
India,Rajasthan,Ajmer,"Civil Lines,  Ajmer - RSPCB","15-04-2026 11:00:00",26.470859,74.646594,SO2,3,4,3
India,Rajasthan,Ajmer,"Civil Lines,  Ajmer - RSPCB","15-04-2026 11:00:00",26.470859,74.646594,CO,18,63,37
India,Rajasthan,Alwar,"Moti Doongri, Alwar - RSPCB","15-04-2026 11:00:00",27.554793,76.611536,PM10,75,128,102
India,Rajasthan,Alwar,"Moti Doongri, Alwar - RSPCB","15-04-2026 11:00:00",27.554793,76.611536,NH3,9,16,11
India,Rajasthan,Alwar,"Moti Doongri, Alwar - RSPCB","15-04-2026 11:00:00",27.554793,76.611536,SO2,6,35,19
India,Rajasthan,Alwar,"Moti Doongri, Alwar - RSPCB","15-04-2026 11:00:00",27.554793,76.611536,OZONE,8,81,14
India,Rajasthan,Baran,"Bamboliya, Baran - RSPCB","15-04-2026 11:00:00",25.106006,76.469948,OZONE,24,193,71
India,Rajasthan,Barmer,"Railway Colony, Barmer - RSPCB","15-04-2026 11:00:00",25.747299,71.393989,NH3,4,10,6
India,Rajasthan,Bharatpur,"Krishna Nagar, Bharatpur - RSPCB","15-04-2026 11:00:00",27.215415,77.50873,SO2,5,55,15
India,Rajasthan,Bhilwara,"Pratap Nagar, Bhilwara - RSPCB","15-04-2026 11:00:00",25.339605,74.618883,SO2,1,34,10
India,Rajasthan,Bhilwara,"Pratap Nagar, Bhilwara - RSPCB","15-04-2026 11:00:00",25.339605,74.618883,CO,26,52,39
India,Odisha,Tensa,"Barsua Iron Ore Mines, Tensa - OSPCB","15-04-2026 11:00:00",21.869985,85.167016,PM10,NA,NA,NA
India,Odisha,Tensa,"Barsua Iron Ore Mines, Tensa - OSPCB","15-04-2026 11:00:00",21.869985,85.167016,CO,NA,NA,NA
India,Odisha,Tensa,"Barsua Iron Ore Mines, Tensa - OSPCB","15-04-2026 11:00:00",21.869985,85.167016,OZONE,9,28,15
India,Puducherry,Puducherry,"Jawahar Nagar, Puducherry - PPCC","15-04-2026 11:00:00",11.9309,79.8027,PM2.5,2,26,10
India,Punjab,Bathinda,"Hardev Nagar, Bathinda - PPCB","15-04-2026 11:00:00",30.233011,74.907758,PM10,39,212,97
India,Punjab,Jalandhar,"Civil Line, Jalandhar - PPCB","15-04-2026 11:00:00",31.321907,75.578914,NH3,3,4,3
India,Punjab,Jalandhar,"Civil Line, Jalandhar - PPCB","15-04-2026 11:00:00",31.321907,75.578914,SO2,16,17,17
India,Punjab,"Mandi Gobindgarh","RIMT University, Mandi Gobindgarh - PPCB","15-04-2026 11:00:00",30.649961,76.331442,PM2.5,48,250,99
India,Punjab,"Mandi Gobindgarh","RIMT University, Mandi Gobindgarh - PPCB","15-04-2026 11:00:00",30.649961,76.331442,NO2,23,24,24
India,Punjab,Khanna,"Kalal Majra, Khanna - PPCB","15-04-2026 11:00:00","30.736056 ",76.209694,CO,14,27,20
India,Punjab,Khanna,"Kalal Majra, Khanna - PPCB","15-04-2026 11:00:00","30.736056 ",76.209694,OZONE,20,40,25
India,Punjab,Khanna,"Kalal Majra, Khanna - PPCB","15-04-2026 11:00:00","30.736056 ",76.209694,PM10,30,83,57
India,Punjab,Khanna,"Kalal Majra, Khanna - PPCB","15-04-2026 11:00:00","30.736056 ",76.209694,NO2,25,30,28
India,Odisha,Talcher,"Talcher Coalfields,Talcher - OSPCB","15-04-2026 11:00:00",20.9360711,85.1707021,PM10,14,135,61
India,Puducherry,Puducherry,"Jawahar Nagar, Puducherry - PPCC","15-04-2026 11:00:00",11.9309,79.8027,NH3,1,6,2
India,Rajasthan,Bhiwadi,"RIICO Ind. Area III, Bhiwadi - RSPCB","15-04-2026 11:00:00",28.194909,76.862296,NH3,6,25,14
India,Rajasthan,Bhiwadi,"RIICO Ind. Area III, Bhiwadi - RSPCB","15-04-2026 11:00:00",28.194909,76.862296,SO2,1,54,22
India,Rajasthan,Bhiwadi,"Vasundhara Nagar_UIT, Bhiwadi - RSPCB","15-04-2026 11:00:00",28.207266,76.829265,NH3,NA,NA,NA
India,Rajasthan,Bhiwadi,"Vasundhara Nagar_UIT, Bhiwadi - RSPCB","15-04-2026 11:00:00",28.207266,76.829265,SO2,8,68,21
India,Rajasthan,Bhiwadi,"Vasundhara Nagar_UIT, Bhiwadi - RSPCB","15-04-2026 11:00:00",28.207266,76.829265,CO,4,82,62
India,Rajasthan,Bhiwadi,"Vasundhara Nagar_UIT, Bhiwadi - RSPCB","15-04-2026 11:00:00",28.207266,76.829265,OZONE,3,192,34
India,Rajasthan,Bikaner,"MM Ground, Bikaner - RSPCB","15-04-2026 11:00:00",28.018792,73.292658,NO2,7,75,32
India,Rajasthan,Bikaner,"MM Ground, Bikaner - RSPCB","15-04-2026 11:00:00",28.018792,73.292658,NH3,7,11,8
India,Rajasthan,Bikaner,"MM Ground, Bikaner - RSPCB","15-04-2026 11:00:00",28.018792,73.292658,CO,8,92,38
India,Rajasthan,Bikaner,"MM Ground, Bikaner - RSPCB","15-04-2026 11:00:00",28.018792,73.292658,OZONE,21,121,69
India,Rajasthan,Bundi,"New Colony, Bundi - RSPCB","15-04-2026 11:00:00",25.435774,75.644272,NH3,5,14,9
India,Rajasthan,Bundi,"New Colony, Bundi - RSPCB","15-04-2026 11:00:00",25.435774,75.644272,CO,6,103,8
India,Rajasthan,Churu,"Subash Chowk, Churu - RSPCB","15-04-2026 11:00:00",28.296139,74.961696,PM10,101,257,133
India,Rajasthan,Churu,"Subash Chowk, Churu - RSPCB","15-04-2026 11:00:00",28.296139,74.961696,SO2,4,12,7
India,Rajasthan,Dausa,"Khatikan Mohalla, Dausa - RSPCB","15-04-2026 11:00:00",26.895552,76.334753,NO2,10,139,55
India,Rajasthan,Dholpur,"Raja Ganj, Dholpur - RSPCB","15-04-2026 11:00:00",26.699557,77.898881,SO2,NA,NA,NA
India,Rajasthan,Dholpur,"Raja Ganj, Dholpur - RSPCB","15-04-2026 11:00:00",26.699557,77.898881,OZONE,59,77,70
India,Rajasthan,Dungarpur,"Bhoiwada, Dungarpur - RSPCB","15-04-2026 11:00:00",23.837789,73.714926,NO2,11,24,17
India,Rajasthan,Hanumangarh,"Housing Board, Hanumangarh - RSPCB","15-04-2026 11:00:00",29.610750,74.283608,NO2,12,43,28
India,Rajasthan,Jaipur,"Adarsh Nagar, Jaipur - RSPCB","15-04-2026 11:00:00",26.902909,75.836858,NO2,14,100,32
India,Rajasthan,Jodhpur,"Samrat Ashok Udhyan, Jodhpur - RSPCB","15-04-2026 11:00:00",26.253384,72.976571,CO,17,94,36
India,Rajasthan,Kota,"Dhanmandi, Kota - RSPCB","15-04-2026 11:00:00",25.164090,75.858137,PM2.5,13,157,44
India,Rajasthan,Kota,"Dhanmandi, Kota - RSPCB","15-04-2026 11:00:00",25.164090,75.858137,PM10,73,179,103
India,Rajasthan,Kota,"Dhanmandi, Kota - RSPCB","15-04-2026 11:00:00",25.164090,75.858137,OZONE,7,125,60
India,Rajasthan,Kota,"Nayapura, Kota - RSPCB","15-04-2026 11:00:00",25.196024,75.855668,PM10,63,291,101
India,Rajasthan,Kota,"Nayapura, Kota - RSPCB","15-04-2026 11:00:00",25.196024,75.855668,CO,2,113,21
India,Rajasthan,Kota,"Shrinath Puram, Kota - RSPCB","15-04-2026 11:00:00",25.14389,75.821256,CO,10,88,36
India,Rajasthan,Jaisalmer,"Sadar Bazar, Jaisalmer - RSPCB","15-04-2026 11:00:00",26.912329,70.909168,CO,13,113,20
India,Rajasthan,Jalore,"Mudtra Sili, Jalore - RSPCB","15-04-2026 11:00:00",25.344694,72.626208,PM10,53,193,109
India,Rajasthan,Jhalawar,"Rajlaxmi Nagar, Jhalawar - RSPCB","15-04-2026 11:00:00",24.588397,76.172782,PM2.5,8,75,42
India,Rajasthan,Jhalawar,"Rajlaxmi Nagar, Jhalawar - RSPCB","15-04-2026 11:00:00",24.588397,76.172782,NO2,19,46,33
India,Rajasthan,Jhalawar,"Rajlaxmi Nagar, Jhalawar - RSPCB","15-04-2026 11:00:00",24.588397,76.172782,OZONE,64,108,92
India,Rajasthan,Jhunjhunu,"Indra Nagar, Jhunjhunu - RSPCB","15-04-2026 11:00:00",28.108988,75.386577,NO2,12,66,35
India,Rajasthan,Nagaur,"Karni Colony, Nagaur - RSPCB","15-04-2026 11:00:00",27.213494,73.734444,OZONE,36,94,60
India,Rajasthan,Pali,"Indira Colony Vistar, Pali - RSPCB","15-04-2026 11:00:00",25.771061," 73.340227",SO2,8,10,9
India,Rajasthan,Pratapgarh,"Pragati Nagar, Pratapgarh - RSPCB","15-04-2026 11:00:00",24.041198,74.780702,NO2,12,39,21
India,Rajasthan,Pratapgarh,"Pragati Nagar, Pratapgarh - RSPCB","15-04-2026 11:00:00",24.041198,74.780702,CO,12,24,17
India,Rajasthan,Rajsamand,"Dhoinda, Rajsamand - RSPCB","15-04-2026 11:00:00",25.036360,73.883502,OZONE,12,108,43
India,Rajasthan,Jaipur,"Police Commissionerate, Jaipur - RSPCB","15-04-2026 11:00:00",26.9164092,75.7994901,SO2,21,61,42
India,Rajasthan,Jaipur,"RIICO Sitapura, Jaipur - RSPCB","15-04-2026 11:00:00",26.786682,75.827928,CO,76,112,105
India,Rajasthan,Jaipur,"Sector-2 Murlipura, Jaipur - RSPCB","15-04-2026 11:00:00",26.960669,75.771817,NH3,4,6,5
India,Rajasthan,Jaipur,"Sector-2 Murlipura, Jaipur - RSPCB","15-04-2026 11:00:00",26.960669,75.771817,CO,28,107,42
India,Rajasthan,Jaipur,"Shastri Nagar, Jaipur - RSPCB","15-04-2026 11:00:00",26.9502929,75.730943,PM10,86,171,116
India,Rajasthan,"Sawai Madhopur","Sahu Nagar, Sawai Madhopur - RSPCB","15-04-2026 11:00:00",26.031443,76.359327,OZONE,4,282,153
India,Rajasthan,"Sri Ganganagar","Old City, Sri Ganganagar - RSPCB","15-04-2026 11:00:00",29.931624,73.864511,PM2.5,30,187,72
India,Rajasthan,"Sri Ganganagar","Old City, Sri Ganganagar - RSPCB","15-04-2026 11:00:00",29.931624,73.864511,NH3,5,8,5
India,Rajasthan,Tonk,"Shastri Nagar, Tonk - RSPCB","15-04-2026 11:00:00",26.159933,75.780517,NH3,4,20,9
India,Rajasthan,Jodhpur,"Jhalamand, Jodhpur - RSPCB","15-04-2026 11:00:00",26.215415,73.070156,PM2.5,13,318,84
India,Rajasthan,Jodhpur,"Jhalamand, Jodhpur - RSPCB","15-04-2026 11:00:00",26.215415,73.070156,PM10,41,390,134
India,Rajasthan,Jodhpur,"Mandor, Jodhpur - RSPCB","15-04-2026 11:00:00",26.358805,73.047444,OZONE,1,87,39
India,Rajasthan,Jodhpur,"Samrat Ashok Udhyan, Jodhpur - RSPCB","15-04-2026 11:00:00",26.253384,72.976571,PM10,68,259,129
India,Rajasthan,Udaipur,"Ashok Nagar, Udaipur - RSPCB","15-04-2026 11:00:00",24.5886166,73.6321397,NO2,1,76,38
India,Uttar_Pradesh,Ghaziabad,"Loni, Ghaziabad - UPPCB","15-04-2026 11:00:00",28.757294,77.278792,SO2,3,33,12
India,Uttar_Pradesh,Ghaziabad,"Sanjay Nagar, Ghaziabad - UPPCB","15-04-2026 11:00:00",28.685382,77.453839,PM2.5,22,310,133
India,Uttar_Pradesh,Ghaziabad,"Sanjay Nagar, Ghaziabad - UPPCB","15-04-2026 11:00:00",28.685382,77.453839,OZONE,2,199,159
India,Uttar_Pradesh,Ghaziabad,"Vasundhara, Ghaziabad - UPPCB","15-04-2026 11:00:00",28.6603346,77.3572563,CO,30,128,51
India,Uttar_Pradesh,Ghaziabad,"Ved Vihar-Loni, Ghaziabad - UPPCB","15-04-2026 11:00:00","28.739153 ","77.273668 ",PM10,211,435,333
India,Uttar_Pradesh,Ghaziabad,"Ved Vihar-Loni, Ghaziabad - UPPCB","15-04-2026 11:00:00","28.739153 ","77.273668 ",CO,44,90,71
India,Uttar_Pradesh,Gorakhpur,"Madan Mohan Malaviya University of Technology, Gorakhpur - UPPCB","15-04-2026 11:00:00",26.730136,83.433859,PM10,16,150,89
India,Uttar_Pradesh,"Greater Noida","Knowledge Park - III, Greater Noida - UPPCB","15-04-2026 11:00:00",28.47272,77.482000,NO2,18,140,83
India,Telangana,Hyderabad,"Somajiguda, Hyderabad - TSPCB","15-04-2026 11:00:00",17.417094,78.457437,PM10,78,90,84
India,Telangana,Hyderabad,"Somajiguda, Hyderabad - TSPCB","15-04-2026 11:00:00",17.417094,78.457437,CO,11,30,17
India,Telangana,Hyderabad,"Zoo Park, Hyderabad - TSPCB","15-04-2026 11:00:00",17.349694,78.451437,PM2.5,16,138,76
India,Telangana,Hyderabad,"Zoo Park, Hyderabad - TSPCB","15-04-2026 11:00:00",17.349694,78.451437,PM10,22,144,98
India,Tripura,Agartala,"Bardowali, Agartala - Tripura SPCB","15-04-2026 11:00:00",23.8175497,91.2726974,OZONE,2,17,6
India,Uttar_Pradesh,Agra,"Manoharpur, Agra - UPPCB","15-04-2026 11:00:00",27.23711,78.01936,CO,19,20,20
India,Uttar_Pradesh,Agra,"Rohta, Agra - UPPCB","15-04-2026 11:00:00",27.106972,78.000111,PM2.5,23,230,86
India,Uttar_Pradesh,Agra,"Rohta, Agra - UPPCB","15-04-2026 11:00:00",27.106972,78.000111,NH3,5,5,5
India,Uttar_Pradesh,Agra,"Rohta, Agra - UPPCB","15-04-2026 11:00:00",27.106972,78.000111,CO,8,30,24
India,Uttar_Pradesh,Bareilly,"Rajendra Nagar, Bareilly - UPPCB","15-04-2026 11:00:00",28.38910936,79.42963708,PM10,59,119,90
India,Uttar_Pradesh,Bareilly,"Rajendra Nagar, Bareilly - UPPCB","15-04-2026 11:00:00",28.38910936,79.42963708,NO2,9,10,9
India,Uttar_Pradesh,Bulandshahr,"Yamunapuram, Bulandshahr - UPPCB","15-04-2026 11:00:00",28.406963,77.849831,SO2,13,72,28
India,Uttar_Pradesh,Bulandshahr,"Yamunapuram, Bulandshahr - UPPCB","15-04-2026 11:00:00",28.406963,77.849831,CO,19,112,88
India,Uttar_Pradesh,Firozabad,"Vibhab Nagar, Firozabad - UPPCB","15-04-2026 11:00:00",27.1594,78.3953,PM10,69,164,122
India,Uttar_Pradesh,Firozabad,"Vibhab Nagar, Firozabad - UPPCB","15-04-2026 11:00:00",27.1594,78.3953,NH3,2,2,2
India,Uttar_Pradesh,Firozabad,"Vibhab Nagar, Firozabad - UPPCB","15-04-2026 11:00:00",27.1594,78.3953,SO2,1,4,3
India,Uttar_Pradesh,Ghaziabad,"Indirapuram, Ghaziabad - UPPCB","15-04-2026 11:00:00",28.646233,77.358075,SO2,2,26,8
India,Telangana,Hyderabad,"Kompally Municipal Office, Hyderabad - TSPCB","15-04-2026 11:00:00",17.544899,78.486949,NO2,13,14,13
India,Telangana,Hyderabad,"Kompally Municipal Office, Hyderabad - TSPCB","15-04-2026 11:00:00",17.544899,78.486949,CO,10,24,17
India,Telangana,Hyderabad,"Nacharam_TSIIC IALA, Hyderabad - TSPCB","15-04-2026 11:00:00",17.429398,78.569354,NH3,5,7,6
India,Telangana,Hyderabad,"New Malakpet, Hyderabad - TSPCB","15-04-2026 11:00:00",17.37206,78.50864,PM2.5,38,60,50
India,Telangana,Hyderabad,"New Malakpet, Hyderabad - TSPCB","15-04-2026 11:00:00",17.37206,78.50864,CO,23,41,26
India,Telangana,Hyderabad,"Ramachandrapuram, Hyderabad - TSPCB","15-04-2026 11:00:00",17.528544,78.286195,PM2.5,46,56,49
India,Telangana,Hyderabad,"Ramachandrapuram, Hyderabad - TSPCB","15-04-2026 11:00:00",17.528544,78.286195,PM10,73,83,78
India,Telangana,Hyderabad,"Ramachandrapuram, Hyderabad - TSPCB","15-04-2026 11:00:00",17.528544,78.286195,CO,34,47,38
India,TamilNadu,Chennai,"Arumbakkam, Chennai - TNPCB","15-04-2026 11:00:00",13.0664,"80.2112 ",NH3,2,2,2
India,TamilNadu,Chennai,"Kodungaiyur, Chennai - TNPCB","15-04-2026 11:00:00",13.1278,80.2642,PM10,3,50,26
India,TamilNadu,Chennai,"Manali Village, Chennai - TNPCB","15-04-2026 11:00:00",13.1662,80.2584,PM10,11,57,33
India,TamilNadu,Chennai,"Manali Village, Chennai - TNPCB","15-04-2026 11:00:00",13.1662,80.2584,SO2,14,23,17
India,TamilNadu,Chennai,"Perungudi, Chennai - TNPCB","15-04-2026 11:00:00",12.9533,80.2357,NO2,3,5,4
India,TamilNadu,Chennai,"Perungudi, Chennai - TNPCB","15-04-2026 11:00:00",12.9533,80.2357,SO2,1,9,6
India,TamilNadu,Chennai,"Perungudi, Chennai - TNPCB","15-04-2026 11:00:00",12.9533,80.2357,OZONE,1,4,1
India,TamilNadu,Gummidipoondi,"Anthoni Pillai Nagar, Gummidipoondi - TNPCB","15-04-2026 11:00:00",13.4127,80.1081,SO2,16,22,19
India,TamilNadu,Ooty,"Bombay Castel, Ooty - TNPCB","15-04-2026 11:00:00",11.4068288,76.7138973,PM2.5,52,57,52
India,TamilNadu,Ooty,"Bombay Castel, Ooty - TNPCB","15-04-2026 11:00:00",11.4068288,76.7138973,NO2,2,5,4
India,TamilNadu,Ooty,"Bombay Castel, Ooty - TNPCB","15-04-2026 11:00:00",11.4068288,76.7138973,OZONE,4,7,6
India,TamilNadu,Tirupur,"Kumaran College, Tirupur - TNPCB","15-04-2026 11:00:00",11.0973603,77.3228673,CO,110,113,113
India,Telangana,Hyderabad,"Central University, Hyderabad - TSPCB","15-04-2026 11:00:00",17.460103,78.334361,NO2,16,42,26
India,Telangana,Hyderabad,"Central University, Hyderabad - TSPCB","15-04-2026 11:00:00",17.460103,78.334361,NH3,2,6,4
India,Telangana,Hyderabad,"Central University, Hyderabad - TSPCB","15-04-2026 11:00:00",17.460103,78.334361,OZONE,10,17,16
India,Telangana,Hyderabad,"ECIL Kapra, Hyderabad - TSPCB","15-04-2026 11:00:00",17.470431,78.566959,CO,18,41,32
India,Telangana,Hyderabad,"IDA Pashamylaram, Hyderabad - TSPCB","15-04-2026 11:00:00",17.5316895,78.218939,PM2.5,59,167,78
India,Uttar_Pradesh,"Greater Noida","Knowledge Park - V, Greater Noida - UPPCB","15-04-2026 11:00:00",28.557054,77.453663,PM2.5,51,375,228
India,Uttar_Pradesh,"Greater Noida","Knowledge Park - V, Greater Noida - UPPCB","15-04-2026 11:00:00",28.557054,77.453663,CO,12,112,36
India,Uttar_Pradesh,Jhansi,"Shivaji Nagar, Jhansi - UPPCB","15-04-2026 11:00:00",25.4547,78.6039,SO2,13,18,15
India,Uttar_Pradesh,Kanpur,"FTI Kidwai Nagar, Kanpur - UPPCB","15-04-2026 11:00:00",26.428282,80.327067,PM10,45,153,92
India,Uttar_Pradesh,Agra,"Sanjay Palace, Agra - UPPCB","15-04-2026 11:00:00",27.19865833,78.00598056,OZONE,7,226,48
India,Uttar_Pradesh,Agra,"Sector-3B Avas Vikas Colony, Agra - UPPCB","15-04-2026 11:00:00",27.19412,77.96237,NO2,36,36,36
India,Uttar_Pradesh,Agra,"Shahjahan Garden, Agra - UPPCB","15-04-2026 11:00:00",27.169338,78.03582,CO,5,15,13
India,Uttar_Pradesh,Agra,"Shastripuram, Agra - UPPCB","15-04-2026 11:00:00",27.19862,77.92066,OZONE,10,13,13
India,Uttar_Pradesh,Kanpur,"NSI Kalyanpur, Kanpur - UPPCB","15-04-2026 11:00:00",26.509954,80.249612,CO,16,64,54
India,Uttar_Pradesh,Kanpur,"Nehru Nagar, Kanpur - UPPCB","15-04-2026 11:00:00",26.4703136,80.3229863,SO2,1,38,12
India,Uttar_Pradesh,Kanpur,"Nehru Nagar, Kanpur - UPPCB","15-04-2026 11:00:00",26.4703136,80.3229863,OZONE,6,27,10
India,Uttar_Pradesh,Khora,"Prashant Garden, Khora - UPPCB","15-04-2026 11:00:00",28.61119,77.34206,NH3,4,92,19
India,Uttar_Pradesh,Khurja,"Kalindi Kunj, Khurja - UPPCB","15-04-2026 11:00:00",28.2348927,77.8683002,NO2,12,13,13
India,Uttar_Pradesh,Khurja,"Kalindi Kunj, Khurja - UPPCB","15-04-2026 11:00:00",28.2348927,77.8683002,SO2,10,10,10
India,Uttar_Pradesh,Khurja,"Kalindi Kunj, Khurja - UPPCB","15-04-2026 11:00:00",28.2348927,77.8683002,OZONE,11,20,11
India,Uttar_Pradesh,Lucknow,"B R Ambedkar University, Lucknow - UPPCB","15-04-2026 11:00:00",26.766433,80.927299,NO2,11,12,12
India,Uttar_Pradesh,Lucknow,"B R Ambedkar University, Lucknow - UPPCB","15-04-2026 11:00:00",26.766433,80.927299,OZONE,2,113,71
India,Uttar_Pradesh,Lucknow,"Gomti Nagar, Lucknow - UPPCB","15-04-2026 11:00:00",26.868120,81.005119,PM10,41,120,80
India,Uttar_Pradesh,Lucknow,"Gomti Nagar, Lucknow - UPPCB","15-04-2026 11:00:00",26.868120,81.005119,NO2,9,11,10
India,Uttar_Pradesh,Lucknow,"Kendriya Vidyalaya, Lucknow - CPCB","15-04-2026 11:00:00",26.906111,80.948222,CO,18,46,32
India,Uttar_Pradesh,Lucknow,"Kukrail Picnic Spot-1, Lucknow - UPPCB","15-04-2026 11:00:00",26.90723,80.98579,PM10,68,158,109
India,Uttar_Pradesh,Lucknow,"Kukrail Picnic Spot-1, Lucknow - UPPCB","15-04-2026 11:00:00",26.90723,80.98579,NH3,6,6,6
India,Uttar_Pradesh,Lucknow,"Lalbagh, Lucknow - CPCB","15-04-2026 11:00:00",26.8458805,80.9365541,PM10,75,306,142
India,Uttar_Pradesh,Lucknow,"Lalbagh, Lucknow - CPCB","15-04-2026 11:00:00",26.8458805,80.9365541,OZONE,4,72,30
India,Uttar_Pradesh,Lucknow,"Talkatora District Industries Center, Lucknow - CPCB","15-04-2026 11:00:00",26.83399722,80.8917361,NH3,8,63,12
India,Uttar_Pradesh,Lucknow,"Talkatora District Industries Center, Lucknow - CPCB","15-04-2026 11:00:00",26.83399722,80.8917361,SO2,3,40,17
India,Uttar_Pradesh,Meerut,"Ganga Nagar, Meerut - UPPCB","15-04-2026 11:00:00",28.999264,77.7590354,NO2,107,157,131
India,Uttar_Pradesh,Meerut,"Jai Bhim Nagar, Meerut - UPPCB","15-04-2026 11:00:00",28.9535882,77.7622941,NO2,16,83,39
India,Uttarakhand,Dehradun,"Doon University, Dehradun - UKPCB","15-04-2026 11:00:00",30.269444,78.044167,OZONE,16,67,26
India,Uttarakhand,Rishikesh,"Shivaji Nagar, Rishikesh - UKPCB","15-04-2026 11:00:00",30.075911,78.2859547,PM2.5,2,2,2
India,West_Bengal,Asansol,"Asansol Court Area, Asansol - WBPCB","15-04-2026 11:00:00",23.685297,86.945968,PM10,73,132,94
India,West_Bengal,Asansol,"Asansol Court Area, Asansol - WBPCB","15-04-2026 11:00:00",23.685297,86.945968,NH3,2,20,8
India,West_Bengal,Asansol,"Asansol Court Area, Asansol - WBPCB","15-04-2026 11:00:00",23.685297,86.945968,SO2,15,72,29
India,West_Bengal,Asansol,"Asansol Court Area, Asansol - WBPCB","15-04-2026 11:00:00",23.685297,86.945968,CO,12,124,60
India,West_Bengal,Asansol,"Evelyn Lodge, Asansol - WBPCB","15-04-2026 11:00:00",23.6979360,86.9443950,NO2,9,55,23
India,West_Bengal,Asansol,"Evelyn Lodge, Asansol - WBPCB","15-04-2026 11:00:00",23.6979360,86.9443950,OZONE,12,74,31
India,West_Bengal,Asansol,"Mahabir Colliery, Asansol - WBPCB","15-04-2026 11:00:00",23.6181830,87.1057180,PM2.5,12,92,45
India,West_Bengal,Asansol,"Mahabir Colliery, Asansol - WBPCB","15-04-2026 11:00:00",23.6181830,87.1057180,NO2,8,19,11
India,West_Bengal,Asansol,"Trivenidevi Bhalotia College, Asansol - WBPCB","15-04-2026 11:00:00",23.616515,87.119133,PM10,45,106,68
India,West_Bengal,Barrackpore,"SVSPA Campus, Barrackpore - WBPCB","15-04-2026 11:00:00",22.7605581,88.3617589,NO2,16,36,26
India,West_Bengal,Barrackpore,"SVSPA Campus, Barrackpore - WBPCB","15-04-2026 11:00:00",22.7605581,88.3617589,OZONE,11,69,16
India,West_Bengal,Durgapur,"Mahishkapur Road_B-Zone, Durgapur - WBPCB","15-04-2026 11:00:00",23.567923,87.306843,PM2.5,18,153,67
India,West_Bengal,Durgapur,"Mahishkapur Road_B-Zone, Durgapur - WBPCB","15-04-2026 11:00:00",23.567923,87.306843,PM10,64,154,99
India,West_Bengal,Durgapur,"PCBL Residential Complex, Durgapur - WBPCB","15-04-2026 11:00:00",23.5087640,87.3544400,NH3,6,8,7
India,West_Bengal,Durgapur,"Womens College_City Center, Durgapur - WBPCB","15-04-2026 11:00:00",23.549395,87.300496,NH3,2,4,3
India,West_Bengal,Haldia,"Priyambada Housing Estate, Haldia - WBPCB","15-04-2026 11:00:00",22.06047,88.109737,PM2.5,35,87,57
India,West_Bengal,Haldia,"Priyambada Housing Estate, Haldia - WBPCB","15-04-2026 11:00:00",22.06047,88.109737,SO2,12,24,15
India,West_Bengal,Howrah,"Belur Math, Howrah - WBPCB","15-04-2026 11:00:00",22.629801,88.352017,PM2.5,32,75,48
India,West_Bengal,Howrah,"Belur Math, Howrah - WBPCB","15-04-2026 11:00:00",22.629801,88.352017,PM10,59,91,70
India,West_Bengal,Howrah,"Belur Math, Howrah - WBPCB","15-04-2026 11:00:00",22.629801,88.352017,NO2,19,66,38
India,West_Bengal,Howrah,"Belur Math, Howrah - WBPCB","15-04-2026 11:00:00",22.629801,88.352017,NH3,4,7,5
India,West_Bengal,Howrah,"Belur Math, Howrah - WBPCB","15-04-2026 11:00:00",22.629801,88.352017,CO,8,30,20
India,West_Bengal,Howrah,"Ghusuri, Howrah - WBPCB","15-04-2026 11:00:00",22.611968,88.347422,NH3,7,15,11
India,West_Bengal,Howrah,"Ghusuri, Howrah - WBPCB","15-04-2026 11:00:00",22.611968,88.347422,CO,64,102,90
India,West_Bengal,Howrah,"Padmapukur, Howrah - WBPCB","15-04-2026 11:00:00",22.5687319,88.2797276,PM10,43,108,72
India,Uttar_Pradesh,Prayagraj,"Nagar Nigam, Prayagraj - UPPCB","15-04-2026 11:00:00","25.44919916 ","81.82735986 ",CO,17,70,30
India,Uttar_Pradesh,Varanasi,"Ardhali Bazar, Varanasi - UPPCB","15-04-2026 11:00:00",25.3505986,82.9083074,NO2,38,45,41
India,Uttar_Pradesh,Varanasi,"Bhelupur, Varanasi - UPPCB","15-04-2026 11:00:00",25.301778,82.996789,NO2,7,8,8
India,Uttar_Pradesh,Varanasi,"Bhelupur, Varanasi - UPPCB","15-04-2026 11:00:00",25.301778,82.996789,CO,8,52,18
India,Uttar_Pradesh,Varanasi,"IESD Banaras Hindu University, Varanasi - UPPCB","15-04-2026 11:00:00",25.262326,82.995408,NH3,1,4,2
India,Uttar_Pradesh,Varanasi,"Maldahiya, Varanasi - UPPCB","15-04-2026 11:00:00",25.32393,82.99687,SO2,30,31,30
India,Uttar_Pradesh,Varanasi,"Maldahiya, Varanasi - UPPCB","15-04-2026 11:00:00",25.32393,82.99687,CO,18,47,26
India,Uttar_Pradesh,Noida,"Sector - 62, Noida - IMD","15-04-2026 11:00:00",28.6245479,77.3577104,CO,20,72,68
India,Uttar_Pradesh,Noida,"Sector-1, Noida - UPPCB","15-04-2026 11:00:00",28.5898,77.3101,PM10,126,424,241
India,Uttar_Pradesh,Noida,"Sector-116, Noida - UPPCB","15-04-2026 11:00:00",28.569230,77.393848,SO2,14,37,20
India,Uttar_Pradesh,Prayagraj,"Jhunsi, Prayagraj - UPPCB","15-04-2026 11:00:00",25.425602,81.917152,OZONE,16,72,22
India,Uttar_Pradesh,Prayagraj,"Motilal Nehru NIT, Prayagraj - UPPCB","15-04-2026 11:00:00",25.494,81.863,PM10,45,121,79
India,Uttar_Pradesh,Prayagraj,"Nagar Nigam, Prayagraj - UPPCB","15-04-2026 11:00:00","25.44919916 ","81.82735986 ",PM2.5,12,61,33
India,Uttar_Pradesh,Meerut,"Pallavpuram Phase 2, Meerut - UPPCB","15-04-2026 11:00:00",29.063510,77.709723,SO2,2,33,15
India,Uttar_Pradesh,Moradabad,"Buddhi Vihar, Moradabad - UPPCB","15-04-2026 11:00:00",28.83526,78.74460,NO2,28,29,29
India,Uttar_Pradesh,Moradabad,"Eco Herbal Park, Moradabad - UPPCB","15-04-2026 11:00:00",28.840739,78.697531,PM2.5,18,290,116
India,Uttar_Pradesh,Moradabad,"Eco Herbal Park, Moradabad - UPPCB","15-04-2026 11:00:00",28.840739,78.697531,SO2,9,52,18
India,Uttar_Pradesh,Moradabad,"Eco Herbal Park, Moradabad - UPPCB","15-04-2026 11:00:00",28.840739,78.697531,CO,12,92,53
India,Uttar_Pradesh,Moradabad,"Employment Office, Moradabad - UPPCB","15-04-2026 11:00:00",28.88528,78.73880,NO2,15,16,16
India,Uttar_Pradesh,Moradabad,"Jigar Colony, Moradabad - UPPCB","15-04-2026 11:00:00",28.856664,78.772638,NH3,6,6,6
India,Uttar_Pradesh,Moradabad,"Kashiram Nagar, Moradabad - UPPCB","15-04-2026 11:00:00",28.849399,78.742362,PM2.5,14,95,51
India,Uttar_Pradesh,Moradabad,"Kashiram Nagar, Moradabad - UPPCB","15-04-2026 11:00:00",28.849399,78.742362,OZONE,20,109,48
India,West_Bengal,Howrah,"Padmapukur, Howrah - WBPCB","15-04-2026 11:00:00",22.5687319,88.2797276,NH3,4,4,4
India,West_Bengal,Howrah,"Padmapukur, Howrah - WBPCB","15-04-2026 11:00:00",22.5687319,88.2797276,SO2,5,45,15
India,West_Bengal,Kolkata,"Ballygunge, Kolkata - WBPCB","15-04-2026 11:00:00",22.5367507,88.3638022,NO2,12,30,17
India,West_Bengal,Kolkata,"Bidhannagar, Kolkata - WBPCB","15-04-2026 11:00:00",22.58157048,88.41002457,PM2.5,26,71,43
India,West_Bengal,Kolkata,"Bidhannagar, Kolkata - WBPCB","15-04-2026 11:00:00",22.58157048,88.41002457,NH3,5,5,5
India,West_Bengal,Kolkata,"Jadavpur, Kolkata - WBPCB","15-04-2026 11:00:00",22.49929,88.36917,NO2,8,13,11
India,West_Bengal,Kolkata,"Jadavpur, Kolkata - WBPCB","15-04-2026 11:00:00",22.49929,88.36917,NH3,11,15,12
India,West_Bengal,Kolkata,"Jadavpur, Kolkata - WBPCB","15-04-2026 11:00:00",22.49929,88.36917,OZONE,10,74,17
India,West_Bengal,Kolkata,"Rabindra Bharati University, Kolkata - WBPCB","15-04-2026 11:00:00",22.627847,88.380669,NO2,30,56,41
India,West_Bengal,Kolkata,"Rabindra Bharati University, Kolkata - WBPCB","15-04-2026 11:00:00",22.627847,88.380669,OZONE,23,93,34
India,West_Bengal,Kolkata,"Rabindra Sarobar, Kolkata - WBPCB","15-04-2026 11:00:00",22.51106,88.35142,SO2,1,10,2
India,West_Bengal,Siliguri,"Ward-32 Bapupara, Siliguri - WBPCB","15-04-2026 11:00:00",26.6879226,88.4152495,CO,25,101,37
India,Bihar,Bhagalpur,"Mayaganj, Bhagalpur - BSPCB","15-04-2026 11:00:00",25.265194,87.012947,PM2.5,12,73,36
India,Bihar,Bhagalpur,"Mayaganj, Bhagalpur - BSPCB","15-04-2026 11:00:00",25.265194,87.012947,PM10,80,189,132
India,Bihar,Bhagalpur,"Mayaganj, Bhagalpur - BSPCB","15-04-2026 11:00:00",25.265194,87.012947,NO2,7,9,7
India,Bihar,"Bihar Sharif","D M Colony, Bihar Sharif - BSPCB","15-04-2026 11:00:00",25.204762,85.514960,NH3,3,4,3
India,Bihar,"Bihar Sharif","D M Colony, Bihar Sharif - BSPCB","15-04-2026 11:00:00",25.204762,85.514960,SO2,10,10,10
India,Bihar,Buxar,"Charitra Van, Buxar - BSPCB","15-04-2026 11:00:00",25.567520,83.966379,NH3,3,3,3
India,Bihar,Chhapra,"Darshan Nagar, Chhapra - BSPCB","15-04-2026 11:00:00",25.7808257,84.7446768,NO2,3,4,4
India,Bihar,Chhapra,"Darshan Nagar, Chhapra - BSPCB","15-04-2026 11:00:00",25.7808257,84.7446768,SO2,20,26,22
India,Bihar,Gaya,"Kareemganj, Gaya - BSPCB","15-04-2026 11:00:00",24.792403,84.992416,PM2.5,7,127,69
India,Bihar,Araria,"Kharahiya Basti, Araria - BSPCB","15-04-2026 11:00:00",26.146529,87.454184,OZONE,7,11,10
India,Bihar,Arrah,"New DM Office, Arrah - BSPCB","15-04-2026 11:00:00",25.5626095,84.663264,PM2.5,12,344,103
India,Bihar,Begusarai,"Lohiyanagar, Begusarai - BSPCB","15-04-2026 11:00:00",25.42742023,86.13886079,PM2.5,32,98,61
India,Bihar,Begusarai,"Lohiyanagar, Begusarai - BSPCB","15-04-2026 11:00:00",25.42742023,86.13886079,NH3,3,4,4
India,Bihar,Begusarai,"Lohiyanagar, Begusarai - BSPCB","15-04-2026 11:00:00",25.42742023,86.13886079,CO,15,19,16
India,Bihar,Bettiah,"Kamalnath Nagar, Bettiah - BSPCB","15-04-2026 11:00:00",26.80365,84.51954,CO,18,80,36
India,Bihar,Bhagalpur,"DM Office_Kachari Chowk, Bhagalpur - BSPCB","15-04-2026 11:00:00",25.251013,86.989001,PM2.5,40,133,85
India,Bihar,Bhagalpur,"DM Office_Kachari Chowk, Bhagalpur - BSPCB","15-04-2026 11:00:00",25.251013,86.989001,NH3,1,1,1
India,Assam,Nagaon,"Christianpatty, Nagaon - PCBA","15-04-2026 11:00:00",26.349082,92.68449,PM10,24,65,40
India,Assam,Nagaon,"Christianpatty, Nagaon - PCBA","15-04-2026 11:00:00",26.349082,92.68449,OZONE,9,13,10
India,Assam,Nalbari,"Bata Chowk, Nalbari - PCBA","15-04-2026 11:00:00",26.446912,91.439057,PM10,14,58,41
India,Assam,Silchar,"Tarapur, Silchar - PCBA","15-04-2026 11:00:00",24.82827,92.79525,NO2,19,23,22
India,Assam,Silchar,"Tarapur, Silchar - PCBA","15-04-2026 11:00:00",24.82827,92.79525,NH3,1,1,1
India,Assam,Sivasagar,"Girls College, Sivasagar - PCBA","15-04-2026 11:00:00",26.987634,94.636574,PM10,26,54,38
India,Bihar,Araria,"Kharahiya Basti, Araria - BSPCB","15-04-2026 11:00:00",26.146529,87.454184,NH3,5,6,6
India,Bihar,Araria,"Kharahiya Basti, Araria - BSPCB","15-04-2026 11:00:00",26.146529,87.454184,SO2,3,79,36
India,Bihar,Gaya,"Kareemganj, Gaya - BSPCB","15-04-2026 11:00:00",24.792403,84.992416,CO,1,90,26
India,Bihar,Gaya,"SFTI Kusdihra, Gaya - BSPCB","15-04-2026 11:00:00",24.762518,84.982348,NO2,15,32,21
India,Bihar,Katihar,"Mirchaibari, Katihar - BSPCB","15-04-2026 11:00:00",25.560083,87.553265,PM10,44,111,85
India,Bihar,Katihar,"Mirchaibari, Katihar - BSPCB","15-04-2026 11:00:00",25.560083,87.553265,NO2,9,10,9
India,Bihar,Katihar,"Mirchaibari, Katihar - BSPCB","15-04-2026 11:00:00",25.560083,87.553265,NH3,1,1,1
India,Bihar,Kishanganj,"SDM Office_Khagra, Kishanganj - BSPCB","15-04-2026 11:00:00",26.0881305,87.93840336,NH3,3,4,3
India,Bihar,Manguraha,"Forest Rest House, Manguraha - BSPCB","15-04-2026 11:00:00",27.308328,84.531742,NO2,2,18,6
India,Andhra_Pradesh,Vijayawada,"Rajiv Nagar, Vijayawada - APPCB","15-04-2026 11:00:00",16.554731,80.649110,OZONE,31,36,31
India,Andhra_Pradesh,Visakhapatnam,"GVM Corporation, Visakhapatnam - APPCB","15-04-2026 11:00:00",17.72,83.3,OZONE,3,24,8
India,Arunachal_Pradesh,Naharlagun,"Naharlagun, Naharlagun - APSPCB","15-04-2026 11:00:00",27.103358,93.679645,CO,10,16,11
India,Assam,Byrnihat,"Central Academy for SFS, Byrnihat - PCBA","15-04-2026 11:00:00",26.071318,91.87488,PM2.5,38,274,109
India,Assam,Guwahati,"LGBI Airport, Guwahati - PCBA","15-04-2026 11:00:00",26.10887,91.589544,PM2.5,NA,NA,NA
India,Andhra_Pradesh,Machilipatnam,"Srinivas Nagar Colony, Machilipatnam - APPCB","15-04-2026 11:00:00",16.186555,81.13219,NO2,5,23,12
India,Andhra_Pradesh,Nellore,"Ambedkar Nagar, Nellore - APPCB ","15-04-2026 11:00:00","14.438164 ","79.966814 ",OZONE,2,48,6
India,Andhra_Pradesh,Rajamahendravaram,"Anand Kala Kshetram, Rajamahendravaram - APPCB","15-04-2026 11:00:00",16.9872867,81.7363176,PM2.5,7,47,21
India,Andhra_Pradesh,Rajamahendravaram,"Anand Kala Kshetram, Rajamahendravaram - APPCB","15-04-2026 11:00:00",16.9872867,81.7363176,PM10,17,74,40
India,Andhra_Pradesh,Vijayawada,"Kanuru, Vijayawada - APPCB","15-04-2026 11:00:00",16.486692,80.699436,PM10,NA,NA,NA
India,Andhra_Pradesh,Vijayawada,"Rajiv Gandhi Park, Vijayawada - APPCB","15-04-2026 11:00:00",16.509717,80.612222,PM10,40,71,56
India,Andhra_Pradesh,Vijayawada,"Rajiv Gandhi Park, Vijayawada - APPCB","15-04-2026 11:00:00",16.509717,80.612222,CO,34,50,37
India,Andhra_Pradesh,Vijayawada,"Rajiv Nagar, Vijayawada - APPCB","15-04-2026 11:00:00",16.554731,80.649110,PM2.5,55,72,67
India,Andhra_Pradesh,Eluru,"District Court, Eluru - APPCB","15-04-2026 11:00:00",16.711754,81.092095,OZONE,3,24,6
India,Andhra_Pradesh,Guntur,"Rajendra Nagar North, Guntur - APPCB","15-04-2026 11:00:00",16.316553,80.413302,PM10,55,80,65
India,Andhra_Pradesh,Guntur,"Rajendra Nagar North, Guntur - APPCB","15-04-2026 11:00:00",16.316553,80.413302,SO2,2,14,12
India,Andhra_Pradesh,Anantapur,"Gulzarpet, Anantapur - APPCB","15-04-2026 11:00:00",14.675886,77.593027,SO2,7,14,8
India,Andhra_Pradesh,Anantapur,"Gulzarpet, Anantapur - APPCB","15-04-2026 11:00:00",14.675886,77.593027,OZONE,32,41,40
India,Andhra_Pradesh,Chittoor,"Gangineni Cheruvu, Chittoor - APPCB","15-04-2026 11:00:00",13.204880,79.097889,CO,12,22,13
India,Andhra_Pradesh,Eluru,"District Court, Eluru - APPCB","15-04-2026 11:00:00",16.711754,81.092095,NO2,9,26,13
India,Chhattisgarh,Chhal,"Nawapara SECL Colony, Chhal - CECB","15-04-2026 11:00:00",22.118125,83.140608,PM10,49,101,75
India,Chhattisgarh,Korba,"Rampur, Korba - CECB","15-04-2026 11:00:00",22.368195,82.746431,NH3,1,1,1
India,Chhattisgarh,Korba,"Rampur, Korba - CECB","15-04-2026 11:00:00",22.368195,82.746431,SO2,8,81,41
India,Chhattisgarh,Korba,"Urja Nagar, Korba - CECB","15-04-2026 11:00:00",22.348441,82.549611,PM2.5,13,18,14
India,Chhattisgarh,Korba,"Urja Nagar, Korba - CECB","15-04-2026 11:00:00",22.348441,82.549611,CO,15,113,53
India,Chhattisgarh,Kunjemura,"OP Jindal School, Kunjemura - CECB","15-04-2026 11:00:00",22.126650,83.483212,NH3,2,2,2
India,Chhattisgarh,Kunjemura,"OP Jindal School, Kunjemura - CECB","15-04-2026 11:00:00",22.126650,83.483212,SO2,10,39,18
India,Chhattisgarh,Kunjemura,"OP Jindal School, Kunjemura - CECB","15-04-2026 11:00:00",22.126650,83.483212,OZONE,2,32,8
India,Chhattisgarh,Milupara,"Govt. Higher Secondary School, Milupara - CECB","15-04-2026 11:00:00",22.1910172,83.5197009,OZONE,16,175,44
India,Chhattisgarh,Raipur,"AIIMS, Raipur - CECB","15-04-2026 11:00:00",21.258815,81.578979,PM10,86,172,117
India,Bihar,Muzaffarpur,"MIT-Daudpur Kothi, Muzaffarpur - BSPCB","15-04-2026 11:00:00",26.1403345,85.3650192,OZONE,11,63,16
India,Bihar,Patna,"DRM Office Danapur, Patna - BSPCB","15-04-2026 11:00:00",25.586562,85.043586,NO2,33,40,38
India,Bihar,Patna,"DRM Office Danapur, Patna - BSPCB","15-04-2026 11:00:00",25.586562,85.043586,NH3,8,9,8
India,Bihar,Patna,"DRM Office Danapur, Patna - BSPCB","15-04-2026 11:00:00",25.586562,85.043586,SO2,4,8,6
India,Bihar,Patna,"Govt. High School Shikarpur, Patna - BSPCB","15-04-2026 11:00:00",25.592539,85.227158,NH3,4,5,5
India,Bihar,Patna,"Govt. High School Shikarpur, Patna - BSPCB","15-04-2026 11:00:00",25.592539,85.227158,CO,2,140,75
India,Bihar,Patna,"IGSC Planetarium Complex, Patna - BSPCB","15-04-2026 11:00:00",25.610369,85.132568,OZONE,60,61,60
India,Chhattisgarh,Raipur,"Bhatagaon New ISBT, Raipur - CECB","15-04-2026 11:00:00",21.219665,81.630094,PM2.5,53,95,68
India,Chhattisgarh,Raipur,"Bhatagaon New ISBT, Raipur - CECB","15-04-2026 11:00:00",21.219665,81.630094,PM10,80,133,110
India,Chhattisgarh,Raipur,"Krishak Nagar, Raipur - CECB","15-04-2026 11:00:00",21.237755,81.705301,PM10,75,124,93
India,Chhattisgarh,Raipur,"Krishak Nagar, Raipur - CECB","15-04-2026 11:00:00",21.237755,81.705301,NO2,7,19,12
India,Chhattisgarh,Raipur,"Siltara Phase-II, Raipur - CECB","15-04-2026 11:00:00",21.371751,81.664929,PM2.5,6,96,54
India,Chhattisgarh,Raipur,"Siltara Phase-II, Raipur - CECB","15-04-2026 11:00:00",21.371751,81.664929,NH3,3,3,3
India,Bihar,Patna,"Muradpur, Patna - BSPCB","15-04-2026 11:00:00",25.619651,85.147382,PM10,100,212,160
India,Bihar,Patna,"Muradpur, Patna - BSPCB","15-04-2026 11:00:00",25.619651,85.147382,NH3,4,5,5
India,Bihar,Patna,"Samanpura, Patna - BSPCB","15-04-2026 11:00:00",25.596727,85.085624,NH3,9,19,13
India,Bihar,Patna,"Samanpura, Patna - BSPCB","15-04-2026 11:00:00",25.596727,85.085624,CO,24,134,69
India,Bihar,Patna,"Samanpura, Patna - BSPCB","15-04-2026 11:00:00",25.596727,85.085624,OZONE,2,128,37
India,Bihar,Purnia,"Mariam Nagar, Purnia - BSPCB","15-04-2026 11:00:00",25.366336,87.117468,PM10,52,63,59
India,Bihar,Manguraha,"Forest Rest House, Manguraha - BSPCB","15-04-2026 11:00:00",27.308328,84.531742,CO,32,34,33
India,Bihar,Munger,"Town Hall, Munger - BSPCB","15-04-2026 11:00:00",25.376776,86.471523,PM10,26,66,45
India,Bihar,Munger,"Town Hall, Munger - BSPCB","15-04-2026 11:00:00",25.376776,86.471523,NH3,3,3,3
India,Bihar,Munger,"Town Hall, Munger - BSPCB","15-04-2026 11:00:00",25.376776,86.471523,CO,26,31,29
India,Bihar,Muzaffarpur,"Buddha Colony, Muzaffarpur - BSPCB","15-04-2026 11:00:00",26.11442,85.39813,NO2,26,49,37
India,Bihar,Rajgir,"Dangi Tola, Rajgir - BSPCB","15-04-2026 11:00:00",25.03280,85.41948,SO2,2,3,3
India,Bihar,Saharsa,"Police Line, Saharsa - BSPCB","15-04-2026 11:00:00",25.892357,86.590325,PM2.5,15,137,62
India,Bihar,Saharsa,"Police Line, Saharsa - BSPCB","15-04-2026 11:00:00",25.892357,86.590325,NO2,5,8,7
India,Bihar,Saharsa,"Police Line, Saharsa - BSPCB","15-04-2026 11:00:00",25.892357,86.590325,CO,34,40,37
India,Bihar,Siwan,"Chitragupta Nagar, Siwan - BSPCB","15-04-2026 11:00:00",26.2271665,84.3570427,SO2,7,10,10
India,Bihar,Siwan,"Chitragupta Nagar, Siwan - BSPCB","15-04-2026 11:00:00",26.2271665,84.3570427,OZONE,12,18,17
India,Chandigarh,Chandigarh,"Sector 22, Chandigarh - CPCC","15-04-2026 11:00:00",30.735567,76.775714,OZONE,3,107,64
India,Chhattisgarh,Bhilai,"Hathkhoj, Bhilai - CECB","15-04-2026 11:00:00",21.224231,81.408350,PM10,33,111,78
India,Chhattisgarh,Bilaspur,"Mangala, Bilaspur - NTPC","15-04-2026 11:00:00",22.08815,82.13737,PM10,47,123,80
India,Chhattisgarh,Bilaspur,"Mangala, Bilaspur - NTPC","15-04-2026 11:00:00",22.08815,82.13737,CO,2,111,67
India,Chandigarh,Chandigarh,"Sector-25, Chandigarh - CPCC","15-04-2026 11:00:00",30.751462,76.762879,OZONE,16,69,38
India,Chandigarh,Chandigarh,"Sector-53, Chandigarh - CPCC","15-04-2026 11:00:00",30.719859,76.738637,NH3,NA,NA,NA
India,Chandigarh,Chandigarh,"Sector-53, Chandigarh - CPCC","15-04-2026 11:00:00",30.719859,76.738637,CO,28,33,30
India,Delhi,Delhi,"Alipur, Delhi - DPCC","15-04-2026 11:00:00",28.815329,77.153010,CO,NA,NA,NA
India,Delhi,Delhi,"Anand Vihar, Delhi - DPCC","15-04-2026 11:00:00",28.647622,77.3158090,PM10,113,441,301
India,Delhi,Delhi,"Anand Vihar, Delhi - DPCC","15-04-2026 11:00:00",28.647622,77.3158090,NO2,59,149,106
India,Delhi,Delhi,"Anand Vihar, Delhi - DPCC","15-04-2026 11:00:00",28.647622,77.3158090,OZONE,1,66,22
India,Delhi,Delhi,"Ashok Vihar, Delhi - DPCC","15-04-2026 11:00:00",28.695381,77.181665,NH3,6,7,7
India,Delhi,Delhi,"Aya Nagar, Delhi - IMD","15-04-2026 11:00:00",28.4706914,77.1099364,PM2.5,19,349,108
India,Delhi,Delhi,"Aya Nagar, Delhi - IMD","15-04-2026 11:00:00",28.4706914,77.1099364,PM10,84,421,159
India,Delhi,Delhi,"Aya Nagar, Delhi - IMD","15-04-2026 11:00:00",28.4706914,77.1099364,CO,37,81,69
India,Delhi,Delhi,"Bawana, Delhi - DPCC","15-04-2026 11:00:00",28.776200,77.051074,PM2.5,37,453,220
India,Delhi,Delhi,"Bawana, Delhi - DPCC","15-04-2026 11:00:00",28.776200,77.051074,PM10,85,439,235
India,Delhi,Delhi,"Bawana, Delhi - DPCC","15-04-2026 11:00:00",28.776200,77.051074,NO2,6,76,39
India,Delhi,Delhi,"Burari Crossing, Delhi - IMD","15-04-2026 11:00:00",28.7256504,77.2011573,PM10,84,430,203
India,Delhi,Delhi,"Burari Crossing, Delhi - IMD","15-04-2026 11:00:00",28.7256504,77.2011573,OZONE,27,202,48
India,Delhi,Delhi,"CRRI Mathura Road, Delhi - IMD","15-04-2026 11:00:00",28.5512005,77.2735737,NO2,10,78,44
India,Delhi,Delhi,"CRRI Mathura Road, Delhi - IMD","15-04-2026 11:00:00",28.5512005,77.2735737,OZONE,20,120,38
India,Delhi,Delhi,"Cantonment Area, Delhi - DPCC ","15-04-2026 11:00:00","28.594169 ","77.125100 ",NH3,3,16,8
India,Delhi,Delhi,"Chandni Chowk, Delhi - IITM","15-04-2026 11:00:00",28.656756,77.227234,SO2,15,52,27
India,Delhi,Delhi,"Commonwealth Sports Complex, Delhi - DPCC","15-04-2026 11:00:00","28.615828 ","77.271992 ",SO2,27,47,31
India,Delhi,Delhi,"Commonwealth Sports Complex, Delhi - DPCC","15-04-2026 11:00:00","28.615828 ","77.271992 ",OZONE,1,304,304
India,Delhi,Delhi,"DTU, Delhi - CPCB","15-04-2026 11:00:00",28.7500499,77.1112615,SO2,25,38,29
India,Delhi,Delhi,"Dr. Karni Singh Shooting Range, Delhi - DPCC","15-04-2026 11:00:00",28.498571,77.264840,PM2.5,23,336,147
India,Delhi,Delhi,"NSUT Jaffarpur, Delhi - DPCC","15-04-2026 11:00:00","28.594004 ","76.909423 ",OZONE,30,95,52
India,Delhi,Delhi,"Najafgarh, Delhi - DPCC","15-04-2026 11:00:00",28.570173,76.933762,NO2,NA,NA,NA
India,Delhi,Delhi,"Najafgarh, Delhi - DPCC","15-04-2026 11:00:00",28.570173,76.933762,NH3,NA,NA,NA
India,Delhi,Delhi,"Najafgarh, Delhi - DPCC","15-04-2026 11:00:00",28.570173,76.933762,OZONE,NA,NA,NA
India,Delhi,Delhi,"Narela, Delhi - DPCC","15-04-2026 11:00:00",28.822836,77.101981,PM2.5,33,444,233
India,Delhi,Delhi,"Narela, Delhi - DPCC","15-04-2026 11:00:00",28.822836,77.101981,OZONE,7,59,21
India,Delhi,Delhi,"Nehru Nagar, Delhi - DPCC","15-04-2026 11:00:00",28.567890,77.250515,PM2.5,37,378,196
India,Delhi,Delhi,"Nehru Nagar, Delhi - DPCC","15-04-2026 11:00:00",28.567890,77.250515,NH3,7,14,10
India,Delhi,Delhi,"Nehru Nagar, Delhi - DPCC","15-04-2026 11:00:00",28.567890,77.250515,OZONE,1,69,16
India,Delhi,Delhi,"Mandir Marg, Delhi - DPCC","15-04-2026 11:00:00",28.636429,77.201067,NH3,10,19,14
India,Delhi,Delhi,"Mandir Marg, Delhi - DPCC","15-04-2026 11:00:00",28.636429,77.201067,CO,88,122,109
India,Delhi,Delhi,"Mundka, Delhi - DPCC","15-04-2026 11:00:00",28.684678,77.076574,PM10,103,500,324
India,Delhi,Delhi,"NSIT Dwarka, Delhi - CPCB","15-04-2026 11:00:00",28.60909,77.0325413,PM2.5,51,274,134
India,Delhi,Delhi,"NSIT Dwarka, Delhi - CPCB","15-04-2026 11:00:00",28.60909,77.0325413,NH3,NA,NA,NA
India,Delhi,Delhi,"JNU, Delhi - DPCC","15-04-2026 11:00:00","28.540721 ","77.168544 ",PM2.5,45,343,123
India,Delhi,Delhi,"JNU, Delhi - DPCC","15-04-2026 11:00:00","28.540721 ","77.168544 ",NH3,2,5,3
India,Delhi,Delhi,"JNU, Delhi - DPCC","15-04-2026 11:00:00","28.540721 ","77.168544 ",SO2,18,40,24
India,Delhi,Delhi,"Jahangirpuri, Delhi - DPCC","15-04-2026 11:00:00",28.732820,77.170633,SO2,48,111,70
India,Delhi,Delhi,"IIT Delhi, Delhi - IITM","15-04-2026 11:00:00",28.542460,77.191651,NO2,25,117,68
India,Delhi,Delhi,"IIT Delhi, Delhi - IITM","15-04-2026 11:00:00",28.542460,77.191651,OZONE,8,69,21
India,Delhi,Delhi,"ITO, Delhi - CPCB","15-04-2026 11:00:00",28.628624,77.241060,SO2,7,50,24
India,Delhi,Delhi,"Jawaharlal Nehru Stadium, Delhi - DPCC","15-04-2026 11:00:00",28.580280,77.233829,OZONE,1,107,25
India,Delhi,Delhi,"Major Dhyan Chand National Stadium, Delhi - DPCC","15-04-2026 11:00:00",28.611281,77.237738,PM2.5,20,378,120
India,Delhi,Delhi,"Dr. Karni Singh Shooting Range, Delhi - DPCC","15-04-2026 11:00:00",28.498571,77.264840,NO2,8,119,63
India,Delhi,Delhi,"IHBAS, Dilshad Garden, Delhi - CPCB","15-04-2026 11:00:00",28.6811736,77.3025234,CO,12,112,53
India,Delhi,Delhi,"Sri Aurobindo Marg, Delhi - DPCC","15-04-2026 11:00:00",28.531346,77.190156,OZONE,2,65,18
India,Delhi,Delhi,"Talkatora Garden, Delhi - DPCC","15-04-2026 11:00:00",28.621810,77.1944633,PM10,76,309,154
India,Delhi,Delhi,"Talkatora Garden, Delhi - DPCC","15-04-2026 11:00:00",28.621810,77.1944633,OZONE,2,34,7
India,Delhi,Delhi,"Vivek Vihar, Delhi - DPCC","15-04-2026 11:00:00",28.672342,77.315260,SO2,14,63,32
India,Gujarat,Ahmedabad,"Chandkheda, Ahmedabad - IITM","15-04-2026 11:00:00",23.107969,72.574648,NH3,2,10,5
India,Delhi,Delhi,"Shadipur, Delhi - CPCB","15-04-2026 11:00:00",28.6514781,77.1473105,NH3,5,11,7
India,Delhi,Delhi,"Sirifort, Delhi - CPCB","15-04-2026 11:00:00",28.5504249,77.2159377,CO,4,117,90
India,Delhi,Delhi,"Sonia Vihar, Delhi - DPCC","15-04-2026 11:00:00",28.710508,77.249485,NH3,6,13,9
India,Delhi,Delhi,"Sonia Vihar, Delhi - DPCC","15-04-2026 11:00:00",28.710508,77.249485,SO2,36,107,56
India,Delhi,Delhi,"Sri Aurobindo Marg, Delhi - DPCC","15-04-2026 11:00:00",28.531346,77.190156,NH3,4,6,5
India,Delhi,Delhi,"Sri Aurobindo Marg, Delhi - DPCC","15-04-2026 11:00:00",28.531346,77.190156,SO2,8,53,15
India,Gujarat,Ahmedabad,"Chandkheda, Ahmedabad - IITM","15-04-2026 11:00:00",23.107969,72.574648,SO2,3,17,8
India,Gujarat,Ahmedabad,"Gyaspur, Ahmedabad - IITM","15-04-2026 11:00:00",22.977134,72.553024,NH3,2,10,6
India,Gujarat,Ahmedabad,"Gyaspur, Ahmedabad - IITM","15-04-2026 11:00:00",22.977134,72.553024,OZONE,2,55,5
India,Gujarat,Ahmedabad,"Maninagar, Ahmedabad - GPCB","15-04-2026 11:00:00",23.002657,72.591912,CO,20,44,34
India,Gujarat,Ahmedabad,"Maninagar, Ahmedabad - GPCB","15-04-2026 11:00:00",23.002657,72.591912,OZONE,37,101,47
India,Delhi,Delhi,"R K Puram, Delhi - DPCC","15-04-2026 11:00:00",28.563262,77.186937,PM2.5,33,382,183
India,Delhi,Delhi,"R K Puram, Delhi - DPCC","15-04-2026 11:00:00",28.563262,77.186937,NH3,10,13,11
India,Delhi,Delhi,"R K Puram, Delhi - DPCC","15-04-2026 11:00:00",28.563262,77.186937,SO2,20,116,40
India,Delhi,Delhi,"Rohini, Delhi - DPCC","15-04-2026 11:00:00",28.732528,77.119920,CO,8,97,54
India,Delhi,Delhi,"Patparganj, Delhi - DPCC","15-04-2026 11:00:00",28.623763,77.287209,NH3,8,12,9
India,Delhi,Delhi,"Punjabi Bagh, Delhi - DPCC","15-04-2026 11:00:00",28.674045,77.131023,OZONE,4,82,23
India,Gujarat,Ahmedabad,"Rakhial, Ahmedabad - IITM","15-04-2026 11:00:00",23.016834,72.625775,NO2,3,11,6
India,Gujarat,Ahmedabad,"Rakhial, Ahmedabad - IITM","15-04-2026 11:00:00",23.016834,72.625775,SO2,12,105,28
India,Delhi,Delhi,"North Campus, DU, Delhi - IMD","15-04-2026 11:00:00",28.6573814,77.1585447,PM2.5,13,363,154
India,Delhi,Delhi,"North Campus, DU, Delhi - IMD","15-04-2026 11:00:00",28.6573814,77.1585447,PM10,71,378,167
India,Delhi,Delhi,"North Campus, DU, Delhi - IMD","15-04-2026 11:00:00",28.6573814,77.1585447,OZONE,4,183,25
India,Delhi,Delhi,"Okhla Phase-2, Delhi - DPCC","15-04-2026 11:00:00",28.530785,77.271255,CO,5,110,37
India,Haryana,Bhiwani,"H.B. Colony, Bhiwani - HSPCB","15-04-2026 11:00:00",28.806223,76.141105,PM10,23,30,26
India,Haryana,Bhiwani,"H.B. Colony, Bhiwani - HSPCB","15-04-2026 11:00:00",28.806223,76.141105,NO2,2,17,9
India,Haryana,Bhiwani,"H.B. Colony, Bhiwani - HSPCB","15-04-2026 11:00:00",28.806223,76.141105,CO,2,7,5
India,Haryana,"Charkhi Dadri","Mini Secretariat, Charkhi Dadri - HSPCB","15-04-2026 11:00:00",28.593883,76.270653,PM10,86,247,161
India,Haryana,"Charkhi Dadri","Mini Secretariat, Charkhi Dadri - HSPCB","15-04-2026 11:00:00",28.593883,76.270653,NO2,9,24,15
India,Haryana,"Charkhi Dadri","Mini Secretariat, Charkhi Dadri - HSPCB","15-04-2026 11:00:00",28.593883,76.270653,SO2,9,11,10
India,Haryana,"Charkhi Dadri","Mini Secretariat, Charkhi Dadri - HSPCB","15-04-2026 11:00:00",28.593883,76.270653,OZONE,13,17,15
India,Haryana,Dharuhera,"Municipal Corporation Office, Dharuhera -  HSPCB","15-04-2026 11:00:00",28.206800,76.799700,PM2.5,69,310,191
India,Haryana,Faridabad,"New Industrial Town, Faridabad - HSPCB","15-04-2026 11:00:00",28.39072,77.30059,PM2.5,96,110,102
India,Gujarat,Vapi,"Phase-1 GIDC, Vapi - GPCB","15-04-2026 11:00:00",20.362421,72.918013,OZONE,5,28,9
India,Gujarat,Vatva,"Phase-4 GIDC, Vatva - GPCB","15-04-2026 11:00:00",22.969611,72.643500,NH3,6,30,21
India,Haryana,Ambala,"Patti Mehar, Ambala - HSPCB","15-04-2026 11:00:00",30.379589,76.778328,PM2.5,43,129,76
India,Haryana,Ambala,"Patti Mehar, Ambala - HSPCB","15-04-2026 11:00:00",30.379589,76.778328,SO2,15,32,22
India,Haryana,Bahadurgarh,"Arya Nagar, Bahadurgarh - HSPCB","15-04-2026 11:00:00",28.6701,76.9254,NH3,12,13,13
India,Haryana,Ballabgarh,"Nathu Colony, Ballabgarh - HSPCB","15-04-2026 11:00:00",28.3419248,77.319699,NO2,19,21,20
India,Haryana,Ballabgarh,"Nathu Colony, Ballabgarh - HSPCB","15-04-2026 11:00:00",28.3419248,77.319699,NH3,3,3,3
India,Haryana,Ballabgarh,"Nathu Colony, Ballabgarh - HSPCB","15-04-2026 11:00:00",28.3419248,77.319699,SO2,4,9,6
India,Gujarat,Ahmedabad,"SAC ISRO Bopal, Ahmedabad - IITM","15-04-2026 11:00:00",23.041137,72.456691,NH3,2,7,5
India,Gujarat,Ahmedabad,"SAC ISRO Bopal, Ahmedabad - IITM","15-04-2026 11:00:00",23.041137,72.456691,SO2,6,34,13
India,Gujarat,Ahmedabad,"SAC ISRO Bopal, Ahmedabad - IITM","15-04-2026 11:00:00",23.041137,72.456691,OZONE,13,86,28
India,Gujarat,Ahmedabad,"SAC ISRO Satellite, Ahmedabad - IITM","15-04-2026 11:00:00",23.023389,72.515201,CO,NA,NA,NA
India,Gujarat,Ahmedabad,"SVPI Airport Hansol, Ahmedabad - IITM","15-04-2026 11:00:00",23.076793,72.627874,PM2.5,39,84,64
India,Gujarat,Ankleshwar,"GIDC, Ankleshwar - GPCB","15-04-2026 11:00:00",21.613267,73.010555,PM2.5,49,145,88
India,Gujarat,Bhavnagar,"Vidhyanagar, Bhavnagar - Nexteng Enviro","15-04-2026 11:00:00",21.755417,72.139056,NO2,55,72,64
India,Gujarat,Gandhinagar,"Sector-10, Gandhinagar - GPCB","15-04-2026 11:00:00",23.221714,72.654328,SO2,5,26,14
India,Gujarat,Nandesari,"GIDC, Nandesari - Nandesari Ind. Association","15-04-2026 11:00:00",22.410802,73.097923,PM10,54,217,103
India,Gujarat,Rajkot,"Mavdi, Rajkot - Nexteng Enviro ","15-04-2026 11:00:00",22.248853,70.776774,NO2,6,29,13
India,Gujarat,Surat,"Science Center, Surat - SMC","15-04-2026 11:00:00",21.170046,72.795405,SO2,17,21,19
India,Gujarat,Vadodara,"Bapunagar, Vadodara - Nexteng Enviro","15-04-2026 11:00:00",22.320153,73.216285,NO2,10,18,12
India,Gujarat,Vadodara,"Bapunagar, Vadodara - Nexteng Enviro","15-04-2026 11:00:00",22.320153,73.216285,SO2,5,7,6
India,Gujarat,Vadodara,"Bapunagar, Vadodara - Nexteng Enviro","15-04-2026 11:00:00",22.320153,73.216285,CO,68,101,78
India,Haryana,Faridabad,"Sector 11, Faridabad - HSPCB","15-04-2026 11:00:00",28.376058,77.315741,PM2.5,44,500,291
India,Haryana,Faridabad,"Sector 11, Faridabad - HSPCB","15-04-2026 11:00:00",28.376058,77.315741,PM10,57,453,235
India,Haryana,Faridabad,"Sector 11, Faridabad - HSPCB","15-04-2026 11:00:00",28.376058,77.315741,OZONE,14,16,15
India,Haryana,Faridabad,"Sector 30, Faridabad - HSPCB","15-04-2026 11:00:00",28.4417,77.3217,PM2.5,52,356,79
India,Gujarat,Rajkot,"Mavdi, Rajkot - Nexteng Enviro ","15-04-2026 11:00:00",22.248853,70.776774,SO2,12,79,28
India,Gujarat,Surat,"Katargam, Surat - Nexteng Enviro","15-04-2026 11:00:00","21.217779 ","72.834787 ",NO2,5,22,12
India,Haryana,Fatehabad,"Huda Sector, Fatehabad - HSPCB","15-04-2026 11:00:00",29.503664,75.467934,PM10,54,128,94
India,Haryana,Faridabad,"Sector 30, Faridabad - HSPCB","15-04-2026 11:00:00",28.4417,77.3217,NO2,36,39,37
India,"Himachal Pradesh",Baddi,"HIMUDA Complex Phase-1, Baddi - HPPCB","15-04-2026 11:00:00",30.943887,76.801991,SO2,26,26,26
India,Jammu_and_Kashmir,Pampore,"Khrew, Pampore - JKPCC","15-04-2026 11:00:00",34.031606,75.009712,PM10,22,89,53
India,Jammu_and_Kashmir,Pampore,"Khrew, Pampore - JKPCC","15-04-2026 11:00:00",34.031606,75.009712,SO2,3,4,3
India,Jammu_and_Kashmir,Srinagar,"Khunmoh, Srinagar - JKPCC","15-04-2026 11:00:00",34.06313,74.96017,PM2.5,13,31,21
India,Jammu_and_Kashmir,Srinagar,"Khunmoh, Srinagar - JKPCC","15-04-2026 11:00:00",34.06313,74.96017,NO2,6,59,23
India,Jammu_and_Kashmir,Srinagar,"Khunmoh, Srinagar - JKPCC","15-04-2026 11:00:00",34.06313,74.96017,SO2,3,4,4
India,Jharkhand,Dhanbad,"Sardar Patel Nagar, Dhanbad - JSPCB","15-04-2026 11:00:00",23.80569,86.44268,NO2,NA,NA,NA
India,Haryana,Sirsa,"F-Block, Sirsa - HSPCB","15-04-2026 11:00:00",29.536400,75.015800,CO,2,20,15
India,Haryana,Sirsa,"F-Block, Sirsa - HSPCB","15-04-2026 11:00:00",29.536400,75.015800,OZONE,1,316,167
India,Haryana,Sonipat,"Murthal, Sonipat - HSPCB","15-04-2026 11:00:00",29.027200,77.062100,NH3,21,21,21
India,Haryana,Sonipat,"Murthal, Sonipat - HSPCB","15-04-2026 11:00:00",29.027200,77.062100,SO2,4,17,8
India,Haryana,"Yamuna Nagar","Gobind Pura, Yamuna Nagar - HSPCB","15-04-2026 11:00:00",30.1480566,77.2893471,OZONE,8,33,20
India,"Himachal Pradesh",Baddi,"HIMUDA Complex Phase-1, Baddi - HPPCB","15-04-2026 11:00:00",30.943887,76.801991,PM10,76,406,145
India,Haryana,Palwal,"Shyam Nagar, Palwal - HSPCB","15-04-2026 11:00:00",28.1485564,77.3320667,SO2,12,13,12
India,Haryana,Panchgaon,"Amity University, Panchgaon - IITM","15-04-2026 11:00:00",28.3153,76.9143,PM2.5,43,307,161
India,Haryana,Panchgaon,"Amity University, Panchgaon - IITM","15-04-2026 11:00:00",28.3153,76.9143,PM10,51,172,116
India,Haryana,Panchgaon,"Amity University, Panchgaon - IITM","15-04-2026 11:00:00",28.3153,76.9143,NO2,6,49,18
India,Haryana,Panipat,"Sector-18, Panipat - HSPCB","15-04-2026 11:00:00",29.432304,76.972765,NO2,31,32,31
India,Haryana,Kaithal,"Rishi Nagar, Kaithal - HSPCB","15-04-2026 11:00:00",29.8006,76.4155,PM10,35,97,71
India,Haryana,Kaithal,"Rishi Nagar, Kaithal - HSPCB","15-04-2026 11:00:00",29.8006,76.4155,CO,1,64,35
India,Haryana,Kaithal,"Rishi Nagar, Kaithal - HSPCB","15-04-2026 11:00:00",29.8006,76.4155,OZONE,9,19,13
India,Haryana,Karnal,"Sector-12, Karnal - HSPCB","15-04-2026 11:00:00",29.695300,77.002700,SO2,3,10,8
India,Haryana,Kurukshetra,"Sector-7, Kurukshetra - HSPCB","15-04-2026 11:00:00",29.966942,76.875879,NH3,6,7,6
India,Haryana,Gurugram,"Teri Gram, Gurugram - HSPCB","15-04-2026 11:00:00",28.4275,77.1465,SO2,4,13,9
India,Haryana,Gurugram,"Vikas Sadan, Gurugram - HSPCB","15-04-2026 11:00:00",28.4501238,77.0263051,OZONE,4,31,16
India,Haryana,Hisar,"Urban Estate-II, Hisar - HSPCB","15-04-2026 11:00:00",29.140560,75.744941,PM2.5,5,30,14
India,Haryana,Jind,"Police Lines, Jind - HSPCB","15-04-2026 11:00:00",29.307814,76.337619,PM10,52,143,90
India,Haryana,Mandikhera,"General Hospital, Mandikhera(Nuh) - HSPCB","15-04-2026 11:00:00",27.9002,76.9938,NH3,NA,NA,NA
India,Haryana,Manesar,"Sector-2 IMT, Manesar - HSPCB","15-04-2026 11:00:00",28.360699,76.936090,SO2,2,6,4
India,Haryana,Narnaul,"Shastri Nagar, Narnaul - HSPCB","15-04-2026 11:00:00",28.060249,76.113115,SO2,7,9,8
India,Haryana,Narnaul,"Shastri Nagar, Narnaul - HSPCB","15-04-2026 11:00:00",28.060249,76.113115,OZONE,11,43,18
India,Jharkhand,Jorapokhar,"Tata Stadium, Jorapokhar - JSPCB","15-04-2026 11:00:00",23.707909,86.414670,PM10,74,264,122
India,Jharkhand,Jorapokhar,"Tata Stadium, Jorapokhar - JSPCB","15-04-2026 11:00:00",23.707909,86.414670,NH3,3,3,3
India,Karnataka,Bengaluru,"BTM Layout, Bengaluru - CPCB","15-04-2026 11:00:00",12.9135218,77.5950804,CO,46,55,48
India,Haryana,Gurugram,"NISE Gwal Pahari, Gurugram - IMD","15-04-2026 11:00:00",28.422681,77.148944,NO2,11,121,59
India,Haryana,Gurugram,"Sector-51, Gurugram - HSPCB","15-04-2026 11:00:00",28.4227,77.0667,SO2,2,8,5
India,Haryana,Panipat,"Sector-18, Panipat - HSPCB","15-04-2026 11:00:00",29.432304,76.972765,CO,24,26,24
India,"Madhya Pradesh",Bhopal,"Paryavaran Parisar, Bhopal - MPPCB","15-04-2026 11:00:00",23.210494,77.425409,SO2,27,37,30
India,"Madhya Pradesh",Bhopal,"Paryavaran Parisar, Bhopal - MPPCB","15-04-2026 11:00:00",23.210494,77.425409,OZONE,38,75,57
India,"Madhya Pradesh",Bhopal,"T T Nagar, Bhopal - MPPCB","15-04-2026 11:00:00",23.233584,77.400574,NH3,5,6,6
India,"Madhya Pradesh",Damoh,"Shrivastav Colony, Damoh - MPPCB","15-04-2026 11:00:00",23.81748678,79.446246,PM2.5,NA,NA,NA
India,"Madhya Pradesh",Dewas,"Bhopal Chauraha, Dewas - MPPCB","15-04-2026 11:00:00",22.9682591,76.064118,NO2,80,113,99
India,"Madhya Pradesh",Gwalior,"City Center, Gwalior - MPPCB","15-04-2026 11:00:00",26.203442,78.193251,CO,17,125,37
India,"Madhya Pradesh",Gwalior,"Deen Dayal Nagar, Gwalior - MPPCB","15-04-2026 11:00:00",26.259242,78.216432,PM2.5,59,422,232
India,"Madhya Pradesh",Gwalior,"Deen Dayal Nagar, Gwalior - MPPCB","15-04-2026 11:00:00",26.259242,78.216432,PM10,49,364,142
India,Kerala,Kollam,"Polayathode, Kollam - Kerala PCB","15-04-2026 11:00:00",8.8787,76.6073,NO2,8,10,9
India,Kerala,Thiruvananthapuram,"Kariavattom, Thiruvananthapuram - Kerala PCB","15-04-2026 11:00:00",8.563700,76.886500,PM2.5,9,26,18
India,Kerala,Thiruvananthapuram,"Kariavattom, Thiruvananthapuram - Kerala PCB","15-04-2026 11:00:00",8.563700,76.886500,PM10,13,102,30
India,Kerala,Thiruvananthapuram,"Kariavattom, Thiruvananthapuram - Kerala PCB","15-04-2026 11:00:00",8.563700,76.886500,SO2,NA,NA,NA
India,Kerala,Thrissur,"Corporation Ground, Thrissur - Kerala PCB","15-04-2026 11:00:00",10.532400,76.215900,NO2,7,11,9
India,Kerala,Thrissur,"Corporation Ground, Thrissur - Kerala PCB","15-04-2026 11:00:00",10.532400,76.215900,OZONE,29,30,29
India,"Madhya Pradesh",Bhopal,"Idgah Hills, Bhopal - MPPCB","15-04-2026 11:00:00",23.264759,77.381568,PM10,74,173,129
India,"Madhya Pradesh",Bhopal,"Idgah Hills, Bhopal - MPPCB","15-04-2026 11:00:00",23.264759,77.381568,NH3,6,7,6
India,Karnataka,Chikkaballapur,"Chikkaballapur Rural, Chikkaballapur - KSPCB","15-04-2026 11:00:00",13.428828,77.731418,PM10,59,110,79
India,Karnataka,Chikkaballapur,"Chikkaballapur Rural, Chikkaballapur - KSPCB","15-04-2026 11:00:00",13.428828,77.731418,NO2,1,3,2
India,Karnataka,Chikkamagaluru,"Kalyana Nagara, Chikkamagaluru - KSPCB","15-04-2026 11:00:00",13.328028,75.797056,PM10,18,80,48
India,Karnataka,Chikkamagaluru,"Kalyana Nagara, Chikkamagaluru - KSPCB","15-04-2026 11:00:00",13.328028,75.797056,OZONE,14,40,21
India,Karnataka,Dharwad,"Kalabhavan, Dharwad - KSPCB","15-04-2026 11:00:00",15.459706,75.008381,PM2.5,NA,NA,NA
India,Karnataka,Dharwad,"Kalabhavan, Dharwad - KSPCB","15-04-2026 11:00:00",15.459706,75.008381,PM10,NA,NA,NA
India,Karnataka,Dharwad,"Kalabhavan, Dharwad - KSPCB","15-04-2026 11:00:00",15.459706,75.008381,NH3,8,8,8
India,Karnataka,Hubballi,"Lingaraj Nagar, Hubballi - KSPCB","15-04-2026 11:00:00",15.3714823,75.1160168,PM2.5,37,42,41
India,Karnataka,Bengaluru,"Peenya, Bengaluru - CPCB","15-04-2026 11:00:00",13.0270199,77.494094,OZONE,27,28,28
India,Karnataka,Bengaluru,"RVCE-Mailasandra, Bengaluru - KSPCB","15-04-2026 11:00:00",12.921418,77.502466,NH3,3,4,4
India,Karnataka,Bengaluru,"RVCE-Mailasandra, Bengaluru - KSPCB","15-04-2026 11:00:00",12.921418,77.502466,SO2,NA,NA,NA
India,Karnataka,Bengaluru,"RVCE-Mailasandra, Bengaluru - KSPCB","15-04-2026 11:00:00",12.921418,77.502466,OZONE,24,29,29
India,Karnataka,Bengaluru,"Shivapura_Peenya, Bengaluru - KSPCB","15-04-2026 11:00:00",13.0246342,77.5080115,PM2.5,25,53,37
India,Karnataka,Bengaluru,"Shivapura_Peenya, Bengaluru - KSPCB","15-04-2026 11:00:00",13.0246342,77.5080115,NH3,4,4,4
India,Karnataka,Bengaluru,"Shivapura_Peenya, Bengaluru - KSPCB","15-04-2026 11:00:00",13.0246342,77.5080115,CO,38,51,43
India,Karnataka,Bengaluru,"Silk Board, Bengaluru - KSPCB","15-04-2026 11:00:00",12.917348,77.622813,SO2,1,24,16
India,Karnataka,Tumakuru,"Thimmalapura, Tumakuru - KSPCB","15-04-2026 11:00:00",13.377516,77.099072,OZONE,NA,NA,NA
India,Karnataka,Vijayapura,"Ibrahimpur, Vijayapura - KSPCB","15-04-2026 11:00:00",16.802639,75.722694,NH3,3,4,4
India,Karnataka,Vijayapura,"Ibrahimpur, Vijayapura - KSPCB","15-04-2026 11:00:00",16.802639,75.722694,CO,12,37,26
India,Karnataka,Vijayapura,"Ibrahimpur, Vijayapura - KSPCB","15-04-2026 11:00:00",16.802639,75.722694,OZONE,16,17,16
India,Karnataka,Yadgir,"Collector Office, Yadgir - KSPCB","15-04-2026 11:00:00",16.7602,77.1428,NH3,1,2,1
India,Kerala,Kannur,"Thavakkara, Kannur - Kerala PCB","15-04-2026 11:00:00",11.875000,75.373200,PM2.5,61,81,69
India,Kerala,Kannur,"Thavakkara, Kannur - Kerala PCB","15-04-2026 11:00:00",11.875000,75.373200,SO2,1,11,4
India,Karnataka,Kalaburagi,"Mahatma Basaveswar Colony, Kalaburgi - KSPCB","15-04-2026 11:00:00",17.336318,76.847397,SO2,3,7,4
India,Karnataka,Kalaburagi,"Mahatma Basaveswar Colony, Kalaburgi - KSPCB","15-04-2026 11:00:00",17.336318,76.847397,CO,42,69,47
India,Karnataka,Madikeri,"Stuart Hill, Madikeri - KSPCB","15-04-2026 11:00:00",12.415911,75.735050,SO2,6,7,7
India,Karnataka,Mangalore,"Kadri, Mangalore - KSPCB","15-04-2026 11:00:00",12.889250,74.853000,PM10,58,100,72
India,Karnataka,Mysuru,"Hebbal 1st Stage, Mysuru - KSPCB","15-04-2026 11:00:00",12.21041,76.37376,PM10,61,104,82
India,Karnataka,Bengaluru,"Hombegowda Nagar, Bengaluru - KSPCB","15-04-2026 11:00:00",12.938539,77.590100,NO2,14,52,29
India,Karnataka,Bengaluru,"Hombegowda Nagar, Bengaluru - KSPCB","15-04-2026 11:00:00",12.938539,77.590100,SO2,3,19,10
India,Karnataka,Bengaluru,"Jayanagar 5th Block, Bengaluru - KSPCB","15-04-2026 11:00:00",12.920984,77.584908,PM10,63,154,104
India,Karnataka,Bengaluru,"Jayanagar 5th Block, Bengaluru - KSPCB","15-04-2026 11:00:00",12.920984,77.584908,NO2,NA,NA,NA
India,Karnataka,Bengaluru,"Kasturi Nagar, Bengaluru - KSPCB","15-04-2026 11:00:00",13.003872,77.664217,NH3,NA,NA,NA
India,Karnataka,Bengaluru,"Peenya, Bengaluru - CPCB","15-04-2026 11:00:00",13.0270199,77.494094,PM10,NA,NA,NA
India,Karnataka,Bengaluru,"Hebbal, Bengaluru - KSPCB","15-04-2026 11:00:00",13.029152,77.585901,CO,10,43,27
India,Karnataka,Bengaluru,"Hebbal, Bengaluru - KSPCB","15-04-2026 11:00:00",13.029152,77.585901,OZONE,56,199,154
India,Karnataka,Bengaluru,"Hombegowda Nagar, Bengaluru - KSPCB","15-04-2026 11:00:00",12.938539,77.590100,PM10,60,115,97
India,Karnataka,Bengaluru,"Bapuji Nagar, Bengaluru - KSPCB","15-04-2026 11:00:00",12.951913,77.539784,NH3,1,3,2
India,"Madhya Pradesh",Pithampur,"Sector-2 Industrial Area, Pithampur - MPPCB","15-04-2026 11:00:00",22.624758,75.675238,PM2.5,31,301,105
India,"Madhya Pradesh",Pithampur,"Sector-2 Industrial Area, Pithampur - MPPCB","15-04-2026 11:00:00",22.624758,75.675238,NO2,12,57,28
India,"Madhya Pradesh",Ratlam,"Shasthri Nagar, Ratlam - IPCA Lab","15-04-2026 11:00:00",23.331731,75.045981,PM2.5,5,117,52
India,"Madhya Pradesh",Sagar,"Civil Lines, Sagar - MPPCB","15-04-2026 11:00:00",23.838586,78.759431,PM10,40,131,91
India,"Madhya Pradesh",Sagar,"Deen Dayal Nagar, Sagar - MPPCB","15-04-2026 11:00:00",23.8640158,78.80289321,NO2,2,93,31
India,"Madhya Pradesh",Sagar,"Deen Dayal Nagar, Sagar - MPPCB","15-04-2026 11:00:00",23.8640158,78.80289321,CO,81,106,104
India,"Madhya Pradesh",Jabalpur,"Gupteshwar, Jabalpur - JMC","15-04-2026 11:00:00",23.142888,79.916147,SO2,5,29,15
India,"Madhya Pradesh",Jabalpur,"Gupteshwar, Jabalpur - JMC","15-04-2026 11:00:00",23.142888,79.916147,OZONE,4,43,21
India,"Madhya Pradesh",Jabalpur,"Marhatal, Jabalpur - MPPCB","15-04-2026 11:00:00",23.168606,79.932247,NH3,6,11,8
India,"Madhya Pradesh",Katni,"Gole Bazar, Katni - MPPCB","15-04-2026 11:00:00",23.50016,80.23284,NO2,21,39,30
India,"Madhya Pradesh",Katni,"Gole Bazar, Katni - MPPCB","15-04-2026 11:00:00",23.50016,80.23284,NH3,6,11,8
India,"Madhya Pradesh",Mandideep,"Sector-D Industrial Area, Mandideep - MPPCB","15-04-2026 11:00:00",23.108440,77.511428,NO2,17,192,51
India,Maharashtra,Beed,"Bir, Beed - MPCB","15-04-2026 11:00:00",18.988474,75.753873,PM2.5,10,66,32
India,Maharashtra,Belapur,"CBD Belapur, Belapur - MPCB","15-04-2026 11:00:00",19.0243902,73.0406721,PM2.5,29,254,103
India,Maharashtra,Belapur,"CBD Belapur, Belapur - MPCB","15-04-2026 11:00:00",19.0243902,73.0406721,PM10,70,178,121
India,Maharashtra,Bhiwandi,"Gokul Nagar, Bhiwandi - MPCB","15-04-2026 11:00:00",19.309073,73.057223,SO2,5,10,7
India,Maharashtra,Bhiwandi,"Gokul Nagar, Bhiwandi - MPCB","15-04-2026 11:00:00",19.309073,73.057223,CO,20,67,45
India,Maharashtra,Boisar,"Khaira, Boisar - MPCB","15-04-2026 11:00:00",19.786089,72.757971,PM10,73,99,94
India,Maharashtra,Boisar,"Khaira, Boisar - MPCB","15-04-2026 11:00:00",19.786089,72.757971,CO,32,37,32
India,Maharashtra,Boisar,"Khaira, Boisar - MPCB","15-04-2026 11:00:00",19.786089,72.757971,OZONE,32,53,53
India,Maharashtra,Chandrapur,"MIDC Khutala, Chandrapur - MPCB","15-04-2026 11:00:00",19.9775302,79.2337086,NO2,6,18,11
India,Maharashtra,Chandrapur,"MIDC Khutala, Chandrapur - MPCB","15-04-2026 11:00:00",19.9775302,79.2337086,SO2,4,94,31
India,Maharashtra,Chandrapur,"MIDC Khutala, Chandrapur - MPCB","15-04-2026 11:00:00",19.9775302,79.2337086,CO,38,41,39
India,Maharashtra,Dombivli,"Kalu Nagar, Dombivli - MPCB","15-04-2026 11:00:00","19.2268427 ","73.0788456 ",PM2.5,12,73,28
India,"Madhya Pradesh",Indore,"Maguda Nagar, Indore - IMC","15-04-2026 11:00:00",22.7524,75.8872,OZONE,12,18,13
India,"Madhya Pradesh",Indore,"Regional Park, Indore - IMC","15-04-2026 11:00:00",22.6780,75.8559,SO2,36,60,46
India,"Madhya Pradesh",Indore,"Regional Park, Indore - IMC","15-04-2026 11:00:00",22.6780,75.8559,CO,2,31,23
India,"Madhya Pradesh",Indore,"Regional Park, Indore - IMC","15-04-2026 11:00:00",22.6780,75.8559,OZONE,5,11,6
India,"Madhya Pradesh",Jabalpur,"Govindh Bhavan Colony, Jabalpur - JMC","15-04-2026 11:00:00",23.163174,79.973061,NO2,5,13,10
India,Maharashtra,Amravati,"Shivneri Colony, Amravati - MPCB","15-04-2026 11:00:00",20.9402359,77.7895248,NO2,9,48,21
India,Maharashtra,Amravati,"Shri Shivaji Science College, Amravati - MPCB","15-04-2026 11:00:00",20.939198,77.765701,SO2,14,36,18
India,Maharashtra,Amravati,"Shri Shivaji Science College, Amravati - MPCB","15-04-2026 11:00:00",20.939198,77.765701,OZONE,1,90,34
India,Maharashtra,Aurangabad,"More Chowk Waluj, Aurangabad - MPCB","15-04-2026 11:00:00",19.8389439,75.244448,PM2.5,39,71,51
India,"Madhya Pradesh",Gwalior,"Maharaj Bada, Gwalior - MPPCB","15-04-2026 11:00:00",26.200388,78.147714,PM10,70,410,170
India,"Madhya Pradesh",Gwalior,"Maharaj Bada, Gwalior - MPPCB","15-04-2026 11:00:00",26.200388,78.147714,NH3,1,4,3
India,"Madhya Pradesh",Gwalior,"Maharaj Bada, Gwalior - MPPCB","15-04-2026 11:00:00",26.200388,78.147714,SO2,1,102,17
India,"Madhya Pradesh",Indore,"Airport Area, Indore - IMC","15-04-2026 11:00:00",22.7289,75.8076,NO2,5,19,13
India,"Madhya Pradesh",Indore,"Airport Area, Indore - IMC","15-04-2026 11:00:00",22.7289,75.8076,OZONE,6,18,8
India,"Madhya Pradesh",Satna,"Bandhavgar Colony, Satna - Birla Cement","15-04-2026 11:00:00",24.58434363,80.8549414,CO,15,44,22
India,"Madhya Pradesh",Singrauli,"Suryakiran Bhawan NCL, Singrauli - MPPCB","15-04-2026 11:00:00",24.108970,82.645580,PM2.5,22,419,215
India,"Madhya Pradesh",Singrauli,"Suryakiran Bhawan NCL, Singrauli - MPPCB","15-04-2026 11:00:00",24.108970,82.645580,NH3,1,3,2
India,"Madhya Pradesh",Singrauli,"Suryakiran Bhawan NCL, Singrauli - MPPCB","15-04-2026 11:00:00",24.108970,82.645580,CO,2,106,29
India,"Madhya Pradesh",Ujjain,"Mahashweta Nagar, Ujjain - MPPCB","15-04-2026 11:00:00",23.1633321,75.800225,OZONE,13,61,49
India,Maharashtra,Ahmednagar,"Tarakpur, Ahmednagar - MPCB","15-04-2026 11:00:00",19.10122,74.73339,PM10,28,151,87
India,Maharashtra,Mumbai,"Khindipada-Bhandup West, Mumbai - IITM","15-04-2026 11:00:00",19.1653323,72.922099,PM10,23,155,75
India,Maharashtra,Mumbai,"Kurla, Mumbai - MPCB","15-04-2026 11:00:00",19.0863,72.8888,PM2.5,NA,NA,NA
India,Maharashtra,Mumbai,"Kurla, Mumbai - MPCB","15-04-2026 11:00:00",19.0863,72.8888,NH3,NA,NA,NA
India,Maharashtra,Mumbai,"Malad West, Mumbai - IITM","15-04-2026 11:00:00",19.19709,72.82204,NH3,4,7,5
India,Maharashtra,Mumbai,"Malad West, Mumbai - IITM","15-04-2026 11:00:00",19.19709,72.82204,SO2,1,20,3
India,Maharashtra,Mumbai,"Mazgaon, Mumbai - IITM","15-04-2026 11:00:00",18.96702,72.84214,PM2.5,35,141,70
India,Maharashtra,Mumbai,"Mazgaon, Mumbai - IITM","15-04-2026 11:00:00",18.96702,72.84214,NO2,17,88,44
India,Maharashtra,Mumbai,"Mazgaon, Mumbai - IITM","15-04-2026 11:00:00",18.96702,72.84214,OZONE,27,72,40
India,Maharashtra,Mumbai,"Mindspace-Malad West, Mumbai - MPCB","15-04-2026 11:00:00",19.1878657,72.8304069,SO2,1,3,2
India,Maharashtra,Kolhapur,"Shivaji University, Kolhapur - MPCB","15-04-2026 11:00:00",16.6870449,74.2505872,CO,8,30,18
India,Maharashtra,Kolhapur,"Shivaji University, Kolhapur - MPCB","15-04-2026 11:00:00",16.6870449,74.2505872,OZONE,17,86,32
India,Maharashtra,Latur,"Sawe Wadi, Latur - MPCB","15-04-2026 11:00:00",18.39963,76.57452,PM2.5,52,103,68
India,Maharashtra,Mahad,"Kamble Tarf Birwadi, Mahad - MPCB","15-04-2026 11:00:00",18.1023399,73.4783687,SO2,20,139,45
India,Maharashtra,Mira-Bhayandar,"Bhayandar West, Mira-Bhayandar - MPCB","15-04-2026 11:00:00",19.296481,72.840923,PM2.5,29,98,55
India,Maharashtra,Mumbai,"Navy Nagar-Colaba, Mumbai - IITM","15-04-2026 11:00:00",18.897756,72.813320,PM2.5,35,94,56
India,Maharashtra,Mumbai,"Navy Nagar-Colaba, Mumbai - IITM","15-04-2026 11:00:00",18.897756,72.813320,NO2,25,49,34
India,Maharashtra,Mumbai,"Navy Nagar-Colaba, Mumbai - IITM","15-04-2026 11:00:00",18.897756,72.813320,CO,13,32,18
India,Maharashtra,Mumbai,"Navy Nagar-Colaba, Mumbai - IITM","15-04-2026 11:00:00",18.897756,72.813320,OZONE,26,68,37
India,Maharashtra,Mumbai,"Powai, Mumbai - MPCB","15-04-2026 11:00:00",19.137500,72.915056,PM2.5,14,143,51
India,Maharashtra,Mumbai,"Powai, Mumbai - MPCB","15-04-2026 11:00:00",19.137500,72.915056,SO2,3,17,7
India,Maharashtra,Mumbai,"Sewri, Mumbai - BMC","15-04-2026 11:00:00",19.000084,72.856730,PM2.5,11,70,34
India,Maharashtra,Mira-Bhayandar,"Bhayandar West, Mira-Bhayandar - MPCB","15-04-2026 11:00:00",19.296481,72.840923,OZONE,1,32,4
India,Maharashtra,Mumbai,"Bandra Kurla Complex, Mumbai - IITM","15-04-2026 11:00:00",19.053536,72.84643,NO2,8,41,28
India,Maharashtra,Mumbai,"Bandra Kurla Complex, Mumbai - MPCB","15-04-2026 11:00:00",19.065931,72.862131,OZONE,3,51,9
India,Maharashtra,Mumbai,"Borivali East, Mumbai - IITM","15-04-2026 11:00:00",19.23241,72.86895,PM2.5,44,107,72
India,Maharashtra,Mumbai,"Borivali East, Mumbai - IITM","15-04-2026 11:00:00",19.23241,72.86895,NH3,4,4,4
India,Maharashtra,Mumbai,"Byculla, Mumbai - BMC","15-04-2026 11:00:00",18.9767,72.8380,SO2,2,10,5
India,Maharashtra,Mumbai,"Chakala-Andheri East, Mumbai - IITM","15-04-2026 11:00:00",19.11074,72.86084,PM2.5,31,135,72
India,Maharashtra,Mumbai,"Chakala-Andheri East, Mumbai - IITM","15-04-2026 11:00:00",19.11074,72.86084,NO2,13,57,31
India,Maharashtra,Mumbai,"Chakala-Andheri East, Mumbai - IITM","15-04-2026 11:00:00",19.11074,72.86084,NH3,5,8,6
India,Maharashtra,Mumbai,"Chembur, Mumbai - MPCB","15-04-2026 11:00:00",19.0364585,72.8954371,PM10,40,135,85
India,Maharashtra,Mumbai,"Chembur, Mumbai - MPCB","15-04-2026 11:00:00",19.0364585,72.8954371,OZONE,3,87,15
India,Maharashtra,Mumbai,"Ghatkopar, Mumbai - BMC","15-04-2026 11:00:00",19.083694,72.920967,CO,18,70,18
India,Maharashtra,Mumbai,"Kandivali East, Mumbai - MPCB","15-04-2026 11:00:00",19.205800,72.868200,PM10,7,56,28
India,Maharashtra,Mumbai,"Kandivali East, Mumbai - MPCB","15-04-2026 11:00:00",19.205800,72.868200,NO2,36,36,36
India,Maharashtra,Mumbai,"Kandivali East, Mumbai - MPCB","15-04-2026 11:00:00",19.205800,72.868200,SO2,24,28,26
India,Maharashtra,Mumbai,"Kandivali East, Mumbai - MPCB","15-04-2026 11:00:00",19.205800,72.868200,OZONE,14,15,15
India,Maharashtra,Mumbai,"Kandivali West, Mumbai - BMC","15-04-2026 11:00:00",19.215859,72.831718,SO2,NA,NA,NA
India,Maharashtra,Hingoli,"Ashta Vinayak Nagar, Hingoli - MPCB","15-04-2026 11:00:00",19.710842,77.151824,NH3,2,4,3
India,Maharashtra,Hingoli,"Ashta Vinayak Nagar, Hingoli - MPCB","15-04-2026 11:00:00",19.710842,77.151824,OZONE,60,236,181
India,Maharashtra,Jalgaon,"Prabhat Colony, Jalgaon - MPCB","15-04-2026 11:00:00",21.001264,75.565602,NH3,1,2,1
India,Maharashtra,Kolhapur,"Shivaji University, Kolhapur - MPCB","15-04-2026 11:00:00",16.6870449,74.2505872,PM10,61,85,73
India,Maharashtra,Mumbai,"Siddharth Nagar-Worli, Mumbai - IITM","15-04-2026 11:00:00",19.000083,72.813993,NO2,10,34,15
India,Maharashtra,Mumbai,"Siddharth Nagar-Worli, Mumbai - IITM","15-04-2026 11:00:00",19.000083,72.813993,OZONE,30,76,45
India,Maharashtra,Mumbai,"Vile Parle West, Mumbai - MPCB","15-04-2026 11:00:00",19.10861,72.83622,PM2.5,23,87,43
India,Maharashtra,Mumbai,"Vile Parle West, Mumbai - MPCB","15-04-2026 11:00:00",19.10861,72.83622,PM10,30,110,56
India,Maharashtra,Mumbai,"Vile Parle West, Mumbai - MPCB","15-04-2026 11:00:00",19.10861,72.83622,NO2,11,11,11
India,Maharashtra,Mumbai,"Sewri, Mumbai - BMC","15-04-2026 11:00:00",19.000084,72.856730,CO,4,46,19
India,Maharashtra,Mumbai,"Shivaji Nagar, Mumbai - BMC","15-04-2026 11:00:00",19.060498,72.923356,PM10,42,121,91
India,Maharashtra,Mumbai,"Shivaji Nagar, Mumbai - BMC","15-04-2026 11:00:00",19.060498,72.923356,NO2,7,34,17
India,Maharashtra,Mumbai,"Shivaji Nagar, Mumbai - BMC","15-04-2026 11:00:00",19.060498,72.923356,CO,10,70,16
India,Maharashtra,Pimpri-Chinchwad,"Savta Mali Nagar, Pimpri-Chinchwad - IITM","15-04-2026 11:00:00",18.614767,73.799516,PM10,NA,NA,NA
India,Maharashtra,Pimpri-Chinchwad,"Savta Mali Nagar, Pimpri-Chinchwad - IITM","15-04-2026 11:00:00",18.614767,73.799516,NO2,NA,NA,NA
India,Maharashtra,Pimpri-Chinchwad,"Thergaon, Pimpri Chinchwad - MPCB","15-04-2026 11:00:00",18.616318,73.765797,SO2,1,5,3
India,Maharashtra,Pimpri-Chinchwad,"Thergaon, Pimpri Chinchwad - MPCB","15-04-2026 11:00:00",18.616318,73.765797,CO,10,80,48
India,Maharashtra,Pimpri-Chinchwad,"Transport Nagar-Nigdi, Pune - IITM","15-04-2026 11:00:00",18.664282,73.763966,PM2.5,24,76,49
India,Maharashtra,Pimpri-Chinchwad,"Transport Nagar-Nigdi, Pune - IITM","15-04-2026 11:00:00",18.664282,73.763966,PM10,44,103,73
India,Maharashtra,Pimpri-Chinchwad,"Transport Nagar-Nigdi, Pune - IITM","15-04-2026 11:00:00",18.664282,73.763966,CO,2,35,17
India,Maharashtra,Pune,"Dhankawadi, Pune - IITM","15-04-2026 11:00:00",18.459883,73.852193,OZONE,2,66,4
India,Maharashtra,Nagpur,"Ram Nagar, Nagpur - MPCB","15-04-2026 11:00:00",21.143383,79.048912,PM2.5,66,202,101
India,Maharashtra,Nanded,"Sneh Nagar, Nanded - MPCB","15-04-2026 11:00:00",19.173852,77.296291,CO,NA,NA,NA
India,Maharashtra,Nashik,"Gangapur Road, Nashik - MPCB","15-04-2026 11:00:00",20.0073285,73.7762427,PM10,41,111,76
India,Maharashtra,Nashik,"Gangapur Road, Nashik - MPCB","15-04-2026 11:00:00",20.0073285,73.7762427,OZONE,10,39,30
India,Maharashtra,Nashik,"Hirawadi, Nashik - MPCB","15-04-2026 11:00:00",20.021503,73.813844,NO2,2,13,5
India,Maharashtra,Nashik,"Hirawadi, Nashik - MPCB","15-04-2026 11:00:00",20.021503,73.813844,SO2,9,27,14
India,Maharashtra,Nashik,"Pandav Nagari, Nashik - MPCB","15-04-2026 11:00:00",19.9591346,73.7788008,OZONE,8,73,36
India,Maharashtra,"Navi Mumbai","Mahape, Navi Mumbai - MPCB","15-04-2026 11:00:00",19.1135051,73.008978,PM10,101,165,134
India,Maharashtra,"Navi Mumbai","Nerul, Navi Mumbai - MPCB","15-04-2026 11:00:00",19.008751,73.016620,PM2.5,28,176,76
India,Maharashtra,"Navi Mumbai","Nerul, Navi Mumbai - MPCB","15-04-2026 11:00:00",19.008751,73.016620,PM10,NA,NA,NA
India,Maharashtra,"Navi Mumbai","Sanpada, Navi Mumbai - MPCB","15-04-2026 11:00:00",19.0575752,73.0151367,PM10,48,116,88
India,Maharashtra,Pune,"Revenue Colony-Shivajinagar, Pune - IITM","15-04-2026 11:00:00",18.530085,73.849598,NO2,36,78,55
India,Maharashtra,Sangli,"Vijay Nagar, Sangli - MPCB","15-04-2026 11:00:00"," 16.5038",74.3623,CO,14,39,30
India,Maharashtra,Solapur,"Dnyaneshwar Nagar, Solapur - MPCB","15-04-2026 11:00:00",17.6336264,75.9132495,NH3,NA,NA,NA
India,Maharashtra,Solapur,"Ratandeep Housing Society, Solapur - MPCB","15-04-2026 11:00:00",17.65439,75.90649,PM10,95,138,114
India,Maharashtra,Pune,"Hadapsar, Pune - IITM","15-04-2026 11:00:00",18.501793,73.927532,PM2.5,NA,NA,NA
India,Maharashtra,Pune,"Hadapsar, Pune - IITM","15-04-2026 11:00:00",18.501793,73.927532,NO2,NA,NA,NA
India,Maharashtra,Pune,"Hadapsar, Pune - IITM","15-04-2026 11:00:00",18.501793,73.927532,OZONE,23,118,23
India,Maharashtra,Pune,"Katraj Dairy, Pune - MPCB","15-04-2026 11:00:00",18.454450,73.854155,NH3,2,5,4
India,Maharashtra,Pune,"Katraj Dairy, Pune - MPCB","15-04-2026 11:00:00",18.454450,73.854155,SO2,2,3,3
India,Maharashtra,Pune,"Revenue Colony-Shivajinagar, Pune - IITM","15-04-2026 11:00:00",18.530085,73.849598,PM10,73,115,94
India,Maharashtra,Pimpri-Chinchwad,"Bhumkar Nagar, Pune - IITM","15-04-2026 11:00:00",18.605770,73.749976,NO2,6,38,18
India,Maharashtra,Pimpri-Chinchwad,"Gavalinagar, Pimpri Chinchwad - MPCB","15-04-2026 11:00:00",18.63673,73.82487,PM2.5,60,81,69
India,Maharashtra,Pimpri-Chinchwad,"Park Street Wakad, Pimpri Chinchwad - MPCB","15-04-2026 11:00:00",18.59051,73.77946,PM2.5,NA,NA,NA
India,Maharashtra,Pimpri-Chinchwad,"Park Street Wakad, Pimpri Chinchwad - MPCB","15-04-2026 11:00:00",18.59051,73.77946,PM10,NA,NA,NA
India,Maharashtra,Pimpri-Chinchwad,"Park Street Wakad, Pimpri Chinchwad - MPCB","15-04-2026 11:00:00",18.59051,73.77946,NO2,NA,NA,NA
India,Maharashtra,Mumbai,"Worli, Mumbai -MPCB","15-04-2026 11:00:00",18.9942180,72.8158167,CO,9,20,14
India,Maharashtra,Nagpur,"Ambazari, Nagpur - MPCB","15-04-2026 11:00:00",21.121801,79.04952,NO2,2,124,33
India,Maharashtra,Nagpur,"Ambazari, Nagpur - MPCB","15-04-2026 11:00:00",21.121801,79.04952,CO,4,138,15
India,Maharashtra,Nagpur,"Mahal, Nagpur - MPCB","15-04-2026 11:00:00",21.14472,79.107595,NH3,7,38,11
India,Maharashtra,Nagpur,"Mahal, Nagpur - MPCB","15-04-2026 11:00:00",21.14472,79.107595,CO,28,148,34
India,Maharashtra,"Navi Mumbai","Sanpada, Navi Mumbai - MPCB","15-04-2026 11:00:00",19.0575752,73.0151367,NH3,2,17,6
India,Maharashtra,"Navi Mumbai","Sector-2E Kalamboli, Navi Mumbai - MPCB","15-04-2026 11:00:00",19.02579,73.10297,PM2.5,64,311,124
India,Maharashtra,"Navi Mumbai","Sector-2E Kalamboli, Navi Mumbai - MPCB","15-04-2026 11:00:00",19.02579,73.10297,NH3,NA,NA,NA
India,Maharashtra,Thane,"Upvan Fort, Thane - MPCB","15-04-2026 11:00:00",19.222279,72.957979,NH3,3,3,3
India,Mizoram,Aizawl,"Sikulpuikawn, Aizawl - Mizoram PCB","15-04-2026 11:00:00",23.7176342,92.7192841,SO2,14,16,15
India,Nagaland,Kohima,"PWD Junction, Kohima - NPCB","15-04-2026 11:00:00",25.6635413,94.0989878,PM2.5,27,123,58
India,Nagaland,Kohima,"PWD Junction, Kohima - NPCB","15-04-2026 11:00:00",25.6635413,94.0989878,NO2,3,4,3
India,Nagaland,Kohima,"PWD Junction, Kohima - NPCB","15-04-2026 11:00:00",25.6635413,94.0989878,OZONE,1,10,3
India,Odisha,Angul,"Hakimapada, Angul - OSPCB","15-04-2026 11:00:00",20.832874,85.104082,OZONE,17,308,24
India,Odisha,Balasore,"Kalidaspur, Balasore - OSPCB","15-04-2026 11:00:00",21.51161,86.89088,SO2,4,16,7
India,Maharashtra,Ulhasnagar,"Vithalwadi, Ulhasnagar - MPCB","15-04-2026 11:00:00","19.2307571 ",73.1551920,SO2,1,17,6
India,Meghalaya,Byrnihat,"15th Mile-Nongthymmai, Byrnihat - Meghalaya PCB","15-04-2026 11:00:00",26.05374,91.86796,NO2,NA,NA,NA
India,Meghalaya,Shillong,"Lumpyngngad, Shillong - Meghalaya PCB","15-04-2026 11:00:00",25.5586,91.8985,SO2,10,11,11
India,Mizoram,Aizawl,"Sikulpuikawn, Aizawl - Mizoram PCB","15-04-2026 11:00:00",23.7176342,92.7192841,PM2.5,13,99,69
India,Odisha,Cuttack,"CDA Area, Cuttack - OSPCB","15-04-2026 11:00:00","20.48891     ","85.84768     ",SO2,6,22,8
India,Odisha,Cuttack,"CDA Area, Cuttack - OSPCB","15-04-2026 11:00:00","20.48891     ","85.84768     ",CO,79,91,82
India,Odisha,Keonjhar,"Jagamohanpur, Keonjhar - OSPCB","15-04-2026 11:00:00",21.643900,85.599355,NH3,2,3,2
India,Odisha,Keonjhar,"Jagamohanpur, Keonjhar - OSPCB","15-04-2026 11:00:00",21.643900,85.599355,SO2,4,22,10
India,Odisha,Bhubaneswar,"Patia, Bhubaneswar - OSPCB","15-04-2026 11:00:00",20.34652,85.81630,PM10,48,94,68
India,Odisha,Bhubaneswar,"Patia, Bhubaneswar - OSPCB","15-04-2026 11:00:00",20.34652,85.81630,OZONE,15,75,22
India,Odisha,Bhubaneswar,"Lingraj Mandir, Bhubaneswar - OSPCB","15-04-2026 11:00:00",20.240790,85.836784,OZONE,16,50,21
India,Odisha,Bileipada,"Tata Township, Bileipada - OSPCB","15-04-2026 11:00:00",22.06156703,85.47409613,SO2,12,14,13
India,Odisha,Brajrajnagar,"GM Office, Brajrajnagar - OSPCB","15-04-2026 11:00:00",21.8004996,83.8396977,NH3,6,6,6
India,Odisha,Keonjhar,"Jagamohanpur, Keonjhar - OSPCB","15-04-2026 11:00:00",21.643900,85.599355,CO,30,93,56
India,Punjab,Amritsar,"Golden Temple, Amritsar - PPCB","15-04-2026 11:00:00",31.620000,74.876512,SO2,8,54,20
India,Punjab,Amritsar,"Golden Temple, Amritsar - PPCB","15-04-2026 11:00:00",31.620000,74.876512,CO,16,102,40
India,Punjab,Bathinda,"Hardev Nagar, Bathinda - PPCB","15-04-2026 11:00:00",30.233011,74.907758,SO2,10,10,10
India,Punjab,Bathinda,"Hardev Nagar, Bathinda - PPCB","15-04-2026 11:00:00",30.233011,74.907758,CO,45,80,78
India,Odisha,Rairangpur,"Divisional Forest Office, Rairangpur - OSPCB","15-04-2026 11:00:00",22.265816,86.174829,NH3,1,1,1
India,Odisha,Rairangpur,"Divisional Forest Office, Rairangpur - OSPCB","15-04-2026 11:00:00",22.265816,86.174829,SO2,7,22,13
India,Odisha,Rairangpur,"Divisional Forest Office, Rairangpur - OSPCB","15-04-2026 11:00:00",22.265816,86.174829,CO,15,32,16
India,Odisha,Rourkela,"Fertilizer Township, Rourkela - OSPCB","15-04-2026 11:00:00",22.18972222,84.86277778,PM2.5,80,111,89
India,Odisha,Rourkela,"Fertilizer Township, Rourkela - OSPCB","15-04-2026 11:00:00",22.18972222,84.86277778,PM10,68,77,71
India,Odisha,Talcher,"Talcher Coalfields,Talcher - OSPCB","15-04-2026 11:00:00",20.9360711,85.1707021,OZONE,23,42,26
India,Odisha,Rourkela,"Raghunathpali, Rourkela - OSPCB","15-04-2026 11:00:00",22.220833,84.809444,PM2.5,34,309,94
India,Odisha,Suakati,"OMC Colony, Suakati - OSPCB","15-04-2026 11:00:00",21.606865,85.510538,OZONE,3,143,34
India,Punjab,Khanna,"Kalal Majra, Khanna - PPCB","15-04-2026 11:00:00","30.736056 ",76.209694,SO2,10,23,14
India,Odisha,Suakati,"OMC Colony, Suakati - OSPCB","15-04-2026 11:00:00",21.606865,85.510538,NH3,4,7,4
India,Odisha,Nayagarh,"Dabuna, Nayagarh - OSPCB","15-04-2026 11:00:00",21.847279,85.416905,CO,11,29,27
India,Rajasthan,Bundi,"New Colony, Bundi - RSPCB","15-04-2026 11:00:00",25.435774,75.644272,SO2,1,14,9
India,Rajasthan,Chittorgarh,"Shastri Nagar, Chittorgarh - RSPCB","15-04-2026 11:00:00",24.892047,74.623527,PM2.5,18,99,51
India,Rajasthan,Chittorgarh,"Shastri Nagar, Chittorgarh - RSPCB","15-04-2026 11:00:00",24.892047,74.623527,OZONE,1,90,33
India,Rajasthan,Churu,"Subash Chowk, Churu - RSPCB","15-04-2026 11:00:00",28.296139,74.961696,PM2.5,42,254,74
India,Rajasthan,Churu,"Subash Chowk, Churu - RSPCB","15-04-2026 11:00:00",28.296139,74.961696,NH3,5,7,6
India,Rajasthan,Churu,"Subash Chowk, Churu - RSPCB","15-04-2026 11:00:00",28.296139,74.961696,CO,4,36,22
India,Rajasthan,Dholpur,"Raja Ganj, Dholpur - RSPCB","15-04-2026 11:00:00",26.699557,77.898881,PM2.5,NA,NA,NA
India,Rajasthan,Dholpur,"Raja Ganj, Dholpur - RSPCB","15-04-2026 11:00:00",26.699557,77.898881,PM10,NA,NA,NA
India,Rajasthan,Dholpur,"Raja Ganj, Dholpur - RSPCB","15-04-2026 11:00:00",26.699557,77.898881,NH3,NA,NA,NA
India,Rajasthan,Dholpur,"Raja Ganj, Dholpur - RSPCB","15-04-2026 11:00:00",26.699557,77.898881,CO,26,43,40
India,Rajasthan,Jaipur,"RIICO Sitapura, Jaipur - RSPCB","15-04-2026 11:00:00",26.786682,75.827928,NO2,18,159,68
India,Rajasthan,Jaipur,"RIICO Sitapura, Jaipur - RSPCB","15-04-2026 11:00:00",26.786682,75.827928,NH3,1,3,2
India,Rajasthan,Jaipur,"Sector-2 Murlipura, Jaipur - RSPCB","15-04-2026 11:00:00",26.960669,75.771817,PM2.5,62,325,143
India,Rajasthan,Jaipur,"Sector-2 Murlipura, Jaipur - RSPCB","15-04-2026 11:00:00",26.960669,75.771817,PM10,78,292,131
India,Rajasthan,Jaipur,"Sector-2 Murlipura, Jaipur - RSPCB","15-04-2026 11:00:00",26.960669,75.771817,SO2,7,78,17
India,Rajasthan,Jaipur,"Shastri Nagar, Jaipur - RSPCB","15-04-2026 11:00:00",26.9502929,75.730943,NH3,7,35,13
India,Rajasthan,Jaipur,"Shastri Nagar, Jaipur - RSPCB","15-04-2026 11:00:00",26.9502929,75.730943,CO,14,108,28
India,Rajasthan,Jaisalmer,"Sadar Bazar, Jaisalmer - RSPCB","15-04-2026 11:00:00",26.912329,70.909168,PM10,77,410,121
India,Rajasthan,Jodhpur,"Jhalamand, Jodhpur - RSPCB","15-04-2026 11:00:00",26.215415,73.070156,NH3,8,30,14
India,Rajasthan,Jodhpur,"Samrat Ashok Udhyan, Jodhpur - RSPCB","15-04-2026 11:00:00",26.253384,72.976571,PM2.5,23,140,57
India,Rajasthan,Jodhpur,"Samrat Ashok Udhyan, Jodhpur - RSPCB","15-04-2026 11:00:00",26.253384,72.976571,NO2,3,106,35
India,Rajasthan,Jodhpur,"Samrat Ashok Udhyan, Jodhpur - RSPCB","15-04-2026 11:00:00",26.253384,72.976571,NH3,5,8,6
India,Rajasthan,Jodhpur,"Samrat Ashok Udhyan, Jodhpur - RSPCB","15-04-2026 11:00:00",26.253384,72.976571,SO2,3,12,6
India,Rajasthan,Jodhpur,"Samrat Ashok Udhyan, Jodhpur - RSPCB","15-04-2026 11:00:00",26.253384,72.976571,OZONE,24,63,44
India,Rajasthan,Kota,"Dhanmandi, Kota - RSPCB","15-04-2026 11:00:00",25.164090,75.858137,NO2,15,123,40
India,Rajasthan,Kota,"Nayapura, Kota - RSPCB","15-04-2026 11:00:00",25.196024,75.855668,PM2.5,22,348,55
India,Rajasthan,Ajmer,"Civil Lines,  Ajmer - RSPCB","15-04-2026 11:00:00",26.470859,74.646594,NH3,3,5,4
India,Rajasthan,Alwar,"Moti Doongri, Alwar - RSPCB","15-04-2026 11:00:00",27.554793,76.611536,PM2.5,51,81,62
India,Rajasthan,Alwar,"Moti Doongri, Alwar - RSPCB","15-04-2026 11:00:00",27.554793,76.611536,CO,28,94,44
India,Rajasthan,Banswara,"Rati Talai, Banswara - RSPCB","15-04-2026 11:00:00",23.555190,74.440010,PM10,66,231,107
India,Rajasthan,Banswara,"Rati Talai, Banswara - RSPCB","15-04-2026 11:00:00",23.555190,74.440010,NO2,8,67,27
India,Rajasthan,Banswara,"Rati Talai, Banswara - RSPCB","15-04-2026 11:00:00",23.555190,74.440010,NH3,2,6,4
India,Rajasthan,Banswara,"Rati Talai, Banswara - RSPCB","15-04-2026 11:00:00",23.555190,74.440010,OZONE,34,104,48
India,Rajasthan,Jalore,"Mudtra Sili, Jalore - RSPCB","15-04-2026 11:00:00",25.344694,72.626208,OZONE,31,80,49
India,Rajasthan,Jhalawar,"Rajlaxmi Nagar, Jhalawar - RSPCB","15-04-2026 11:00:00",24.588397,76.172782,SO2,5,30,14
India,Rajasthan,Jhalawar,"Rajlaxmi Nagar, Jhalawar - RSPCB","15-04-2026 11:00:00",24.588397,76.172782,CO,18,52,32
India,Rajasthan,Jodhpur,"Collectorate, Jodhpur - RSPCB","15-04-2026 11:00:00",26.268249,73.0193853,CO,10,168,50
India,Rajasthan,Jodhpur,"Digari Kalan, Jodhpur - RSPCB","15-04-2026 11:00:00",26.295810,73.082283,NH3,1,4,2
India,Rajasthan,Jodhpur,"Digari Kalan, Jodhpur - RSPCB","15-04-2026 11:00:00",26.295810,73.082283,CO,6,99,26
India,Rajasthan,Jaipur,"Adarsh Nagar, Jaipur - RSPCB","15-04-2026 11:00:00",26.902909,75.836858,PM2.5,71,241,118
India,Rajasthan,Jaipur,"Mansarovar Sector-12, Jaipur - RSPCB","15-04-2026 11:00:00",26.843698,75.766894,PM10,34,426,123
India,Rajasthan,Jaipur,"Mansarovar Sector-12, Jaipur - RSPCB","15-04-2026 11:00:00",26.843698,75.766894,NO2,17,64,34
India,Rajasthan,Jaipur,"Mansarovar Sector-12, Jaipur - RSPCB","15-04-2026 11:00:00",26.843698,75.766894,SO2,1,17,7
India,Rajasthan,Jaipur,"Police Commissionerate, Jaipur - RSPCB","15-04-2026 11:00:00",26.9164092,75.7994901,NO2,1,103,23
India,Rajasthan,Jaipur,"Police Commissionerate, Jaipur - RSPCB","15-04-2026 11:00:00",26.9164092,75.7994901,CO,1,82,52
India,Punjab,Ludhiana,"Punjab Agricultural University, Ludhiana - PPCB","15-04-2026 11:00:00",30.9028,75.8086,OZONE,28,50,37
India,Punjab,"Mandi Gobindgarh","RIMT University, Mandi Gobindgarh - PPCB","15-04-2026 11:00:00",30.649961,76.331442,CO,8,107,31
India,Punjab,Patiala,"Model Town, Patiala - PPCB","15-04-2026 11:00:00",30.349388,76.366642,PM2.5,35,137,75
India,Punjab,Patiala,"Model Town, Patiala - PPCB","15-04-2026 11:00:00",30.349388,76.366642,SO2,1,28,12
India,Punjab,Patiala,"Model Town, Patiala - PPCB","15-04-2026 11:00:00",30.349388,76.366642,CO,6,71,21
India,Rajasthan,Bhiwadi,"RIICO Ind. Area III, Bhiwadi - RSPCB","15-04-2026 11:00:00",28.194909,76.862296,CO,5,183,129
India,Rajasthan,Bhiwadi,"Vasundhara Nagar_UIT, Bhiwadi - RSPCB","15-04-2026 11:00:00",28.207266,76.829265,PM10,122,488,282
India,Punjab,Ludhiana,"Punjab Agricultural University, Ludhiana - PPCB","15-04-2026 11:00:00",30.9028,75.8086,PM2.5,56,77,62
India,TamilNadu,Thoothukudi,"Meelavittan, Thoothukudi - TNPCB","15-04-2026 11:00:00","8.816428 ",78.099039,PM10,64,118,86
India,TamilNadu,Thoothukudi,"Meelavittan, Thoothukudi - TNPCB","15-04-2026 11:00:00","8.816428 ",78.099039,CO,14,40,34
India,TamilNadu,Tirupur,"Kumaran College, Tirupur - TNPCB","15-04-2026 11:00:00",11.0973603,77.3228673,PM2.5,33,76,60
India,TamilNadu,Tirupur,"Kumaran College, Tirupur - TNPCB","15-04-2026 11:00:00",11.0973603,77.3228673,NO2,4,4,4
India,TamilNadu,Tirupur,"Kumaran College, Tirupur - TNPCB","15-04-2026 11:00:00",11.0973603,77.3228673,SO2,34,37,36
India,Telangana,Hyderabad,"ECIL Kapra, Hyderabad - TSPCB","15-04-2026 11:00:00",17.470431,78.566959,PM2.5,39,63,51
India,Telangana,Hyderabad,"ECIL Kapra, Hyderabad - TSPCB","15-04-2026 11:00:00",17.470431,78.566959,NO2,15,57,33
India,Telangana,Hyderabad,"IDA Pashamylaram, Hyderabad - TSPCB","15-04-2026 11:00:00",17.5316895,78.218939,NH3,1,2,1
India,Telangana,Hyderabad,"IDA Pashamylaram, Hyderabad - TSPCB","15-04-2026 11:00:00",17.5316895,78.218939,SO2,3,20,12
India,Telangana,Hyderabad,"IDA Pashamylaram, Hyderabad - TSPCB","15-04-2026 11:00:00",17.5316895,78.218939,CO,3,70,44
India,Telangana,Hyderabad,"IITH Kandi, Hyderabad - TSPCB","15-04-2026 11:00:00",17.585705,78.126199,PM2.5,42,120,67
India,Uttar_Pradesh,Agra,"Manoharpur, Agra - UPPCB","15-04-2026 11:00:00",27.23711,78.01936,OZONE,5,6,6
India,Uttar_Pradesh,Agra,"Sanjay Palace, Agra - UPPCB","15-04-2026 11:00:00",27.19865833,78.00598056,PM10,80,248,159
India,Uttar_Pradesh,Agra,"Sector-3B Avas Vikas Colony, Agra - UPPCB","15-04-2026 11:00:00",27.19412,77.96237,SO2,12,15,14
India,Uttar_Pradesh,Agra,"Sector-3B Avas Vikas Colony, Agra - UPPCB","15-04-2026 11:00:00",27.19412,77.96237,CO,14,86,43
India,Uttar_Pradesh,Agra,"Sector-3B Avas Vikas Colony, Agra - UPPCB","15-04-2026 11:00:00",27.19412,77.96237,OZONE,5,10,6
India,Uttar_Pradesh,Agra,"Shahjahan Garden, Agra - UPPCB","15-04-2026 11:00:00",27.169338,78.03582,NO2,28,37,32
India,Uttar_Pradesh,Agra,"Shastripuram, Agra - UPPCB","15-04-2026 11:00:00",27.19862,77.92066,PM2.5,18,114,61
India,Uttar_Pradesh,Agra,"Shastripuram, Agra - UPPCB","15-04-2026 11:00:00",27.19862,77.92066,CO,8,38,20
India,Rajasthan,Pratapgarh,"Pragati Nagar, Pratapgarh - RSPCB","15-04-2026 11:00:00",24.041198,74.780702,NH3,3,7,5
India,Rajasthan,Pratapgarh,"Pragati Nagar, Pratapgarh - RSPCB","15-04-2026 11:00:00",24.041198,74.780702,OZONE,46,81,61
India,Rajasthan,Rajsamand,"Dhoinda, Rajsamand - RSPCB","15-04-2026 11:00:00",25.036360,73.883502,PM2.5,8,53,25
India,Rajasthan,Rajsamand,"Dhoinda, Rajsamand - RSPCB","15-04-2026 11:00:00",25.036360,73.883502,CO,26,46,39
India,Rajasthan,"Sawai Madhopur","Sahu Nagar, Sawai Madhopur - RSPCB","15-04-2026 11:00:00",26.031443,76.359327,NO2,6,74,31
India,Rajasthan,Sirohi,"Vedhaynath Colony, Sirohi - RSPCB","15-04-2026 11:00:00",24.885261,72.857549,PM2.5,15,62,33
India,Rajasthan,Sirohi,"Vedhaynath Colony, Sirohi - RSPCB","15-04-2026 11:00:00",24.885261,72.857549,NO2,3,45,12
India,Rajasthan,Sirohi,"Vedhaynath Colony, Sirohi - RSPCB","15-04-2026 11:00:00",24.885261,72.857549,NH3,2,4,3
India,Telangana,Hyderabad,"IITH Kandi, Hyderabad - TSPCB","15-04-2026 11:00:00",17.585705,78.126199,OZONE,15,34,16
India,Telangana,Hyderabad,"Kokapet, Hyderabad - TSPCB","15-04-2026 11:00:00",17.393559,78.339194,PM10,75,93,83
India,Telangana,Hyderabad,"Kokapet, Hyderabad - TSPCB","15-04-2026 11:00:00",17.393559,78.339194,NH3,1,2,2
India,Telangana,Hyderabad,"Kokapet, Hyderabad - TSPCB","15-04-2026 11:00:00",17.393559,78.339194,SO2,11,16,13
India,Telangana,Hyderabad,"Kokapet, Hyderabad - TSPCB","15-04-2026 11:00:00",17.393559,78.339194,OZONE,17,33,20
India,Telangana,Hyderabad,"Nacharam_TSIIC IALA, Hyderabad - TSPCB","15-04-2026 11:00:00",17.429398,78.569354,NO2,13,18,15
India,Telangana,Hyderabad,"Nacharam_TSIIC IALA, Hyderabad - TSPCB","15-04-2026 11:00:00",17.429398,78.569354,CO,26,33,30
India,Telangana,Hyderabad,"New Malakpet, Hyderabad - TSPCB","15-04-2026 11:00:00",17.37206,78.50864,PM10,76,91,83
India,Telangana,Hyderabad,"Sanathnagar, Hyderabad - TSPCB","15-04-2026 11:00:00",17.4559458,78.4332152,PM2.5,46,57,50
India,Telangana,Hyderabad,"Sanathnagar, Hyderabad - TSPCB","15-04-2026 11:00:00",17.4559458,78.4332152,SO2,NA,NA,NA
India,Telangana,Hyderabad,"Somajiguda, Hyderabad - TSPCB","15-04-2026 11:00:00",17.417094,78.457437,PM2.5,30,61,43
India,Telangana,Hyderabad,"Somajiguda, Hyderabad - TSPCB","15-04-2026 11:00:00",17.417094,78.457437,OZONE,13,42,21
India,Telangana,Hyderabad,"Zoo Park, Hyderabad - TSPCB","15-04-2026 11:00:00",17.349694,78.451437,SO2,2,2,2
India,Telangana,Hyderabad,"Zoo Park, Hyderabad - TSPCB","15-04-2026 11:00:00",17.349694,78.451437,OZONE,22,27,24
India,Tripura,Agartala,"Bardowali, Agartala - Tripura SPCB","15-04-2026 11:00:00",23.8175497,91.2726974,CO,18,25,19
India,Rajasthan,"Sri Ganganagar","Old City, Sri Ganganagar - RSPCB","15-04-2026 11:00:00",29.931624,73.864511,PM10,74,293,143
India,Rajasthan,"Sri Ganganagar","Old City, Sri Ganganagar - RSPCB","15-04-2026 11:00:00",29.931624,73.864511,CO,36,103,67
India,Rajasthan,Tonk,"Shastri Nagar, Tonk - RSPCB","15-04-2026 11:00:00",26.159933,75.780517,PM10,40,494,182
India,Rajasthan,Udaipur,"Ashok Nagar, Udaipur - RSPCB","15-04-2026 11:00:00",24.5886166,73.6321397,PM10,76,145,113
India,Sikkim,Gangtok,"Zero Point GICI, Gangtok - SSPCB","15-04-2026 11:00:00",27.338530,88.614099,CO,6,17,10
India,Sikkim,Gangtok,"Zero Point GICI, Gangtok - SSPCB","15-04-2026 11:00:00",27.338530,88.614099,OZONE,16,28,23
India,TamilNadu,Chennai,"Perungudi, Chennai - TNPCB","15-04-2026 11:00:00",12.9533,80.2357,PM2.5,3,35,17
India,TamilNadu,Chennai,"Royapuram, Chennai - TNPCB","15-04-2026 11:00:00",13.1036,80.2909,CO,18,28,22
India,TamilNadu,Coimbatore,"SIDCO Kurichi, Coimbatore - TNPCB","15-04-2026 11:00:00",10.942451,76.978996,PM2.5,16,84,53
India,TamilNadu,Coimbatore,"SIDCO Kurichi, Coimbatore - TNPCB","15-04-2026 11:00:00",10.942451,76.978996,CO,22,34,26
India,TamilNadu,Gummidipoondi,"Anthoni Pillai Nagar, Gummidipoondi - TNPCB","15-04-2026 11:00:00",13.4127,80.1081,NO2,9,21,15
India,TamilNadu,Chennai,"Kodungaiyur, Chennai - TNPCB","15-04-2026 11:00:00",13.1278,80.2642,NH3,3,5,4
India,TamilNadu,Chennai,"Kodungaiyur, Chennai - TNPCB","15-04-2026 11:00:00",13.1278,80.2642,OZONE,24,35,30
India,TamilNadu,Chennai,"Manali Village, Chennai - TNPCB","15-04-2026 11:00:00",13.1662,80.2584,OZONE,21,94,64
India,TamilNadu,Chennai,"Manali, Chennai - CPCB","15-04-2026 11:00:00",13.164544,80.26285,NO2,10,11,10
India,TamilNadu,Chennai,"Manali, Chennai - CPCB","15-04-2026 11:00:00",13.164544,80.26285,NH3,6,7,6
India,TamilNadu,Chennai,"Manali, Chennai - CPCB","15-04-2026 11:00:00",13.164544,80.26285,CO,12,77,25
India,Rajasthan,Kota,"Nayapura, Kota - RSPCB","15-04-2026 11:00:00",25.196024,75.855668,OZONE,8,141,56
India,Rajasthan,Kota,"Shrinath Puram, Kota - RSPCB","15-04-2026 11:00:00",25.14389,75.821256,SO2,5,19,9
India,Rajasthan,Nagaur,"Karni Colony, Nagaur - RSPCB","15-04-2026 11:00:00",27.213494,73.734444,NH3,5,13,8
India,Rajasthan,Pali,"Indira Colony Vistar, Pali - RSPCB","15-04-2026 11:00:00",25.771061," 73.340227",NO2,14,21,16
India,Uttar_Pradesh,Meerut,"Ganga Nagar, Meerut - UPPCB","15-04-2026 11:00:00",28.999264,77.7590354,PM10,109,236,165
India,Uttar_Pradesh,Meerut,"Jai Bhim Nagar, Meerut - UPPCB","15-04-2026 11:00:00",28.9535882,77.7622941,PM10,116,285,168
India,Uttar_Pradesh,Meerut,"Jai Bhim Nagar, Meerut - UPPCB","15-04-2026 11:00:00",28.9535882,77.7622941,NH3,5,7,6
India,Uttar_Pradesh,Meerut,"Pallavpuram Phase 2, Meerut - UPPCB","15-04-2026 11:00:00",29.063510,77.709723,NO2,25,122,62
India,Uttar_Pradesh,Meerut,"Pallavpuram Phase 2, Meerut - UPPCB","15-04-2026 11:00:00",29.063510,77.709723,CO,12,70,36
India,Uttar_Pradesh,Moradabad,"Buddhi Vihar, Moradabad - UPPCB","15-04-2026 11:00:00",28.83526,78.74460,PM2.5,16,83,48
India,Uttar_Pradesh,Moradabad,"Buddhi Vihar, Moradabad - UPPCB","15-04-2026 11:00:00",28.83526,78.74460,SO2,22,25,24
India,Uttar_Pradesh,Moradabad,"Buddhi Vihar, Moradabad - UPPCB","15-04-2026 11:00:00",28.83526,78.74460,CO,30,39,36
India,Uttar_Pradesh,Moradabad,"Buddhi Vihar, Moradabad - UPPCB","15-04-2026 11:00:00",28.83526,78.74460,OZONE,10,53,17
India,Uttar_Pradesh,Moradabad,"Eco Herbal Park, Moradabad - UPPCB","15-04-2026 11:00:00",28.840739,78.697531,PM10,53,212,138
India,Uttar_Pradesh,Muzaffarnagar,"New Mandi, Muzaffarnagar - UPPCB","15-04-2026 11:00:00",29.4723508,77.7194031,OZONE,22,163,157
India,Uttar_Pradesh,Noida,"Sector - 125, Noida - UPPCB","15-04-2026 11:00:00",28.5447608,77.3231257,PM10,107,433,222
India,Uttar_Pradesh,Noida,"Sector - 125, Noida - UPPCB","15-04-2026 11:00:00",28.5447608,77.3231257,NO2,14,153,93
India,Uttar_Pradesh,Noida,"Sector - 125, Noida - UPPCB","15-04-2026 11:00:00",28.5447608,77.3231257,SO2,13,30,20
India,Uttar_Pradesh,Noida,"Sector - 125, Noida - UPPCB","15-04-2026 11:00:00",28.5447608,77.3231257,CO,28,147,58
India,Uttar_Pradesh,Noida,"Sector - 62, Noida - IMD","15-04-2026 11:00:00",28.6245479,77.3577104,PM10,72,244,161
India,Uttar_Pradesh,Noida,"Sector-116, Noida - UPPCB","15-04-2026 11:00:00",28.569230,77.393848,PM2.5,37,334,198
India,Uttar_Pradesh,Prayagraj,"Jhunsi, Prayagraj - UPPCB","15-04-2026 11:00:00",25.425602,81.917152,NO2,6,6,6
India,Uttar_Pradesh,Prayagraj,"Motilal Nehru NIT, Prayagraj - UPPCB","15-04-2026 11:00:00",25.494,81.863,PM2.5,15,65,42
India,Uttar_Pradesh,Lucknow,"Gomti Nagar, Lucknow - UPPCB","15-04-2026 11:00:00",26.868120,81.005119,CO,38,44,40
India,Uttar_Pradesh,Lucknow,"Kendriya Vidyalaya, Lucknow - CPCB","15-04-2026 11:00:00",26.906111,80.948222,PM2.5,33,130,82
India,Uttar_Pradesh,Lucknow,"Kendriya Vidyalaya, Lucknow - CPCB","15-04-2026 11:00:00",26.906111,80.948222,PM10,111,158,135
India,Uttar_Pradesh,Lucknow,"Kendriya Vidyalaya, Lucknow - CPCB","15-04-2026 11:00:00",26.906111,80.948222,SO2,8,31,13
India,Uttar_Pradesh,Lucknow,"Kukrail Picnic Spot-1, Lucknow - UPPCB","15-04-2026 11:00:00",26.90723,80.98579,NO2,31,33,32
India,Uttar_Pradesh,Lucknow,"Kukrail Picnic Spot-1, Lucknow - UPPCB","15-04-2026 11:00:00",26.90723,80.98579,SO2,20,23,21
India,Uttar_Pradesh,Lucknow,"Kukrail Picnic Spot-1, Lucknow - UPPCB","15-04-2026 11:00:00",26.90723,80.98579,OZONE,8,40,19
India,Uttar_Pradesh,Lucknow,"Talkatora District Industries Center, Lucknow - CPCB","15-04-2026 11:00:00",26.83399722,80.8917361,PM10,91,148,123
India,Uttar_Pradesh,Kanpur,"FTI Kidwai Nagar, Kanpur - UPPCB","15-04-2026 11:00:00",26.428282,80.327067,NH3,3,3,3
India,Uttar_Pradesh,Kanpur,"FTI Kidwai Nagar, Kanpur - UPPCB","15-04-2026 11:00:00",26.428282,80.327067,SO2,7,42,17
India,Uttar_Pradesh,Kanpur,"Nehru Nagar, Kanpur - UPPCB","15-04-2026 11:00:00",26.4703136,80.3229863,CO,6,116,60
India,Uttar_Pradesh,Khora,"Prashant Garden, Khora - UPPCB","15-04-2026 11:00:00",28.61119,77.34206,PM2.5,176,384,294
India,Uttar_Pradesh,Khurja,"Kalindi Kunj, Khurja - UPPCB","15-04-2026 11:00:00",28.2348927,77.8683002,PM10,43,256,132
India,Uttar_Pradesh,Khurja,"Kalindi Kunj, Khurja - UPPCB","15-04-2026 11:00:00",28.2348927,77.8683002,CO,6,78,61
India,Uttar_Pradesh,Moradabad,"Jigar Colony, Moradabad - UPPCB","15-04-2026 11:00:00",28.856664,78.772638,OZONE,17,23,18
India,Uttar_Pradesh,Moradabad,"Kashiram Nagar, Moradabad - UPPCB","15-04-2026 11:00:00",28.849399,78.742362,PM10,44,157,100
India,Uttar_Pradesh,Moradabad,"Kashiram Nagar, Moradabad - UPPCB","15-04-2026 11:00:00",28.849399,78.742362,NH3,4,4,4
India,Uttar_Pradesh,Moradabad,"Kashiram Nagar, Moradabad - UPPCB","15-04-2026 11:00:00",28.849399,78.742362,CO,17,54,30
India,Uttar_Pradesh,Moradabad,"Transport Nagar, Moradabad - UPPCB","15-04-2026 11:00:00",28.802625,78.753728,NH3,NA,NA,NA
India,Uttar_Pradesh,Moradabad,"Transport Nagar, Moradabad - UPPCB","15-04-2026 11:00:00",28.802625,78.753728,CO,NA,NA,NA
India,Uttar_Pradesh,Ghaziabad,"Indirapuram, Ghaziabad - UPPCB","15-04-2026 11:00:00",28.646233,77.358075,PM10,105,444,245
India,Uttar_Pradesh,Ghaziabad,"Indirapuram, Ghaziabad - UPPCB","15-04-2026 11:00:00",28.646233,77.358075,NH3,14,17,16
India,Uttar_Pradesh,Ghaziabad,"Indirapuram, Ghaziabad - UPPCB","15-04-2026 11:00:00",28.646233,77.358075,OZONE,12,89,34
India,Uttar_Pradesh,Ghaziabad,"Loni, Ghaziabad - UPPCB","15-04-2026 11:00:00",28.757294,77.278792,OZONE,2,142,40
India,Uttar_Pradesh,Ghaziabad,"Vasundhara, Ghaziabad - UPPCB","15-04-2026 11:00:00",28.6603346,77.3572563,PM2.5,34,366,219
India,Uttar_Pradesh,"Greater Noida","Knowledge Park - V, Greater Noida - UPPCB","15-04-2026 11:00:00",28.557054,77.453663,PM10,139,500,349
India,Uttar_Pradesh,"Greater Noida","Knowledge Park - V, Greater Noida - UPPCB","15-04-2026 11:00:00",28.557054,77.453663,OZONE,3,155,38
India,Uttar_Pradesh,Hapur,"Anand Vihar, Hapur - UPPCB","15-04-2026 11:00:00",28.725645,77.749675,PM10,101,299,202
India,Uttar_Pradesh,Hapur,"Anand Vihar, Hapur - UPPCB","15-04-2026 11:00:00",28.725645,77.749675,OZONE,8,82,40
India,Uttar_Pradesh,Bareilly,"Civil Lines, Bareilly - UPPCB","15-04-2026 11:00:00",28.359581,79.414455,OZONE,9,57,18
India,Uttar_Pradesh,Firozabad,"Nagla Bhau, Firozabad - UPPCB","15-04-2026 11:00:00",27.168897,78.376960,SO2,23,41,29
India,Uttar_Pradesh,Firozabad,"Vibhab Nagar, Firozabad - UPPCB","15-04-2026 11:00:00",27.1594,78.3953,PM2.5,48,171,105
India,Uttar_Pradesh,Moradabad,"Employment Office, Moradabad - UPPCB","15-04-2026 11:00:00",28.88528,78.73880,PM2.5,16,206,80
India,Uttar_Pradesh,Moradabad,"Employment Office, Moradabad - UPPCB","15-04-2026 11:00:00",28.88528,78.73880,SO2,27,34,29
India,Uttar_Pradesh,Moradabad,"Jigar Colony, Moradabad - UPPCB","15-04-2026 11:00:00",28.856664,78.772638,PM10,76,141,106
India,Uttar_Pradesh,Moradabad,"Jigar Colony, Moradabad - UPPCB","15-04-2026 11:00:00",28.856664,78.772638,NO2,24,25,25
India,Uttar_Pradesh,Prayagraj,"Nagar Nigam, Prayagraj - UPPCB","15-04-2026 11:00:00","25.44919916 ","81.82735986 ",NH3,4,9,6
India,Uttar_Pradesh,Prayagraj,"Nagar Nigam, Prayagraj - UPPCB","15-04-2026 11:00:00","25.44919916 ","81.82735986 ",SO2,17,43,30
India,Uttar_Pradesh,Varanasi,"Ardhali Bazar, Varanasi - UPPCB","15-04-2026 11:00:00",25.3505986,82.9083074,SO2,NA,NA,NA
India,Uttar_Pradesh,Varanasi,"IESD Banaras Hindu University, Varanasi - UPPCB","15-04-2026 11:00:00",25.262326,82.995408,PM10,48,144,89
India,Uttarakhand,Kashipur,"Govt. Girls Inter College, Kashipur - UKPCB","15-04-2026 11:00:00",29.2124114,78.9611753,NH3,NA,NA,NA
India,Uttarakhand,Rishikesh,"Shivaji Nagar, Rishikesh - UKPCB","15-04-2026 11:00:00",30.075911,78.2859547,NO2,18,26,22
India,West_Bengal,Asansol,"Mahabir Colliery, Asansol - WBPCB","15-04-2026 11:00:00",23.6181830,87.1057180,OZONE,12,67,28
India,West_Bengal,Asansol,"Trivenidevi Bhalotia College, Asansol - WBPCB","15-04-2026 11:00:00",23.616515,87.119133,NH3,5,7,6
India,West_Bengal,Asansol,"Trivenidevi Bhalotia College, Asansol - WBPCB","15-04-2026 11:00:00",23.616515,87.119133,SO2,9,12,11
India,West_Bengal,Barrackpore,"SVSPA Campus, Barrackpore - WBPCB","15-04-2026 11:00:00",22.7605581,88.3617589,PM2.5,30,72,45
India,West_Bengal,Barrackpore,"SVSPA Campus, Barrackpore - WBPCB","15-04-2026 11:00:00",22.7605581,88.3617589,CO,19,27,22
India,West_Bengal,Durgapur,"Mahishkapur Road_B-Zone, Durgapur - WBPCB","15-04-2026 11:00:00",23.567923,87.306843,OZONE,7,80,13
India,West_Bengal,Durgapur,"Womens College_City Center, Durgapur - WBPCB","15-04-2026 11:00:00",23.549395,87.300496,CO,17,67,36
India,West_Bengal,Durgapur,"Womens College_City Center, Durgapur - WBPCB","15-04-2026 11:00:00",23.549395,87.300496,OZONE,6,148,27
India,West_Bengal,Haldia,"Priyambada Housing Estate, Haldia - WBPCB","15-04-2026 11:00:00",22.06047,88.109737,NO2,7,31,15
India,West_Bengal,Haldia,"Priyambada Housing Estate, Haldia - WBPCB","15-04-2026 11:00:00",22.06047,88.109737,NH3,4,4,4
India,West_Bengal,Haldia,"Priyambada Housing Estate, Haldia - WBPCB","15-04-2026 11:00:00",22.06047,88.109737,OZONE,11,151,14
India,West_Bengal,Howrah,"Botanical Garden, Howrah - WBPCB","15-04-2026 11:00:00",22.554954,88.292568,PM10,35,67,51
India,West_Bengal,Howrah,"Botanical Garden, Howrah - WBPCB","15-04-2026 11:00:00",22.554954,88.292568,NH3,NA,NA,NA
India,West_Bengal,Howrah,"Botanical Garden, Howrah - WBPCB","15-04-2026 11:00:00",22.554954,88.292568,SO2,2,18,5
India,West_Bengal,Howrah,"Dasnagar, Howrah - WBPCB","15-04-2026 11:00:00",22.6025571,88.3105664,OZONE,15,74,23
India,West_Bengal,Howrah,"Ghusuri, Howrah - WBPCB","15-04-2026 11:00:00",22.611968,88.347422,PM10,51,126,81
India,West_Bengal,Kolkata,"Ballygunge, Kolkata - WBPCB","15-04-2026 11:00:00",22.5367507,88.3638022,PM2.5,27,76,47
India,West_Bengal,Kolkata,"Ballygunge, Kolkata - WBPCB","15-04-2026 11:00:00",22.5367507,88.3638022,SO2,18,24,19
India,West_Bengal,Kolkata,"Ballygunge, Kolkata - WBPCB","15-04-2026 11:00:00",22.5367507,88.3638022,OZONE,13,47,17
India,West_Bengal,Kolkata,"Bidhannagar, Kolkata - WBPCB","15-04-2026 11:00:00",22.58157048,88.41002457,OZONE,20,47,23
India,West_Bengal,Kolkata,"Jadavpur, Kolkata - WBPCB","15-04-2026 11:00:00",22.49929,88.36917,PM10,42,91,61
India,West_Bengal,Kolkata,"Jadavpur, Kolkata - WBPCB","15-04-2026 11:00:00",22.49929,88.36917,SO2,3,4,4
India,West_Bengal,Kolkata,"Jadavpur, Kolkata - WBPCB","15-04-2026 11:00:00",22.49929,88.36917,CO,18,24,22
India,West_Bengal,Kolkata,"Rabindra Bharati University, Kolkata - WBPCB","15-04-2026 11:00:00",22.627847,88.380669,SO2,4,10,8
India,West_Bengal,Kolkata,"Rabindra Sarobar, Kolkata - WBPCB","15-04-2026 11:00:00",22.51106,88.35142,PM2.5,18,50,33
India,West_Bengal,Kolkata,"Victoria, Kolkata - WBPCB","15-04-2026 11:00:00",22.5448082,88.3403691,NO2,26,34,29
India,West_Bengal,Kolkata,"Victoria, Kolkata - WBPCB","15-04-2026 11:00:00",22.5448082,88.3403691,CO,2,29,4
India,Assam,Guwahati,"Railway Colony, Guwahati - PCBA","15-04-2026 11:00:00",26.181742,91.78063,OZONE,1,3,1
India,Assam,Nagaon,"Christianpatty, Nagaon - PCBA","15-04-2026 11:00:00",26.349082,92.68449,NH3,4,4,4
India,Assam,Nagaon,"Christianpatty, Nagaon - PCBA","15-04-2026 11:00:00",26.349082,92.68449,SO2,10,14,12
India,Assam,Nagaon,"Christianpatty, Nagaon - PCBA","15-04-2026 11:00:00",26.349082,92.68449,CO,11,24,20
India,Assam,Nalbari,"Bata Chowk, Nalbari - PCBA","15-04-2026 11:00:00",26.446912,91.439057,SO2,2,8,8
India,Assam,Silchar,"Tarapur, Silchar - PCBA","15-04-2026 11:00:00",24.82827,92.79525,SO2,4,6,5
India,Assam,Sivasagar,"Girls College, Sivasagar - PCBA","15-04-2026 11:00:00",26.987634,94.636574,NO2,23,31,27
India,Assam,Sivasagar,"Girls College, Sivasagar - PCBA","15-04-2026 11:00:00",26.987634,94.636574,SO2,6,9,9
India,Assam,Sivasagar,"Girls College, Sivasagar - PCBA","15-04-2026 11:00:00",26.987634,94.636574,CO,16,28,17
India,Bihar,Araria,"Kharahiya Basti, Araria - BSPCB","15-04-2026 11:00:00",26.146529,87.454184,NO2,10,18,14
India,Andhra_Pradesh,Vijayawada,"Rajiv Nagar, Vijayawada - APPCB","15-04-2026 11:00:00",16.554731,80.649110,NH3,4,5,5
India,Andhra_Pradesh,Visakhapatnam,"GVM Corporation, Visakhapatnam - APPCB","15-04-2026 11:00:00",17.72,83.3,NH3,3,4,3
India,Arunachal_Pradesh,Naharlagun,"Naharlagun, Naharlagun - APSPCB","15-04-2026 11:00:00",27.103358,93.679645,PM10,32,93,56
India,Arunachal_Pradesh,Naharlagun,"Naharlagun, Naharlagun - APSPCB","15-04-2026 11:00:00",27.103358,93.679645,NO2,7,7,7
India,Assam,Byrnihat,"Central Academy for SFS, Byrnihat - PCBA","15-04-2026 11:00:00",26.071318,91.87488,OZONE,9,44,16
India,Assam,Guwahati,"Railway Colony, Guwahati - PCBA","15-04-2026 11:00:00",26.181742,91.78063,PM10,35,130,66
India,Assam,Guwahati,"Railway Colony, Guwahati - PCBA","15-04-2026 11:00:00",26.181742,91.78063,NO2,3,3,3
India,Andhra_Pradesh,Kadapa,"Yerramukkapalli, Kadapa - APPCB","15-04-2026 11:00:00",14.465052,78.824187,NO2,21,31,24
India,Andhra_Pradesh,Machilipatnam,"Srinivas Nagar Colony, Machilipatnam - APPCB","15-04-2026 11:00:00",16.186555,81.13219,PM10,47,71,51
India,Andhra_Pradesh,Machilipatnam,"Srinivas Nagar Colony, Machilipatnam - APPCB","15-04-2026 11:00:00",16.186555,81.13219,NH3,2,4,3
India,Andhra_Pradesh,Nellore,"Ambedkar Nagar, Nellore - APPCB ","15-04-2026 11:00:00","14.438164 ","79.966814 ",PM10,21,75,40
India,Andhra_Pradesh,Nellore,"Ambedkar Nagar, Nellore - APPCB ","15-04-2026 11:00:00","14.438164 ","79.966814 ",NO2,22,29,25
India,Andhra_Pradesh,Nellore,"Ambedkar Nagar, Nellore - APPCB ","15-04-2026 11:00:00","14.438164 ","79.966814 ",SO2,2,14,6
India,Andhra_Pradesh,Rajamahendravaram,"Anand Kala Kshetram, Rajamahendravaram - APPCB","15-04-2026 11:00:00",16.9872867,81.7363176,SO2,4,6,5
India,Andhra_Pradesh,Rajamahendravaram,"Anand Kala Kshetram, Rajamahendravaram - APPCB","15-04-2026 11:00:00",16.9872867,81.7363176,CO,19,36,22
India,Bihar,Gaya,"Kareemganj, Gaya - BSPCB","15-04-2026 11:00:00",24.792403,84.992416,SO2,36,45,43
India,Bihar,Gaya,"SFTI Kusdihra, Gaya - BSPCB","15-04-2026 11:00:00",24.762518,84.982348,PM2.5,37,74,53
India,Bihar,Gaya,"SFTI Kusdihra, Gaya - BSPCB","15-04-2026 11:00:00",24.762518,84.982348,CO,11,34,24
India,Bihar,Katihar,"Mirchaibari, Katihar - BSPCB","15-04-2026 11:00:00",25.560083,87.553265,SO2,19,26,22
India,Bihar,Katihar,"Mirchaibari, Katihar - BSPCB","15-04-2026 11:00:00",25.560083,87.553265,OZONE,5,39,6
India,Bihar,Kishanganj,"SDM Office_Khagra, Kishanganj - BSPCB","15-04-2026 11:00:00",26.0881305,87.93840336,PM2.5,40,75,53
India,Bihar,Kishanganj,"SDM Office_Khagra, Kishanganj - BSPCB","15-04-2026 11:00:00",26.0881305,87.93840336,CO,14,16,16
India,Bihar,Bhagalpur,"Mayaganj, Bhagalpur - BSPCB","15-04-2026 11:00:00",25.265194,87.012947,NH3,6,7,7
India,Bihar,Bhagalpur,"Mayaganj, Bhagalpur - BSPCB","15-04-2026 11:00:00",25.265194,87.012947,CO,78,94,86
India,Bihar,Buxar,"Charitra Van, Buxar - BSPCB","15-04-2026 11:00:00",25.567520,83.966379,SO2,27,38,31
India,Bihar,Chhapra,"Darshan Nagar, Chhapra - BSPCB","15-04-2026 11:00:00",25.7808257,84.7446768,CO,12,22,16
India,Bihar,Chhapra,"Darshan Nagar, Chhapra - BSPCB","15-04-2026 11:00:00",25.7808257,84.7446768,OZONE,3,50,13
India,Bihar,Gaya,"Collectorate, Gaya - BSPCB","15-04-2026 11:00:00",24.7955,84.9994,PM2.5,NA,NA,NA
India,Andhra_Pradesh,Tirupati,"Vaikuntapuram, Tirupati - APPCB","15-04-2026 11:00:00",13.615387,79.409230,OZONE,24,39,38
India,Andhra_Pradesh,Vijayawada,"HB Colony, Vijayawada - APPCB","15-04-2026 11:00:00",16.536107,80.594233,NO2,17,21,18
India,Andhra_Pradesh,Vijayawada,"HB Colony, Vijayawada - APPCB","15-04-2026 11:00:00",16.536107,80.594233,SO2,9,16,14
India,Andhra_Pradesh,Vijayawada,"Kanuru, Vijayawada - APPCB","15-04-2026 11:00:00",16.486692,80.699436,NO2,NA,NA,NA
India,Andhra_Pradesh,Vijayawada,"Kanuru, Vijayawada - APPCB","15-04-2026 11:00:00",16.486692,80.699436,CO,40,51,41
India,Andhra_Pradesh,Amaravati,"Secretariat, Amaravati - APPCB","15-04-2026 11:00:00",16.5150833,80.5181667,SO2,3,19,9
India,Andhra_Pradesh,Anantapur,"Gulzarpet, Anantapur - APPCB","15-04-2026 11:00:00",14.675886,77.593027,NH3,4,5,5
India,Andhra_Pradesh,Chittoor,"Gangineni Cheruvu, Chittoor - APPCB","15-04-2026 11:00:00",13.204880,79.097889,NH3,6,6,6
India,Andhra_Pradesh,Chittoor,"Gangineni Cheruvu, Chittoor - APPCB","15-04-2026 11:00:00",13.204880,79.097889,SO2,12,21,15
India,Bihar,Arrah,"New DM Office, Arrah - BSPCB","15-04-2026 11:00:00",25.5626095,84.663264,PM10,10,211,72
India,Bihar,Arrah,"New DM Office, Arrah - BSPCB","15-04-2026 11:00:00",25.5626095,84.663264,NO2,5,9,7
India,Bihar,Arrah,"New DM Office, Arrah - BSPCB","15-04-2026 11:00:00",25.5626095,84.663264,OZONE,5,23,9
India,Bihar,Aurangabad,"Gurdeo Nagar, Aurangabad - BSPCB","15-04-2026 11:00:00",24.75746,84.366208,OZONE,29,100,40
India,Andhra_Pradesh,Eluru,"District Court, Eluru - APPCB","15-04-2026 11:00:00",16.711754,81.092095,SO2,9,16,10
India,Andhra_Pradesh,Eluru,"District Court, Eluru - APPCB","15-04-2026 11:00:00",16.711754,81.092095,NH3,1,3,1
India,Bihar,Muzaffarpur,"MIT-Daudpur Kothi, Muzaffarpur - BSPCB","15-04-2026 11:00:00",26.1403345,85.3650192,NO2,1,9,4
India,Bihar,Muzaffarpur,"MIT-Daudpur Kothi, Muzaffarpur - BSPCB","15-04-2026 11:00:00",26.1403345,85.3650192,NH3,2,3,3
India,Bihar,Muzaffarpur,"MIT-Daudpur Kothi, Muzaffarpur - BSPCB","15-04-2026 11:00:00",26.1403345,85.3650192,CO,28,42,36
India,Bihar,Muzaffarpur,"Muzaffarpur Collectorate, Muzaffarpur - BSPCB","15-04-2026 11:00:00",26.1209,85.3647,OZONE,7,21,9
India,Bihar,Patna,"DRM Office Danapur, Patna - BSPCB","15-04-2026 11:00:00",25.586562,85.043586,PM10,101,411,197
India,Bihar,Patna,"Govt. High School Shikarpur, Patna - BSPCB","15-04-2026 11:00:00",25.592539,85.227158,PM2.5,68,81,76
India,Bihar,Patna,"Govt. High School Shikarpur, Patna - BSPCB","15-04-2026 11:00:00",25.592539,85.227158,NO2,14,59,22
India,Bihar,Patna,"Govt. High School Shikarpur, Patna - BSPCB","15-04-2026 11:00:00",25.592539,85.227158,OZONE,19,90,37
India,Bihar,Patna,"IGSC Planetarium Complex, Patna - BSPCB","15-04-2026 11:00:00",25.610369,85.132568,SO2,1,38,13
India,Chhattisgarh,Raipur,"AIIMS, Raipur - CECB","15-04-2026 11:00:00",21.258815,81.578979,NH3,3,4,3
India,Chhattisgarh,Raipur,"AIIMS, Raipur - CECB","15-04-2026 11:00:00",21.258815,81.578979,OZONE,5,96,8
India,Chhattisgarh,Raipur,"Bhatagaon New ISBT, Raipur - CECB","15-04-2026 11:00:00",21.219665,81.630094,NO2,28,86,40
India,Chhattisgarh,Raipur,"Bhatagaon New ISBT, Raipur - CECB","15-04-2026 11:00:00",21.219665,81.630094,CO,30,107,50
India,Chhattisgarh,Raipur,"Krishak Nagar, Raipur - CECB","15-04-2026 11:00:00",21.237755,81.705301,PM2.5,71,98,78
India,Chhattisgarh,Raipur,"Krishak Nagar, Raipur - CECB","15-04-2026 11:00:00",21.237755,81.705301,SO2,5,39,14
India,Chhattisgarh,Raipur,"Krishak Nagar, Raipur - CECB","15-04-2026 11:00:00",21.237755,81.705301,OZONE,2,140,8
India,Chhattisgarh,Raipur,"Siltara Phase-II, Raipur - CECB","15-04-2026 11:00:00",21.371751,81.664929,OZONE,3,128,10
India,Chhattisgarh,Tumidih,"OP Jindal Industrial Park, Tumidih - CECB","15-04-2026 11:00:00",22.06631475,83.33820077,PM2.5,29,87,48
India,Chhattisgarh,Chhal,"Nawapara SECL Colony, Chhal - CECB","15-04-2026 11:00:00",22.118125,83.140608,SO2,7,68,21
India,Chhattisgarh,Korba,"Rampur, Korba - CECB","15-04-2026 11:00:00",22.368195,82.746431,OZONE,3,18,8
India,Chhattisgarh,Korba,"Urja Nagar, Korba - CECB","15-04-2026 11:00:00",22.348441,82.549611,NH3,1,1,1
India,Chhattisgarh,Kunjemura,"OP Jindal School, Kunjemura - CECB","15-04-2026 11:00:00",22.126650,83.483212,PM10,35,188,113
India,Chhattisgarh,Milupara,"Govt. Higher Secondary School, Milupara - CECB","15-04-2026 11:00:00",22.1910172,83.5197009,PM10,40,221,96
India,Chhattisgarh,Milupara,"Govt. Higher Secondary School, Milupara - CECB","15-04-2026 11:00:00",22.1910172,83.5197009,NO2,13,63,34
India,Chhattisgarh,Raipur,"AIIMS, Raipur - CECB","15-04-2026 11:00:00",21.258815,81.578979,PM2.5,54,130,77
India,Bihar,Siwan,"Chitragupta Nagar, Siwan - BSPCB","15-04-2026 11:00:00",26.2271665,84.3570427,PM10,50,127,101
India,Bihar,Siwan,"Chitragupta Nagar, Siwan - BSPCB","15-04-2026 11:00:00",26.2271665,84.3570427,NO2,2,2,2
India,Bihar,Siwan,"Chitragupta Nagar, Siwan - BSPCB","15-04-2026 11:00:00",26.2271665,84.3570427,CO,60,107,72
India,Chandigarh,Chandigarh,"Sector 22, Chandigarh - CPCC","15-04-2026 11:00:00",30.735567,76.775714,NH3,10,21,16
India,Chandigarh,Chandigarh,"Sector-25, Chandigarh - CPCC","15-04-2026 11:00:00",30.751462,76.762879,PM10,NA,NA,NA
India,Bihar,Rajgir,"Dangi Tola, Rajgir - BSPCB","15-04-2026 11:00:00",25.03280,85.41948,NO2,13,16,14
India,Bihar,Rajgir,"Dangi Tola, Rajgir - BSPCB","15-04-2026 11:00:00",25.03280,85.41948,NH3,3,3,3
India,Bihar,Samastipur,"DM Office_Kasipur, Samastipur - BSPCB","15-04-2026 11:00:00",25.859655,85.77944,CO,3,6,6
India,Bihar,Siwan,"Chitragupta Nagar, Siwan - BSPCB","15-04-2026 11:00:00",26.2271665,84.3570427,PM2.5,27,77,55
India,Chhattisgarh,Bhilai,"Hathkhoj, Bhilai - CECB","15-04-2026 11:00:00",21.224231,81.408350,NO2,19,78,47
India,Chhattisgarh,Bhilai,"Hathkhoj, Bhilai - CECB","15-04-2026 11:00:00",21.224231,81.408350,SO2,21,100,44
India,Chhattisgarh,Bhilai,"Hathkhoj, Bhilai - CECB","15-04-2026 11:00:00",21.224231,81.408350,CO,25,101,74
India,Chhattisgarh,Bilaspur,"Mangala, Bilaspur - NTPC","15-04-2026 11:00:00",22.08815,82.13737,PM2.5,46,190,95
India,Bihar,Motihari,"Gandak Colony, Motihari - BSPCB","15-04-2026 11:00:00",26.63086,84.90051,OZONE,2,8,4
India,Bihar,Munger,"Town Hall, Munger - BSPCB","15-04-2026 11:00:00",25.376776,86.471523,NO2,4,5,5
India,Bihar,Muzaffarpur,"Buddha Colony, Muzaffarpur - BSPCB","15-04-2026 11:00:00",26.11442,85.39813,SO2,4,11,8
India,Chandigarh,Chandigarh,"Sector-53, Chandigarh - CPCC","15-04-2026 11:00:00",30.719859,76.738637,PM2.5,NA,NA,NA
India,Chandigarh,Chandigarh,"Sector-53, Chandigarh - CPCC","15-04-2026 11:00:00",30.719859,76.738637,PM10,NA,NA,NA
India,Chhattisgarh,Bhilai,"Civic Center, Bhilai - Bhilai Steel Plant","15-04-2026 11:00:00",21.185571,81.343175,NH3,3,3,3
India,Bihar,Patna,"Rajbansi Nagar, Patna - BSPCB","15-04-2026 11:00:00",25.599486,85.113666,SO2,9,24,18
India,Bihar,Patna,"Samanpura, Patna - BSPCB","15-04-2026 11:00:00",25.596727,85.085624,PM10,88,192,134
India,Delhi,Delhi,"Dr. Karni Singh Shooting Range, Delhi - DPCC","15-04-2026 11:00:00",28.498571,77.264840,PM10,89,304,180
India,Delhi,Delhi,"Dr. Karni Singh Shooting Range, Delhi - DPCC","15-04-2026 11:00:00",28.498571,77.264840,NH3,6,8,7
India,Delhi,Delhi,"Dr. Karni Singh Shooting Range, Delhi - DPCC","15-04-2026 11:00:00",28.498571,77.264840,CO,20,111,44
India,Delhi,Delhi,"Dr. Karni Singh Shooting Range, Delhi - DPCC","15-04-2026 11:00:00",28.498571,77.264840,OZONE,3,223,26
India,Delhi,Delhi,"Dwarka-Sector 8, Delhi - DPCC ","15-04-2026 11:00:00",28.5710274,77.0719006,PM10,111,500,298
India,Delhi,Delhi,"Dwarka-Sector 8, Delhi - DPCC ","15-04-2026 11:00:00",28.5710274,77.0719006,NO2,28,167,94
India,Delhi,Delhi,"IGI Airport (T3), Delhi - IMD","15-04-2026 11:00:00",28.5627763,77.1180053,PM10,83,415,187
India,Delhi,Delhi,"IGNOU_Maidan Garhi, Delhi - DPCC","15-04-2026 11:00:00","28.493624 ","77.201159 ",PM2.5,41,366,144
India,Delhi,Delhi,"NSUT Jaffarpur, Delhi - DPCC","15-04-2026 11:00:00","28.594004 ","76.909423 ",SO2,16,109,45
India,Delhi,Delhi,"NSUT Jaffarpur, Delhi - DPCC","15-04-2026 11:00:00","28.594004 ","76.909423 ",CO,26,86,66
India,Delhi,Delhi,"Najafgarh, Delhi - DPCC","15-04-2026 11:00:00",28.570173,76.933762,PM2.5,NA,NA,NA
India,Delhi,Delhi,"Najafgarh, Delhi - DPCC","15-04-2026 11:00:00",28.570173,76.933762,CO,NA,NA,NA
India,Delhi,Delhi,"Narela, Delhi - DPCC","15-04-2026 11:00:00",28.822836,77.101981,NO2,5,89,43
India,Delhi,Delhi,"Nehru Nagar, Delhi - DPCC","15-04-2026 11:00:00",28.567890,77.250515,NO2,39,115,73
India,Delhi,Delhi,"Nehru Nagar, Delhi - DPCC","15-04-2026 11:00:00",28.567890,77.250515,CO,1,117,36
India,Delhi,Delhi,"Cantonment Area, Delhi - DPCC ","15-04-2026 11:00:00","28.594169 ","77.125100 ",OZONE,6,64,14
India,Delhi,Delhi,"Chandni Chowk, Delhi - IITM","15-04-2026 11:00:00",28.656756,77.227234,NO2,25,268,127
India,Delhi,Delhi,"Commonwealth Sports Complex, Delhi - DPCC","15-04-2026 11:00:00","28.615828 ","77.271992 ",PM2.5,40,317,177
India,Delhi,Delhi,"Commonwealth Sports Complex, Delhi - DPCC","15-04-2026 11:00:00","28.615828 ","77.271992 ",CO,30,116,88
India,Delhi,Delhi,"DTU, Delhi - CPCB","15-04-2026 11:00:00",28.7500499,77.1112615,NO2,28,70,44
India,Delhi,Delhi,"Ashok Vihar, Delhi - DPCC","15-04-2026 11:00:00",28.695381,77.181665,OZONE,2,105,25
India,Delhi,Delhi,"Bawana, Delhi - DPCC","15-04-2026 11:00:00",28.776200,77.051074,SO2,9,107,32
India,Delhi,Delhi,"Bawana, Delhi - DPCC","15-04-2026 11:00:00",28.776200,77.051074,CO,28,100,56
India,Delhi,Delhi,"Burari Crossing, Delhi - IMD","15-04-2026 11:00:00",28.7256504,77.2011573,PM2.5,3,429,161
India,Delhi,Delhi,"Burari Crossing, Delhi - IMD","15-04-2026 11:00:00",28.7256504,77.2011573,NO2,9,83,45
India,Delhi,Delhi,"Burari Crossing, Delhi - IMD","15-04-2026 11:00:00",28.7256504,77.2011573,CO,15,75,50
India,Delhi,Delhi,"Jawaharlal Nehru Stadium, Delhi - DPCC","15-04-2026 11:00:00",28.580280,77.233829,NH3,9,10,10
India,Delhi,Delhi,"Lodhi Road, Delhi - IMD","15-04-2026 11:00:00",28.5918245,77.2273074,PM10,89,362,150
India,Delhi,Delhi,"Lodhi Road, Delhi - IMD","15-04-2026 11:00:00",28.5918245,77.2273074,NO2,12,56,32
India,Delhi,Delhi,"JNU, Delhi - DPCC","15-04-2026 11:00:00","28.540721 ","77.168544 ",PM10,81,275,142
India,Delhi,Delhi,"Jahangirpuri, Delhi - DPCC","15-04-2026 11:00:00",28.732820,77.170633,NH3,5,21,15
India,Delhi,Delhi,"Major Dhyan Chand National Stadium, Delhi - DPCC","15-04-2026 11:00:00",28.611281,77.237738,OZONE,1,82,19
India,Delhi,Delhi,"Mandir Marg, Delhi - DPCC","15-04-2026 11:00:00",28.636429,77.201067,OZONE,4,74,23
India,Delhi,Delhi,"ITO, Delhi - CPCB","15-04-2026 11:00:00",28.628624,77.241060,PM2.5,31,364,153
India,Delhi,Delhi,"ITO, Delhi - CPCB","15-04-2026 11:00:00",28.628624,77.241060,PM10,62,300,155
India,Delhi,Delhi,"New Moti Bagh, Delhi - MHUA","15-04-2026 11:00:00",28.57834,77.18400,CO,17,94,71
India,Gujarat,Ahmedabad,"SAC ISRO Satellite, Ahmedabad - IITM","15-04-2026 11:00:00",23.023389,72.515201,PM2.5,58,219,119
India,Gujarat,Ahmedabad,"SAC ISRO Satellite, Ahmedabad - IITM","15-04-2026 11:00:00",23.023389,72.515201,SO2,8,38,17
India,Gujarat,Ahmedabad,"SVPI Airport Hansol, Ahmedabad - IITM","15-04-2026 11:00:00",23.076793,72.627874,SO2,4,112,26
India,Gujarat,Ahmedabad,"SVPI Airport Hansol, Ahmedabad - IITM","15-04-2026 11:00:00",23.076793,72.627874,OZONE,6,80,25
India,Gujarat,Ankleshwar,"GIDC, Ankleshwar - GPCB","15-04-2026 11:00:00",21.613267,73.010555,PM10,67,131,99
India,Delhi,Delhi,"Sri Aurobindo Marg, Delhi - DPCC","15-04-2026 11:00:00",28.531346,77.190156,CO,2,84,21
India,Delhi,Delhi,"Talkatora Garden, Delhi - DPCC","15-04-2026 11:00:00",28.621810,77.1944633,NO2,8,80,35
India,Delhi,Delhi,"Vivek Vihar, Delhi - DPCC","15-04-2026 11:00:00",28.672342,77.315260,OZONE,5,94,30
India,Delhi,Delhi,"Wazirpur, Delhi - DPCC","15-04-2026 11:00:00",28.699793,77.165453,CO,41,117,70
India,Delhi,Delhi,"Wazirpur, Delhi - DPCC","15-04-2026 11:00:00",28.699793,77.165453,OZONE,2,85,27
India,Gujarat,Gandhinagar,"GIFT City, Gandhinagar - IITM","15-04-2026 11:00:00",23.163798,72.677768,OZONE,2,71,19
India,Gujarat,Gandhinagar,"IIPHG Lekawada, Gandhinagar - IITM","15-04-2026 11:00:00",23.243639,72.68994,PM2.5,26,80,53
India,Gujarat,Gandhinagar,"IIPHG Lekawada, Gandhinagar - IITM","15-04-2026 11:00:00",23.243639,72.68994,OZONE,3,23,7
India,Gujarat,Gandhinagar,"Sector-10, Gandhinagar - GPCB","15-04-2026 11:00:00",23.221714,72.654328,PM2.5,63,143,84
India,Gujarat,Ahmedabad,"Raikhad, Ahmedabad - IITM","15-04-2026 11:00:00",23.020509,72.579261,CO,34,86,42
India,Gujarat,Ahmedabad,"Rakhial, Ahmedabad - IITM","15-04-2026 11:00:00",23.016834,72.625775,PM10,91,148,118
India,Gujarat,Ahmedabad,"SAC ISRO Bopal, Ahmedabad - IITM","15-04-2026 11:00:00",23.041137,72.456691,PM10,54,124,88
India,Delhi,Delhi,"North Campus, DU, Delhi - IMD","15-04-2026 11:00:00",28.6573814,77.1585447,CO,18,120,87
India,Delhi,Delhi,"Okhla Phase-2, Delhi - DPCC","15-04-2026 11:00:00",28.530785,77.271255,PM2.5,22,335,148
India,Delhi,Delhi,"Okhla Phase-2, Delhi - DPCC","15-04-2026 11:00:00",28.530785,77.271255,NH3,9,17,12
India,Delhi,Delhi,"Patparganj, Delhi - DPCC","15-04-2026 11:00:00",28.623763,77.287209,NO2,30,191,113
India,Delhi,Delhi,"Patparganj, Delhi - DPCC","15-04-2026 11:00:00",28.623763,77.287209,SO2,20,78,35
India,Delhi,Delhi,"Punjabi Bagh, Delhi - DPCC","15-04-2026 11:00:00",28.674045,77.131023,NH3,3,6,4
India,Delhi,Delhi,"Pusa, Delhi - DPCC","15-04-2026 11:00:00",28.639652,77.146275,CO,54,114,80
India,Delhi,Delhi,"Rohini, Delhi - DPCC","15-04-2026 11:00:00",28.732528,77.119920,NH3,5,10,7
India,Delhi,Delhi,"Rohini, Delhi - DPCC","15-04-2026 11:00:00",28.732528,77.119920,OZONE,5,86,23
India,Gujarat,Ahmedabad,"Gyaspur, Ahmedabad - IITM","15-04-2026 11:00:00",22.977134,72.553024,NO2,28,138,75
India,Gujarat,Ahmedabad,"Gyaspur, Ahmedabad - IITM","15-04-2026 11:00:00",22.977134,72.553024,SO2,NA,NA,NA
India,Gujarat,Ahmedabad,"Raikhad, Ahmedabad - IITM","15-04-2026 11:00:00",23.020509,72.579261,NH3,7,11,9
India,Delhi,Delhi,"Shadipur, Delhi - CPCB","15-04-2026 11:00:00",28.6514781,77.1473105,OZONE,5,50,21
India,Delhi,Delhi,"Sirifort, Delhi - CPCB","15-04-2026 11:00:00",28.5504249,77.2159377,PM2.5,47,368,158
India,Delhi,Delhi,"Sirifort, Delhi - CPCB","15-04-2026 11:00:00",28.5504249,77.2159377,OZONE,12,38,16
India,Haryana,Bhiwani,"H.B. Colony, Bhiwani - HSPCB","15-04-2026 11:00:00",28.806223,76.141105,NH3,8,12,10
India,Haryana,"Charkhi Dadri","Mini Secretariat, Charkhi Dadri - HSPCB","15-04-2026 11:00:00",28.593883,76.270653,PM2.5,86,345,242
India,Haryana,"Charkhi Dadri","Mini Secretariat, Charkhi Dadri - HSPCB","15-04-2026 11:00:00",28.593883,76.270653,NH3,5,8,6
India,Haryana,"Charkhi Dadri","Mini Secretariat, Charkhi Dadri - HSPCB","15-04-2026 11:00:00",28.593883,76.270653,CO,8,20,14
India,Haryana,Dharuhera,"Municipal Corporation Office, Dharuhera -  HSPCB","15-04-2026 11:00:00",28.206800,76.799700,PM10,68,180,126
India,Haryana,Dharuhera,"Municipal Corporation Office, Dharuhera -  HSPCB","15-04-2026 11:00:00",28.206800,76.799700,SO2,6,8,7
India,Haryana,Dharuhera,"Municipal Corporation Office, Dharuhera -  HSPCB","15-04-2026 11:00:00",28.206800,76.799700,CO,54,102,72
India,Haryana,Faridabad,"New Industrial Town, Faridabad - HSPCB","15-04-2026 11:00:00",28.39072,77.30059,PM10,86,95,90
India,Haryana,Faridabad,"New Industrial Town, Faridabad - HSPCB","15-04-2026 11:00:00",28.39072,77.30059,SO2,8,8,8
India,Haryana,Gurugram,"Teri Gram, Gurugram - HSPCB","15-04-2026 11:00:00",28.4275,77.1465,NH3,11,20,15
India,Haryana,Gurugram,"Teri Gram, Gurugram - HSPCB","15-04-2026 11:00:00",28.4275,77.1465,OZONE,10,37,15
India,Haryana,Gurugram,"Vikas Sadan, Gurugram - HSPCB","15-04-2026 11:00:00",28.4501238,77.0263051,NO2,9,45,27
India,Haryana,Hisar,"Urban Estate-II, Hisar - HSPCB","15-04-2026 11:00:00",29.140560,75.744941,PM10,86,179,137
India,Haryana,Hisar,"Urban Estate-II, Hisar - HSPCB","15-04-2026 11:00:00",29.140560,75.744941,NH3,13,13,13
India,Haryana,Hisar,"Urban Estate-II, Hisar - HSPCB","15-04-2026 11:00:00",29.140560,75.744941,CO,24,61,52
India,Haryana,Hisar,"Urban Estate-II, Hisar - HSPCB","15-04-2026 11:00:00",29.140560,75.744941,OZONE,7,168,63
India,Haryana,Jind,"Police Lines, Jind - HSPCB","15-04-2026 11:00:00",29.307814,76.337619,PM2.5,61,284,130
India,Gujarat,Surat,"Katargam, Surat - Nexteng Enviro","15-04-2026 11:00:00","21.217779 ","72.834787 ",OZONE,11,12,11
India,Gujarat,Surat,"Science Center, Surat - SMC","15-04-2026 11:00:00",21.170046,72.795405,PM2.5,35,64,49
India,Gujarat,Surat,"Science Center, Surat - SMC","15-04-2026 11:00:00",21.170046,72.795405,PM10,38,94,60
India,Gujarat,Vadodara,"Bapunagar, Vadodara - Nexteng Enviro","15-04-2026 11:00:00",22.320153,73.216285,PM2.5,32,279,91
India,Gujarat,Vadodara,"Bapunagar, Vadodara - Nexteng Enviro","15-04-2026 11:00:00",22.320153,73.216285,NH3,3,3,3
India,Gujarat,Vapi,"Phase-1 GIDC, Vapi - GPCB","15-04-2026 11:00:00",20.362421,72.918013,PM10,71,103,84
India,Gujarat,Vapi,"Phase-1 GIDC, Vapi - GPCB","15-04-2026 11:00:00",20.362421,72.918013,NH3,3,5,3
India,Gujarat,Vatva,"Phase-4 GIDC, Vatva - GPCB","15-04-2026 11:00:00",22.969611,72.643500,NO2,26,77,60
India,Haryana,Ambala,"Patti Mehar, Ambala - HSPCB","15-04-2026 11:00:00",30.379589,76.778328,PM10,45,114,79
India,Haryana,Bahadurgarh,"Arya Nagar, Bahadurgarh - HSPCB","15-04-2026 11:00:00",28.6701,76.9254,PM2.5,48,80,71
India,Haryana,Bahadurgarh,"Arya Nagar, Bahadurgarh - HSPCB","15-04-2026 11:00:00",28.6701,76.9254,SO2,5,7,6
India,Haryana,Fatehabad,"Huda Sector, Fatehabad - HSPCB","15-04-2026 11:00:00",29.503664,75.467934,CO,25,48,29
India,Haryana,Gurugram,"NISE Gwal Pahari, Gurugram - IMD","15-04-2026 11:00:00",28.422681,77.148944,OZONE,11,98,33
India,Haryana,Gurugram,"Sector-51, Gurugram - HSPCB","15-04-2026 11:00:00",28.4227,77.0667,PM2.5,13,465,296
India,Gujarat,Mehsana,"Sadanand Nagar, Mehsana - Nexteng Enviro","15-04-2026 11:00:00",23.593150,72.372792,PM2.5,12,74,42
India,Gujarat,Mehsana,"Sadanand Nagar, Mehsana - Nexteng Enviro","15-04-2026 11:00:00",23.593150,72.372792,SO2,5,9,7
India,Gujarat,Nandesari,"GIDC, Nandesari - Nandesari Ind. Association","15-04-2026 11:00:00",22.410802,73.097923,NO2,3,132,33
India,Gujarat,Rajkot,"Mavdi, Rajkot - Nexteng Enviro ","15-04-2026 11:00:00",22.248853,70.776774,CO,84,92,90
India,Gujarat,Surat,"Katargam, Surat - Nexteng Enviro","15-04-2026 11:00:00","21.217779 ","72.834787 ",PM2.5,24,87,55
India,Haryana,Jind,"Police Lines, Jind - HSPCB","15-04-2026 11:00:00",29.307814,76.337619,OZONE,14,54,30
India,Haryana,Karnal,"Sector-12, Karnal - HSPCB","15-04-2026 11:00:00",29.695300,77.002700,NO2,6,7,6
India,Haryana,Fatehabad,"Huda Sector, Fatehabad - HSPCB","15-04-2026 11:00:00",29.503664,75.467934,NH3,13,15,14
India,Karnataka,Bengaluru,"Hombegowda Nagar, Bengaluru - KSPCB","15-04-2026 11:00:00",12.938539,77.590100,NH3,2,4,3
India,Karnataka,Bengaluru,"Hombegowda Nagar, Bengaluru - KSPCB","15-04-2026 11:00:00",12.938539,77.590100,OZONE,40,124,58
India,Karnataka,Bengaluru,"Jayanagar 5th Block, Bengaluru - KSPCB","15-04-2026 11:00:00",12.920984,77.584908,OZONE,6,95,30
India,Karnataka,Bengaluru,"Jigani, Bengaluru - KSPCB","15-04-2026 11:00:00",12.7816279,77.6299145,NH3,3,3,3
India,Karnataka,Bengaluru,"Jigani, Bengaluru - KSPCB","15-04-2026 11:00:00",12.7816279,77.6299145,OZONE,28,29,28
India,Karnataka,Bengaluru,"Kasturi Nagar, Bengaluru - KSPCB","15-04-2026 11:00:00",13.003872,77.664217,PM10,NA,NA,NA
India,Karnataka,Bengaluru,"Kasturi Nagar, Bengaluru - KSPCB","15-04-2026 11:00:00",13.003872,77.664217,SO2,NA,NA,NA
India,Haryana,Mandikhera,"General Hospital, Mandikhera(Nuh) - HSPCB","15-04-2026 11:00:00",27.9002,76.9938,PM2.5,NA,NA,NA
India,Haryana,Mandikhera,"General Hospital, Mandikhera(Nuh) - HSPCB","15-04-2026 11:00:00",27.9002,76.9938,PM10,NA,NA,NA
India,Haryana,Mandikhera,"General Hospital, Mandikhera(Nuh) - HSPCB","15-04-2026 11:00:00",27.9002,76.9938,NO2,NA,NA,NA
India,Haryana,Mandikhera,"General Hospital, Mandikhera(Nuh) - HSPCB","15-04-2026 11:00:00",27.9002,76.9938,OZONE,NA,NA,NA
India,Haryana,Manesar,"Sector-2 IMT, Manesar - HSPCB","15-04-2026 11:00:00",28.360699,76.936090,PM10,68,288,188
India,Haryana,Narnaul,"Shastri Nagar, Narnaul - HSPCB","15-04-2026 11:00:00",28.060249,76.113115,NO2,23,26,25
India,Haryana,Palwal,"Shyam Nagar, Palwal - HSPCB","15-04-2026 11:00:00",28.1485564,77.3320667,PM10,59,128,99
India,Haryana,Panchgaon,"Amity University, Panchgaon - IITM","15-04-2026 11:00:00",28.3153,76.9143,CO,22,80,64
India,Haryana,Panchkula,"Sector-6, Panchkula - HSPCB ","15-04-2026 11:00:00",30.7057778,76.8531805555555,SO2,13,14,14
India,Haryana,Panipat,"Sector-18, Panipat - HSPCB","15-04-2026 11:00:00",29.432304,76.972765,PM10,112,184,143
India,Jharkhand,Jorapokhar,"Tata Stadium, Jorapokhar - JSPCB","15-04-2026 11:00:00",23.707909,86.414670,SO2,4,4,4
India,Karnataka,Bagalkot,"Vidayagiri, Bagalkot - KSPCB","15-04-2026 11:00:00",16.172806,75.659694,SO2,7,7,7
India,Karnataka,Bengaluru,"BTM Layout, Bengaluru - CPCB","15-04-2026 11:00:00",12.9135218,77.5950804,OZONE,23,24,24
India,Karnataka,Bengaluru,"BWSSB Kadabesanahalli, Bengaluru - CPCB","15-04-2026 11:00:00",12.9352049,77.6814488,OZONE,15,40,22
India,"Himachal Pradesh",Baddi,"HIMUDA Complex Phase-1, Baddi - HPPCB","15-04-2026 11:00:00",30.943887,76.801991,CO,40,95,49
India,Jammu_and_Kashmir,Pampore,"Khrew, Pampore - JKPCC","15-04-2026 11:00:00",34.031606,75.009712,NO2,8,26,15
India,Jharkhand,Dhanbad,"Sardar Patel Nagar, Dhanbad - JSPCB","15-04-2026 11:00:00",23.80569,86.44268,CO,4,11,7
India,Haryana,Rohtak,"MD University, Rohtak - HSPCB","15-04-2026 11:00:00",28.52123,76.37138,OZONE,38,40,39
India,Haryana,"Yamuna Nagar","Gobind Pura, Yamuna Nagar - HSPCB","15-04-2026 11:00:00",30.1480566,77.2893471,PM10,66,180,118
India,Haryana,"Yamuna Nagar","Gobind Pura, Yamuna Nagar - HSPCB","15-04-2026 11:00:00",30.1480566,77.2893471,NO2,11,20,16
India,Haryana,Panipat,"Sector-18, Panipat - HSPCB","15-04-2026 11:00:00",29.432304,76.972765,SO2,11,11,11
India,Haryana,Panipat,"Sector-18, Panipat - HSPCB","15-04-2026 11:00:00",29.432304,76.972765,OZONE,30,30,30
India,Haryana,Rohtak,"MD University, Rohtak - HSPCB","15-04-2026 11:00:00",28.52123,76.37138,SO2,11,14,12
India,Karnataka,Bengaluru,"City Railway Station, Bengaluru - KSPCB","15-04-2026 11:00:00",12.9756843,77.5660749,CO,56,63,60
India,Karnataka,Bengaluru,"Hebbal, Bengaluru - KSPCB","15-04-2026 11:00:00",13.029152,77.585901,NO2,NA,NA,NA
India,Karnataka,Bengaluru,"Bapuji Nagar, Bengaluru - KSPCB","15-04-2026 11:00:00",12.951913,77.539784,PM2.5,30,66,50
India,Karnataka,Chamarajanagar,"Urban, Chamarajanagar - KSPCB","15-04-2026 11:00:00",11.55358,76.55521,CO,12,25,21
India,Karnataka,Chikkaballapur,"Chikkaballapur Rural, Chikkaballapur - KSPCB","15-04-2026 11:00:00",13.428828,77.731418,OZONE,5,18,16
India,Karnataka,Chikkamagaluru,"Kalyana Nagara, Chikkamagaluru - KSPCB","15-04-2026 11:00:00",13.328028,75.797056,NH3,2,3,2
India,Karnataka,Chikkamagaluru,"Kalyana Nagara, Chikkamagaluru - KSPCB","15-04-2026 11:00:00",13.328028,75.797056,CO,11,90,20
India,Karnataka,Dharwad,"Kalabhavan, Dharwad - KSPCB","15-04-2026 11:00:00",15.459706,75.008381,NO2,31,31,31
India,Karnataka,Dharwad,"Kalabhavan, Dharwad - KSPCB","15-04-2026 11:00:00",15.459706,75.008381,CO,10,40,11
India,Karnataka,Dharwad,"Kalabhavan, Dharwad - KSPCB","15-04-2026 11:00:00",15.459706,75.008381,OZONE,30,30,30
India,Karnataka,Hubballi,"Lingaraj Nagar, Hubballi - KSPCB","15-04-2026 11:00:00",15.3714823,75.1160168,NH3,1,2,2
India,Karnataka,Hubballi,"Lingaraj Nagar, Hubballi - KSPCB","15-04-2026 11:00:00",15.3714823,75.1160168,SO2,1,2,2
India,Karnataka,Kalaburagi,"Mahatma Basaveswar Colony, Kalaburgi - KSPCB","15-04-2026 11:00:00",17.336318,76.847397,PM2.5,23,64,47
India,"Madhya Pradesh",Jabalpur,"Govindh Bhavan Colony, Jabalpur - JMC","15-04-2026 11:00:00",23.163174,79.973061,OZONE,5,130,16
India,"Madhya Pradesh",Jabalpur,"Gupteshwar, Jabalpur - JMC","15-04-2026 11:00:00",23.142888,79.916147,NO2,NA,NA,NA
India,"Madhya Pradesh",Jabalpur,"Gupteshwar, Jabalpur - JMC","15-04-2026 11:00:00",23.142888,79.916147,NH3,2,2,2
India,"Madhya Pradesh",Jabalpur,"Marhatal, Jabalpur - MPPCB","15-04-2026 11:00:00",23.168606,79.932247,SO2,7,26,20
India,"Madhya Pradesh",Jabalpur,"Marhatal, Jabalpur - MPPCB","15-04-2026 11:00:00",23.168606,79.932247,CO,30,130,84
India,"Madhya Pradesh",Jabalpur,"Suhagi, Jabalpur - JMC","15-04-2026 11:00:00",23.218135,79.957770,PM10,23,111,66
India,"Madhya Pradesh",Jabalpur,"Suhagi, Jabalpur - JMC","15-04-2026 11:00:00",23.218135,79.957770,NO2,27,94,45
India,"Madhya Pradesh",Katni,"Gole Bazar, Katni - MPPCB","15-04-2026 11:00:00",23.50016,80.23284,PM10,60,186,107
India,"Madhya Pradesh",Katni,"Gole Bazar, Katni - MPPCB","15-04-2026 11:00:00",23.50016,80.23284,SO2,11,57,30
India,"Madhya Pradesh",Katni,"Gole Bazar, Katni - MPPCB","15-04-2026 11:00:00",23.50016,80.23284,OZONE,23,117,62
India,"Madhya Pradesh",Bhopal,"Paryavaran Parisar, Bhopal - MPPCB","15-04-2026 11:00:00",23.210494,77.425409,NO2,16,92,33
India,"Madhya Pradesh",Damoh,"Shrivastav Colony, Damoh - MPPCB","15-04-2026 11:00:00",23.81748678,79.446246,PM10,NA,NA,NA
India,"Madhya Pradesh",Dewas,"Bhopal Chauraha, Dewas - MPPCB","15-04-2026 11:00:00",22.9682591,76.064118,PM10,90,161,114
India,"Madhya Pradesh",Dewas,"Bhopal Chauraha, Dewas - MPPCB","15-04-2026 11:00:00",22.9682591,76.064118,NH3,1,5,3
India,"Madhya Pradesh",Dewas,"Bhopal Chauraha, Dewas - MPPCB","15-04-2026 11:00:00",22.9682591,76.064118,SO2,1,102,38
India,"Madhya Pradesh",Dewas,"Bhopal Chauraha, Dewas - MPPCB","15-04-2026 11:00:00",22.9682591,76.064118,OZONE,10,123,28
India,"Madhya Pradesh",Gwalior,"City Center, Gwalior - MPPCB","15-04-2026 11:00:00",26.203442,78.193251,NO2,20,132,77
India,"Madhya Pradesh",Gwalior,"City Center, Gwalior - MPPCB","15-04-2026 11:00:00",26.203442,78.193251,OZONE,38,112,54
India,"Madhya Pradesh",Indore,"Chhoti Gwaltoli, Indore - MPPCB","15-04-2026 11:00:00",22.4310,75.5213,CO,24,74,34
India,"Madhya Pradesh",Indore,"Chhoti Gwaltoli, Indore - MPPCB","15-04-2026 11:00:00",22.4310,75.5213,OZONE,9,52,21
India,"Madhya Pradesh",Indore,"Regional Park, Indore - IMC","15-04-2026 11:00:00",22.6780,75.8559,NO2,15,21,18
India,"Madhya Pradesh",Indore,"Residency Area, Indore - IMC","15-04-2026 11:00:00",22.7084,75.8815,PM10,10,102,63
India,"Madhya Pradesh",Jabalpur,"Govindh Bhavan Colony, Jabalpur - JMC","15-04-2026 11:00:00",23.163174,79.973061,PM2.5,25,67,42
India,"Madhya Pradesh",Jabalpur,"Govindh Bhavan Colony, Jabalpur - JMC","15-04-2026 11:00:00",23.163174,79.973061,PM10,28,62,41
India,Karnataka,Mangalore,"Kadri, Mangalore - KSPCB","15-04-2026 11:00:00",12.889250,74.853000,PM2.5,34,70,44
India,Karnataka,Mangalore,"Kadri, Mangalore - KSPCB","15-04-2026 11:00:00",12.889250,74.853000,NH3,1,2,2
India,Karnataka,Mangalore,"Kadri, Mangalore - KSPCB","15-04-2026 11:00:00",12.889250,74.853000,OZONE,6,65,37
India,Karnataka,Mysuru,"Hebbal 1st Stage, Mysuru - KSPCB","15-04-2026 11:00:00",12.21041,76.37376,NH3,4,5,4
India,Karnataka,Ramanagara,"Vijay Nagar, Ramanagara - KSPCB","15-04-2026 11:00:00",12.733409,77.298051,PM10,53,104,80
India,Karnataka,Ramanagara,"Vijay Nagar, Ramanagara - KSPCB","15-04-2026 11:00:00",12.733409,77.298051,CO,8,52,24
India,Kerala,Kollam,"Polayathode, Kollam - Kerala PCB","15-04-2026 11:00:00",8.8787,76.6073,PM10,71,81,76
India,Kerala,Kollam,"Polayathode, Kollam - Kerala PCB","15-04-2026 11:00:00",8.8787,76.6073,SO2,2,3,2
India,Kerala,Thrissur,"Corporation Ground, Thrissur - Kerala PCB","15-04-2026 11:00:00",10.532400,76.215900,PM2.5,46,68,58
India,Kerala,Thrissur,"Corporation Ground, Thrissur - Kerala PCB","15-04-2026 11:00:00",10.532400,76.215900,PM10,61,95,80
India,"Madhya Pradesh",Bhopal,"Idgah Hills, Bhopal - MPPCB","15-04-2026 11:00:00",23.264759,77.381568,PM2.5,35,247,124
India,Karnataka,Bengaluru,"Shivapura_Peenya, Bengaluru - KSPCB","15-04-2026 11:00:00",13.0246342,77.5080115,SO2,3,8,5
India,Karnataka,Bengaluru,"Silk Board, Bengaluru - KSPCB","15-04-2026 11:00:00",12.917348,77.622813,PM2.5,56,107,78
India,Karnataka,Bengaluru,"Silk Board, Bengaluru - KSPCB","15-04-2026 11:00:00",12.917348,77.622813,OZONE,16,98,28
India,Karnataka,Chamarajanagar,"Urban, Chamarajanagar - KSPCB","15-04-2026 11:00:00",11.55358,76.55521,PM2.5,26,49,35
India,Karnataka,Chamarajanagar,"Urban, Chamarajanagar - KSPCB","15-04-2026 11:00:00",11.55358,76.55521,NO2,14,29,21
India,"Madhya Pradesh",Gwalior,"Deen Dayal Nagar, Gwalior - MPPCB","15-04-2026 11:00:00",26.259242,78.216432,SO2,8,69,21
India,"Madhya Pradesh",Gwalior,"Maharaj Bada, Gwalior - MPPCB","15-04-2026 11:00:00",26.200388,78.147714,PM2.5,3,318,95
India,"Madhya Pradesh",Gwalior,"Maharaj Bada, Gwalior - MPPCB","15-04-2026 11:00:00",26.200388,78.147714,OZONE,1,192,192
India,"Madhya Pradesh",Indore,"Airport Area, Indore - IMC","15-04-2026 11:00:00",22.7289,75.8076,SO2,23,26,25
India,Karnataka,Vijayapura,"Ibrahimpur, Vijayapura - KSPCB","15-04-2026 11:00:00",16.802639,75.722694,PM2.5,30,31,30
India,Karnataka,Vijayapura,"Ibrahimpur, Vijayapura - KSPCB","15-04-2026 11:00:00",16.802639,75.722694,SO2,3,6,3
India,Karnataka,Yadgir,"Collector Office, Yadgir - KSPCB","15-04-2026 11:00:00",16.7602,77.1428,PM10,104,138,122
India,Karnataka,Yadgir,"Collector Office, Yadgir - KSPCB","15-04-2026 11:00:00",16.7602,77.1428,CO,18,30,25
India,"Madhya Pradesh",Ujjain,"Mahashweta Nagar, Ujjain - MPPCB","15-04-2026 11:00:00",23.1633321,75.800225,SO2,3,26,9
India,Maharashtra,Ahmednagar,"Tarakpur, Ahmednagar - MPCB","15-04-2026 11:00:00",19.10122,74.73339,PM2.5,18,62,38
India,Maharashtra,Akola,"Ramdaspeth, Akola - MPCB","15-04-2026 11:00:00",20.719516,77.000253,PM2.5,33,116,64
India,Maharashtra,Akola,"Ramdaspeth, Akola - MPCB","15-04-2026 11:00:00",20.719516,77.000253,OZONE,4,104,50
India,Maharashtra,Ambernath,"Chinchpada, Ambernath - MPCB","15-04-2026 11:00:00",19.2157840,73.1997810,NH3,3,7,5
India,Maharashtra,Amravati,"Shivneri Colony, Amravati - MPCB","15-04-2026 11:00:00",20.9402359,77.7895248,PM2.5,45,71,56
India,"Madhya Pradesh",Mandideep,"Sector-D Industrial Area, Mandideep - MPPCB","15-04-2026 11:00:00",23.108440,77.511428,SO2,3,63,19
India,"Madhya Pradesh",Pithampur,"Sector-2 Industrial Area, Pithampur - MPPCB","15-04-2026 11:00:00",22.624758,75.675238,OZONE,40,136,68
India,"Madhya Pradesh",Ratlam,"Shasthri Nagar, Ratlam - IPCA Lab","15-04-2026 11:00:00",23.331731,75.045981,PM10,42,137,92
India,"Madhya Pradesh",Sagar,"Deen Dayal Nagar, Sagar - MPPCB","15-04-2026 11:00:00",23.8640158,78.80289321,SO2,3,8,4
India,"Madhya Pradesh",Satna,"Bandhavgar Colony, Satna - Birla Cement","15-04-2026 11:00:00",24.58434363,80.8549414,PM2.5,49,51,50
India,Maharashtra,Mumbai,"Bandra Kurla Complex, Mumbai - IITM","15-04-2026 11:00:00",19.053536,72.84643,SO2,1,2,1
India,Maharashtra,Mumbai,"Bandra Kurla Complex, Mumbai - MPCB","15-04-2026 11:00:00",19.065931,72.862131,SO2,3,4,3
India,Maharashtra,Mumbai,"Borivali East, Mumbai - IITM","15-04-2026 11:00:00",19.23241,72.86895,OZONE,3,77,15
India,Maharashtra,Mumbai,"Borivali East, Mumbai - MPCB","15-04-2026 11:00:00",19.2243333,72.8658113,NO2,NA,NA,NA
India,Maharashtra,Mumbai,"Borivali East, Mumbai - MPCB","15-04-2026 11:00:00",19.2243333,72.8658113,CO,9,18,16
India,Maharashtra,Mumbai,"Byculla, Mumbai - BMC","15-04-2026 11:00:00",18.9767,72.8380,PM2.5,14,94,40
India,Maharashtra,Hingoli,"Ashta Vinayak Nagar, Hingoli - MPCB","15-04-2026 11:00:00",19.710842,77.151824,CO,14,50,20
India,Maharashtra,Jalgaon,"Prabhat Colony, Jalgaon - MPCB","15-04-2026 11:00:00",21.001264,75.565602,PM2.5,42,121,73
India,Maharashtra,Jalgaon,"Prabhat Colony, Jalgaon - MPCB","15-04-2026 11:00:00",21.001264,75.565602,PM10,62,116,85
India,Maharashtra,Jalna,"Old MIDC, Jalna - MPCB","15-04-2026 11:00:00",19.854616,75.905894,NH3,NA,NA,NA
India,Maharashtra,Jalna,"Old MIDC, Jalna - MPCB","15-04-2026 11:00:00",19.854616,75.905894,SO2,NA,NA,NA
India,Maharashtra,Kalyan,"Khadakpada, Kalyan - MPCB","15-04-2026 11:00:00",19.25292,73.142019,PM2.5,NA,NA,NA
India,Maharashtra,Badlapur,"Katrap, Badlapur - MPCB","15-04-2026 11:00:00",19.16485,73.23409,NO2,12,35,24
India,Maharashtra,Beed,"Bir, Beed - MPCB","15-04-2026 11:00:00",18.988474,75.753873,SO2,5,40,17
India,Maharashtra,Belapur,"CBD Belapur, Belapur - MPCB","15-04-2026 11:00:00",19.0243902,73.0406721,SO2,13,13,13
India,Maharashtra,Bhiwandi,"Gokul Nagar, Bhiwandi - MPCB","15-04-2026 11:00:00",19.309073,73.057223,PM2.5,50,161,78
India,Maharashtra,Boisar,"Khaira, Boisar - MPCB","15-04-2026 11:00:00",19.786089,72.757971,PM2.5,65,79,76
India,Maharashtra,Kolhapur,"Sinchan Bhavan, Kolhapur - MPCB","15-04-2026 11:00:00",16.7143745,74.2426398,PM2.5,NA,NA,NA
India,Maharashtra,Latur,"Sawe Wadi, Latur - MPCB","15-04-2026 11:00:00",18.39963,76.57452,OZONE,3,70,19
India,Maharashtra,Mahad,"Kamble Tarf Birwadi, Mahad - MPCB","15-04-2026 11:00:00",18.1023399,73.4783687,PM10,65,158,104
India,Maharashtra,Mahad,"Kamble Tarf Birwadi, Mahad - MPCB","15-04-2026 11:00:00",18.1023399,73.4783687,NO2,8,63,16
India,Maharashtra,Malegaon,"Mahesh Nagar, Malegaon - MPCB","15-04-2026 11:00:00",20.555712,74.529236,NO2,NA,NA,NA
India,Maharashtra,Chandrapur,"Chauhan Colony, Chandrapur - MPCB","15-04-2026 11:00:00",19.962900,79.298714,PM2.5,58,191,90
India,Maharashtra,Chandrapur,"Chauhan Colony, Chandrapur - MPCB","15-04-2026 11:00:00",19.962900,79.298714,PM10,110,242,150
India,Maharashtra,Chandrapur,"MIDC Khutala, Chandrapur - MPCB","15-04-2026 11:00:00",19.9775302,79.2337086,PM2.5,35,110,64
India,Maharashtra,Dhule,"Deopur, Dhule - MPCB","15-04-2026 11:00:00",20.918946,74.776388,PM10,74,107,93
India,Maharashtra,Dhule,"Deopur, Dhule - MPCB","15-04-2026 11:00:00",20.918946,74.776388,SO2,7,19,13
India,"Madhya Pradesh",Satna,"Bandhavgar Colony, Satna - Birla Cement","15-04-2026 11:00:00",24.58434363,80.8549414,SO2,20,39,22
India,"Madhya Pradesh",Singrauli,"Suryakiran Bhawan NCL, Singrauli - MPPCB","15-04-2026 11:00:00",24.108970,82.645580,OZONE,2,9,3
India,"Madhya Pradesh",Ujjain,"Mahashweta Nagar, Ujjain - MPPCB","15-04-2026 11:00:00",23.1633321,75.800225,PM2.5,20,352,137
India,Maharashtra,Amravati,"Shivneri Colony, Amravati - MPCB","15-04-2026 11:00:00",20.9402359,77.7895248,SO2,7,24,12
India,Maharashtra,Aurangabad,"More Chowk Waluj, Aurangabad - MPCB","15-04-2026 11:00:00",19.8389439,75.244448,NH3,15,17,16
India,Maharashtra,Aurangabad,"Rachnakar Colony, Aurangabad - MPCB","15-04-2026 11:00:00",19.863756,75.321188,PM10,42,101,74
India,Maharashtra,Nagpur,"Opp GPO Civil Lines, Nagpur - MPCB","15-04-2026 11:00:00",21.152875,79.0517531,OZONE,5,97,42
India,Maharashtra,Nagpur,"Ram Nagar, Nagpur - MPCB","15-04-2026 11:00:00",21.143383,79.048912,NO2,6,92,23
India,Maharashtra,Nagpur,"Ram Nagar, Nagpur - MPCB","15-04-2026 11:00:00",21.143383,79.048912,NH3,4,4,4
India,Maharashtra,Nagpur,"Ram Nagar, Nagpur - MPCB","15-04-2026 11:00:00",21.143383,79.048912,SO2,26,67,42
India,Maharashtra,Nagpur,"Ram Nagar, Nagpur - MPCB","15-04-2026 11:00:00",21.143383,79.048912,OZONE,8,76,35
India,Maharashtra,Nanded,"Sneh Nagar, Nanded - MPCB","15-04-2026 11:00:00",19.173852,77.296291,PM10,NA,NA,NA
India,Maharashtra,Nanded,"Sneh Nagar, Nanded - MPCB","15-04-2026 11:00:00",19.173852,77.296291,OZONE,NA,NA,NA
India,Maharashtra,Nashik,"Hirawadi, Nashik - MPCB","15-04-2026 11:00:00",20.021503,73.813844,PM2.5,38,69,52
India,Maharashtra,Mumbai,"Khindipada-Bhandup West, Mumbai - IITM","15-04-2026 11:00:00",19.1653323,72.922099,NH3,4,5,5
India,Maharashtra,Mumbai,"Khindipada-Bhandup West, Mumbai - IITM","15-04-2026 11:00:00",19.1653323,72.922099,CO,2,32,7
India,Maharashtra,Mumbai,"Kurla, Mumbai - MPCB","15-04-2026 11:00:00",19.0863,72.8888,CO,NA,NA,NA
India,Maharashtra,Mumbai,"Malad West, Mumbai - IITM","15-04-2026 11:00:00",19.19709,72.82204,PM2.5,15,84,42
India,Maharashtra,Mumbai,"Malad West, Mumbai - IITM","15-04-2026 11:00:00",19.19709,72.82204,NO2,22,50,32
India,Maharashtra,Mumbai,"Malad West, Mumbai - IITM","15-04-2026 11:00:00",19.19709,72.82204,CO,26,50,32
India,Maharashtra,Mumbai,"Mindspace-Malad West, Mumbai - MPCB","15-04-2026 11:00:00",19.1878657,72.8304069,NO2,5,36,15
India,Maharashtra,Mumbai,"Mindspace-Malad West, Mumbai - MPCB","15-04-2026 11:00:00",19.1878657,72.8304069,NH3,1,5,2
India,Maharashtra,Mumbai,"Deonar, Mumbai - IITM","15-04-2026 11:00:00",19.04946,72.9230,CO,20,102,57
India,Maharashtra,Mumbai,"Ghatkopar, Mumbai - BMC","15-04-2026 11:00:00",19.083694,72.920967,PM10,59,142,103
India,Maharashtra,Mumbai,"Ghatkopar, Mumbai - BMC","15-04-2026 11:00:00",19.083694,72.920967,SO2,1,2,1
India,Maharashtra,Mumbai,"Kandivali West, Mumbai - BMC","15-04-2026 11:00:00",19.215859,72.831718,PM2.5,NA,NA,NA
India,Maharashtra,Mumbai,"Kandivali West, Mumbai - BMC","15-04-2026 11:00:00",19.215859,72.831718,NO2,NA,NA,NA
India,Maharashtra,Mumbai,"Kherwadi_Bandra East, Mumbai - MPCB","15-04-2026 11:00:00",19.0632143,72.8456324,PM10,43,135,85
India,Maharashtra,Mumbai,"Kherwadi_Bandra East, Mumbai - MPCB","15-04-2026 11:00:00",19.0632143,72.8456324,NO2,1,37,9
India,Maharashtra,Mumbai,"Chakala-Andheri East, Mumbai - IITM","15-04-2026 11:00:00",19.11074,72.86084,PM10,47,174,113
India,Maharashtra,Mumbai,"Chakala-Andheri East, Mumbai - IITM","15-04-2026 11:00:00",19.11074,72.86084,SO2,1,7,2
India,Maharashtra,Mumbai,"Chakala-Andheri East, Mumbai - IITM","15-04-2026 11:00:00",19.11074,72.86084,CO,21,54,32
India,Maharashtra,Mumbai,"Chembur, Mumbai - MPCB","15-04-2026 11:00:00",19.0364585,72.8954371,SO2,3,13,6
India,Maharashtra,Mumbai,"Chhatrapati Shivaji Intl. Airport (T2), Mumbai - MPCB","15-04-2026 11:00:00",19.10078,72.87462,PM10,41,122,77
India,Maharashtra,Mumbai,"Chhatrapati Shivaji Intl. Airport (T2), Mumbai - MPCB","15-04-2026 11:00:00",19.10078,72.87462,SO2,7,8,7
India,Maharashtra,Mumbai,"Worli, Mumbai -MPCB","15-04-2026 11:00:00",18.9942180,72.8158167,PM10,17,269,106
India,Maharashtra,Mumbai,"Worli, Mumbai -MPCB","15-04-2026 11:00:00",18.9942180,72.8158167,OZONE,17,55,24
India,Maharashtra,Nagpur,"Ambazari, Nagpur - MPCB","15-04-2026 11:00:00",21.121801,79.04952,PM2.5,60,144,98
India,Maharashtra,Nagpur,"Mahal, Nagpur - MPCB","15-04-2026 11:00:00",21.14472,79.107595,PM2.5,92,207,136
India,Maharashtra,Nashik,"Hirawadi, Nashik - MPCB","15-04-2026 11:00:00",20.021503,73.813844,CO,12,28,16
India,Maharashtra,Nashik,"Hirawadi, Nashik - MPCB","15-04-2026 11:00:00",20.021503,73.813844,OZONE,22,69,38
India,Maharashtra,Nashik,"MIDC Ambad, Nashik - MPCB","15-04-2026 11:00:00",19.950220,73.731480,OZONE,16,58,36
India,Maharashtra,Mumbai,"Navy Nagar-Colaba, Mumbai - IITM","15-04-2026 11:00:00",18.897756,72.813320,SO2,3,14,9
India,Maharashtra,Mumbai,"Powai, Mumbai - MPCB","15-04-2026 11:00:00",19.137500,72.915056,PM10,19,133,61
India,Maharashtra,Mumbai,"Sion, Mumbai - MPCB","15-04-2026 11:00:00",19.047000,72.874600,PM2.5,NA,NA,NA
India,Maharashtra,Mumbai,"Sion, Mumbai - MPCB","15-04-2026 11:00:00",19.047000,72.874600,NO2,NA,NA,NA
India,Maharashtra,Mumbai,"Sewri, Mumbai - BMC","15-04-2026 11:00:00",19.000084,72.856730,NO2,19,43,28
India,Maharashtra,Pune,"Revenue Colony-Shivajinagar, Pune - IITM","15-04-2026 11:00:00",18.530085,73.849598,SO2,22,75,45
India,Maharashtra,Pune,"Revenue Colony-Shivajinagar, Pune - IITM","15-04-2026 11:00:00",18.530085,73.849598,CO,34,78,52
India,Maharashtra,Pune,"Savitribai Phule Pune University, Pune - MPCB","15-04-2026 11:00:00",18.547056,73.826908,PM2.5,NA,NA,NA
India,Maharashtra,Pune,"Savitribai Phule Pune University, Pune - MPCB","15-04-2026 11:00:00",18.547056,73.826908,SO2,NA,NA,NA
India,Maharashtra,Solapur,"Dnyaneshwar Nagar, Solapur - MPCB","15-04-2026 11:00:00",17.6336264,75.9132495,SO2,NA,NA,NA
India,Maharashtra,Solapur,"Ratandeep Housing Society, Solapur - MPCB","15-04-2026 11:00:00",17.65439,75.90649,SO2,4,17,9
India,Maharashtra,Nashik,"Pandav Nagari, Nashik - MPCB","15-04-2026 11:00:00",19.9591346,73.7788008,NH3,2,3,2
India,Maharashtra,"Navi Mumbai","Kopripada-Vashi, Navi Mumbai - MPCB","15-04-2026 11:00:00",19.090337,73.014232,SO2,2,8,4
India,Maharashtra,"Navi Mumbai","Mahape, Navi Mumbai - MPCB","15-04-2026 11:00:00",19.1135051,73.008978,NH3,1,4,1
India,Maharashtra,"Navi Mumbai","Mahape, Navi Mumbai - MPCB","15-04-2026 11:00:00",19.1135051,73.008978,OZONE,8,16,10
India,Maharashtra,"Navi Mumbai","Nerul, Navi Mumbai - MPCB","15-04-2026 11:00:00",19.008751,73.016620,NO2,55,56,56
India,Maharashtra,"Navi Mumbai","Nerul, Navi Mumbai - MPCB","15-04-2026 11:00:00",19.008751,73.016620,SO2,NA,NA,NA
India,Maharashtra,Thane,"Kasarvadavali, Thane - MPCB","15-04-2026 11:00:00",19.26777,72.97182,PM2.5,44,69,55
India,Maharashtra,Thane,"Kasarvadavali, Thane - MPCB","15-04-2026 11:00:00",19.26777,72.97182,SO2,1,8,2
India,Maharashtra,Thane,"Kasarvadavali, Thane - MPCB","15-04-2026 11:00:00",19.26777,72.97182,CO,8,62,28
India,Maharashtra,Thane,"Upvan Fort, Thane - MPCB","15-04-2026 11:00:00",19.222279,72.957979,PM2.5,3,90,37
India,Maharashtra,Thane,"Upvan Fort, Thane - MPCB","15-04-2026 11:00:00",19.222279,72.957979,SO2,4,26,10
India,Maharashtra,Ulhasnagar,"Sidhi Vinayak Nagar, Ulhasnagar - MPCB","15-04-2026 11:00:00",19.235581,73.159121,SO2,6,26,13
India,Maharashtra,Virar,"Bolinj, Virar - MPCB","15-04-2026 11:00:00",19.4458210,72.7988231,PM10,40,94,64
India,Meghalaya,Byrnihat,"15th Mile-Nongthymmai, Byrnihat - Meghalaya PCB","15-04-2026 11:00:00",26.05374,91.86796,PM2.5,21,67,40
India,Mizoram,Aizawl,"Sikulpuikawn, Aizawl - Mizoram PCB","15-04-2026 11:00:00",23.7176342,92.7192841,PM10,15,125,84
India,Maharashtra,Pune,"Katraj Dairy, Pune - MPCB","15-04-2026 11:00:00",18.454450,73.854155,PM2.5,42,83,62
India,Maharashtra,Pune,"Mhada Colony, Pune - IITM","15-04-2026 11:00:00",18.573040,73.927715,CO,26,86,61
India,Maharashtra,Pune,"Panchawati_Pashan, Pune - IITM","15-04-2026 11:00:00",18.536457,73.805454,PM2.5,30,83,53
India,Maharashtra,Pune,"Panchawati_Pashan, Pune - IITM","15-04-2026 11:00:00",18.536457,73.805454,CO,5,71,35
India,Maharashtra,Pimpri-Chinchwad,"Park Street Wakad, Pimpri Chinchwad - MPCB","15-04-2026 11:00:00",18.59051,73.77946,SO2,NA,NA,NA
India,Maharashtra,Pimpri-Chinchwad,"Thergaon, Pimpri Chinchwad - MPCB","15-04-2026 11:00:00",18.616318,73.765797,NO2,12,68,43
India,Maharashtra,Pimpri-Chinchwad,"Thergaon, Pimpri Chinchwad - MPCB","15-04-2026 11:00:00",18.616318,73.765797,OZONE,20,76,31
India,Maharashtra,Pimpri-Chinchwad,"Bhumkar Nagar, Pune - IITM","15-04-2026 11:00:00",18.605770,73.749976,OZONE,2,95,10
India,Maharashtra,Pimpri-Chinchwad,"Gavalinagar, Pimpri Chinchwad - MPCB","15-04-2026 11:00:00",18.63673,73.82487,PM10,65,109,89
India,Maharashtra,"Navi Mumbai","Sanpada, Navi Mumbai - MPCB","15-04-2026 11:00:00",19.0575752,73.0151367,CO,6,94,19
India,Maharashtra,"Navi Mumbai","Sector-2E Kalamboli, Navi Mumbai - MPCB","15-04-2026 11:00:00",19.02579,73.10297,PM10,4,148,104
India,Maharashtra,Parbhani,"Masoom Colony, Parbhani - MPCB","15-04-2026 11:00:00",19.265594,76.761463,SO2,7,26,15
India,Odisha,Bileipada,"Tata Township, Bileipada - OSPCB","15-04-2026 11:00:00",22.06156703,85.47409613,PM2.5,77,307,224
India,Odisha,Bileipada,"Tata Township, Bileipada - OSPCB","15-04-2026 11:00:00",22.06156703,85.47409613,PM10,122,343,207
India,Odisha,Bileipada,"Tata Township, Bileipada - OSPCB","15-04-2026 11:00:00",22.06156703,85.47409613,NO2,15,16,15
India,Odisha,Bileipada,"Tata Township, Bileipada - OSPCB","15-04-2026 11:00:00",22.06156703,85.47409613,OZONE,14,19,15
India,Odisha,Brajrajnagar,"GM Office, Brajrajnagar - OSPCB","15-04-2026 11:00:00",21.8004996,83.8396977,PM2.5,42,206,82
India,Odisha,Baripada,"Meher Colony, Baripada - OSPCB","15-04-2026 11:00:00",21.941841,86.728318,SO2,1,18,8
India,Odisha,Baripada,"Meher Colony, Baripada - OSPCB","15-04-2026 11:00:00",21.941841,86.728318,CO,12,42,18
India,Odisha,Baripada,"Meher Colony, Baripada - OSPCB","15-04-2026 11:00:00",21.941841,86.728318,OZONE,2,99,10
India,Odisha,Bhubaneswar,"Lingraj Mandir, Bhubaneswar - OSPCB","15-04-2026 11:00:00",20.240790,85.836784,PM10,31,67,50
India,Odisha,Bhubaneswar,"Lingraj Mandir, Bhubaneswar - OSPCB","15-04-2026 11:00:00",20.240790,85.836784,CO,16,42,33
India,Odisha,Angul,"Hakimapada, Angul - OSPCB","15-04-2026 11:00:00",20.832874,85.104082,NO2,4,50,13
India,Odisha,Angul,"Hakimapada, Angul - OSPCB","15-04-2026 11:00:00",20.832874,85.104082,NH3,4,7,5
India,Odisha,Balasore,"Kalidaspur, Balasore - OSPCB","15-04-2026 11:00:00",21.51161,86.89088,PM10,47,142,88
India,Odisha,Balasore,"Kalidaspur, Balasore - OSPCB","15-04-2026 11:00:00",21.51161,86.89088,NO2,4,32,10
India,Odisha,Balasore,"Kalidaspur, Balasore - OSPCB","15-04-2026 11:00:00",21.51161,86.89088,NH3,1,2,2
India,Odisha,Keonjhar,"Jagamohanpur, Keonjhar - OSPCB","15-04-2026 11:00:00",21.643900,85.599355,OZONE,3,53,15
India,Odisha,Nayagarh,"Dabuna, Nayagarh - OSPCB","15-04-2026 11:00:00",21.847279,85.416905,PM2.5,90,180,130
India,Odisha,Nayagarh,"Dabuna, Nayagarh - OSPCB","15-04-2026 11:00:00",21.847279,85.416905,PM10,99,422,191
India,Odisha,Baripada,"Meher Colony, Baripada - OSPCB","15-04-2026 11:00:00",21.941841,86.728318,PM10,73,120,103
India,Odisha,Baripada,"Meher Colony, Baripada - OSPCB","15-04-2026 11:00:00",21.941841,86.728318,NO2,1,12,4
India,Odisha,Cuttack,"CDA Area, Cuttack - OSPCB","15-04-2026 11:00:00","20.48891     ","85.84768     ",PM2.5,25,58,36
India,Odisha,Cuttack,"CDA Area, Cuttack - OSPCB","15-04-2026 11:00:00","20.48891     ","85.84768     ",NH3,2,3,2
India,Odisha,Bhubaneswar,"Patia, Bhubaneswar - OSPCB","15-04-2026 11:00:00",20.34652,85.81630,PM2.5,32,60,44
India,Odisha,Bhubaneswar,"Patia, Bhubaneswar - OSPCB","15-04-2026 11:00:00",20.34652,85.81630,NH3,4,7,5
India,Odisha,Byasanagar,"Ferro Chrome Colony, Byasanagar - OSPCB","15-04-2026 11:00:00",20.94185,86.11510,PM10,45,106,70
India,Odisha,Brajrajnagar,"GM Office, Brajrajnagar - OSPCB","15-04-2026 11:00:00",21.8004996,83.8396977,OZONE,42,54,46
India,Odisha,Rourkela,"Raghunathpali, Rourkela - OSPCB","15-04-2026 11:00:00",22.220833,84.809444,OZONE,9,29,11
India,Odisha,Rourkela,"Sector-2, Rourkela - OSPCB","15-04-2026 11:00:00",22.24500000,84.88111111,PM2.5,34,51,45
India,Odisha,Rourkela,"Sector-2, Rourkela - OSPCB","15-04-2026 11:00:00",22.24500000,84.88111111,PM10,33,77,59
India,Odisha,Rourkela,"Sector-2, Rourkela - OSPCB","15-04-2026 11:00:00",22.24500000,84.88111111,NO2,9,9,9
India,Puducherry,Puducherry,"Jawahar Nagar, Puducherry - PPCC","15-04-2026 11:00:00",11.9309,79.8027,CO,3,22,12
India,Punjab,Amritsar,"Golden Temple, Amritsar - PPCB","15-04-2026 11:00:00",31.620000,74.876512,PM2.5,38,64,51
India,Punjab,Amritsar,"Golden Temple, Amritsar - PPCB","15-04-2026 11:00:00",31.620000,74.876512,NO2,5,32,9
India,Punjab,Bathinda,"Hardev Nagar, Bathinda - PPCB","15-04-2026 11:00:00",30.233011,74.907758,PM2.5,30,78,49
India,Odisha,Rairangpur,"Divisional Forest Office, Rairangpur - OSPCB","15-04-2026 11:00:00",22.265816,86.174829,NO2,11,12,11
India,Odisha,Tensa,"Barsua Iron Ore Mines, Tensa - OSPCB","15-04-2026 11:00:00",21.869985,85.167016,PM2.5,25,79,53
India,Odisha,Talcher,"Talcher Coalfields,Talcher - OSPCB","15-04-2026 11:00:00",20.9360711,85.1707021,NO2,27,54,38
India,Puducherry,Puducherry,"Jawahar Nagar, Puducherry - PPCC","15-04-2026 11:00:00",11.9309,79.8027,NO2,1,19,6
India,Odisha,Rourkela,"Raghunathpali, Rourkela - OSPCB","15-04-2026 11:00:00",22.220833,84.809444,NO2,15,15,15
India,Odisha,Suakati,"OMC Colony, Suakati - OSPCB","15-04-2026 11:00:00",21.606865,85.510538,NO2,10,15,11
India,Rajasthan,Dungarpur,"Bhoiwada, Dungarpur - RSPCB","15-04-2026 11:00:00",23.837789,73.714926,PM10,59,135,86
India,Rajasthan,Dungarpur,"Bhoiwada, Dungarpur - RSPCB","15-04-2026 11:00:00",23.837789,73.714926,OZONE,17,66,33
India,Rajasthan,Hanumangarh,"Housing Board, Hanumangarh - RSPCB","15-04-2026 11:00:00",29.610750,74.283608,CO,34,66,51
India,Rajasthan,Jaipur,"Adarsh Nagar, Jaipur - RSPCB","15-04-2026 11:00:00",26.902909,75.836858,SO2,19,27,23
India,Rajasthan,Jaipur,"Adarsh Nagar, Jaipur - RSPCB","15-04-2026 11:00:00",26.902909,75.836858,CO,10,110,31
India,Rajasthan,Jaipur,"Mansarovar Sector-12, Jaipur - RSPCB","15-04-2026 11:00:00",26.843698,75.766894,CO,3,147,23
India,Rajasthan,Jaipur,"Mansarovar Sector-12, Jaipur - RSPCB","15-04-2026 11:00:00",26.843698,75.766894,OZONE,1,143,94
India,Rajasthan,Jaipur,"Police Commissionerate, Jaipur - RSPCB","15-04-2026 11:00:00",26.9164092,75.7994901,PM10,47,175,101
India,Rajasthan,Ajmer,"Civil Lines,  Ajmer - RSPCB","15-04-2026 11:00:00",26.470859,74.646594,OZONE,6,35,16
India,Rajasthan,Alwar,"Moti Doongri, Alwar - RSPCB","15-04-2026 11:00:00",27.554793,76.611536,NO2,61,114,78
India,Rajasthan,Baran,"Bamboliya, Baran - RSPCB","15-04-2026 11:00:00",25.106006,76.469948,PM10,64,141,101
India,Rajasthan,Baran,"Bamboliya, Baran - RSPCB","15-04-2026 11:00:00",25.106006,76.469948,NO2,15,86,34
India,Rajasthan,Barmer,"Railway Colony, Barmer - RSPCB","15-04-2026 11:00:00",25.747299,71.393989,PM2.5,18,82,41
India,Rajasthan,Barmer,"Railway Colony, Barmer - RSPCB","15-04-2026 11:00:00",25.747299,71.393989,NO2,5,39,15
India,Rajasthan,Barmer,"Railway Colony, Barmer - RSPCB","15-04-2026 11:00:00",25.747299,71.393989,OZONE,29,83,60
India,Rajasthan,Bharatpur,"Krishna Nagar, Bharatpur - RSPCB","15-04-2026 11:00:00",27.215415,77.50873,PM2.5,15,140,48
India,Punjab,Ludhiana,"Punjab Agricultural University, Ludhiana - PPCB","15-04-2026 11:00:00",30.9028,75.8086,NH3,7,9,8
India,Punjab,"Mandi Gobindgarh","RIMT University, Mandi Gobindgarh - PPCB","15-04-2026 11:00:00",30.649961,76.331442,OZONE,34,60,35
India,Punjab,Rupnagar,"Ratanpura, Rupnagar - Ambuja Cements","15-04-2026 11:00:00",31.0325454,76.5623046,NO2,8,46,26
India,Punjab,Rupnagar,"Ratanpura, Rupnagar - Ambuja Cements","15-04-2026 11:00:00",31.0325454,76.5623046,SO2,11,18,14
India,Punjab,Rupnagar,"Ratanpura, Rupnagar - Ambuja Cements","15-04-2026 11:00:00",31.0325454,76.5623046,CO,25,40,37
India,Rajasthan,Ajmer,"Civil Lines,  Ajmer - RSPCB","15-04-2026 11:00:00",26.470859,74.646594,PM10,83,174,111
India,Rajasthan,Bhilwara,"Pratap Nagar, Bhilwara - RSPCB","15-04-2026 11:00:00",25.339605,74.618883,PM2.5,17,48,32
India,Rajasthan,Bhilwara,"Pratap Nagar, Bhilwara - RSPCB","15-04-2026 11:00:00",25.339605,74.618883,PM10,55,168,110
India,Rajasthan,Bhilwara,"Pratap Nagar, Bhilwara - RSPCB","15-04-2026 11:00:00",25.339605,74.618883,NO2,10,38,19
India,Rajasthan,Bhiwadi,"RIICO Ind. Area III, Bhiwadi - RSPCB","15-04-2026 11:00:00",28.194909,76.862296,PM2.5,85,343,231
India,Rajasthan,Bhiwadi,"RIICO Ind. Area III, Bhiwadi - RSPCB","15-04-2026 11:00:00",28.194909,76.862296,NO2,18,96,55
India,Rajasthan,Bhiwadi,"RIICO Ind. Area III, Bhiwadi - RSPCB","15-04-2026 11:00:00",28.194909,76.862296,OZONE,4,48,8
India,Rajasthan,Bikaner,"MM Ground, Bikaner - RSPCB","15-04-2026 11:00:00",28.018792,73.292658,PM10,79,287,149
India,Rajasthan,Dausa,"Khatikan Mohalla, Dausa - RSPCB","15-04-2026 11:00:00",26.895552,76.334753,PM10,59,185,109
India,Rajasthan,Dholpur,"Raja Ganj, Dholpur - RSPCB","15-04-2026 11:00:00",26.699557,77.898881,NO2,NA,NA,NA
India,Rajasthan,Dungarpur,"Bhoiwada, Dungarpur - RSPCB","15-04-2026 11:00:00",23.837789,73.714926,PM2.5,12,63,35
India,Punjab,Jalandhar,"Civil Line, Jalandhar - PPCB","15-04-2026 11:00:00",31.321907,75.578914,PM10,34,85,49
India,Punjab,Jalandhar,"Civil Line, Jalandhar - PPCB","15-04-2026 11:00:00",31.321907,75.578914,NO2,30,36,34
India,Punjab,Ludhiana,"Punjab Agricultural University, Ludhiana - PPCB","15-04-2026 11:00:00",30.9028,75.8086,PM10,67,93,75
India,Rajasthan,Jalore,"Mudtra Sili, Jalore - RSPCB","15-04-2026 11:00:00",25.344694,72.626208,CO,8,58,18
India,Punjab,Khanna,"Kalal Majra, Khanna - PPCB","15-04-2026 11:00:00","30.736056 ",76.209694,NH3,7,7,7
India,TamilNadu,Chennai,"Royapuram, Chennai - TNPCB","15-04-2026 11:00:00",13.1036,80.2909,NH3,4,4,4
India,TamilNadu,Chennai,"Royapuram, Chennai - TNPCB","15-04-2026 11:00:00",13.1036,80.2909,SO2,4,7,6
India,TamilNadu,Chennai,"Velachery Res. Area, Chennai - CPCB","15-04-2026 11:00:00",13.0052189,80.2398125,NO2,11,13,12
India,TamilNadu,Chennai,"Velachery Res. Area, Chennai - CPCB","15-04-2026 11:00:00",13.0052189,80.2398125,NH3,2,3,3
India,TamilNadu,Chennai,"Velachery Res. Area, Chennai - CPCB","15-04-2026 11:00:00",13.0052189,80.2398125,SO2,5,6,6
India,TamilNadu,Coimbatore,"SIDCO Kurichi, Coimbatore - TNPCB","15-04-2026 11:00:00",10.942451,76.978996,PM10,44,71,57
India,TamilNadu,Coimbatore,"SIDCO Kurichi, Coimbatore - TNPCB","15-04-2026 11:00:00",10.942451,76.978996,NO2,11,22,15
India,TamilNadu,Coimbatore,"SIDCO Kurichi, Coimbatore - TNPCB","15-04-2026 11:00:00",10.942451,76.978996,NH3,1,1,1
India,TamilNadu,Coimbatore,"SIDCO Kurichi, Coimbatore - TNPCB","15-04-2026 11:00:00",10.942451,76.978996,OZONE,19,20,20
India,TamilNadu,Gummidipoondi,"Anthoni Pillai Nagar, Gummidipoondi - TNPCB","15-04-2026 11:00:00",13.4127,80.1081,NH3,1,1,1
India,Rajasthan,Kota,"Nayapura, Kota - RSPCB","15-04-2026 11:00:00",25.196024,75.855668,NH3,3,7,5
India,Rajasthan,Kota,"Shrinath Puram, Kota - RSPCB","15-04-2026 11:00:00",25.14389,75.821256,PM2.5,14,283,142
India,Rajasthan,Kota,"Shrinath Puram, Kota - RSPCB","15-04-2026 11:00:00",25.14389,75.821256,PM10,45,126,87
India,Rajasthan,Nagaur,"Karni Colony, Nagaur - RSPCB","15-04-2026 11:00:00",27.213494,73.734444,PM2.5,23,110,39
India,Rajasthan,Pali,"Indira Colony Vistar, Pali - RSPCB","15-04-2026 11:00:00",25.771061," 73.340227",PM10,101,214,138
India,Rajasthan,Pali,"Indira Colony Vistar, Pali - RSPCB","15-04-2026 11:00:00",25.771061," 73.340227",NH3,2,6,4
India,Rajasthan,Pali,"Indira Colony Vistar, Pali - RSPCB","15-04-2026 11:00:00",25.771061," 73.340227",OZONE,8,76,16
India,Rajasthan,Pratapgarh,"Pragati Nagar, Pratapgarh - RSPCB","15-04-2026 11:00:00",24.041198,74.780702,PM2.5,25,65,46
India,TamilNadu,Thoothukudi,"Meelavittan, Thoothukudi - TNPCB","15-04-2026 11:00:00","8.816428 ",78.099039,SO2,2,19,11
India,Telangana,Hyderabad,"Central University, Hyderabad - TSPCB","15-04-2026 11:00:00",17.460103,78.334361,PM2.5,15,30,24
India,Telangana,Hyderabad,"Central University, Hyderabad - TSPCB","15-04-2026 11:00:00",17.460103,78.334361,PM10,18,32,27
India,Telangana,Hyderabad,"Central University, Hyderabad - TSPCB","15-04-2026 11:00:00",17.460103,78.334361,CO,16,36,29
India,Telangana,Hyderabad,"ECIL Kapra, Hyderabad - TSPCB","15-04-2026 11:00:00",17.470431,78.566959,PM10,65,74,70
India,Telangana,Hyderabad,"IITH Kandi, Hyderabad - TSPCB","15-04-2026 11:00:00",17.585705,78.126199,PM10,65,68,66
India,Telangana,Hyderabad,"IITH Kandi, Hyderabad - TSPCB","15-04-2026 11:00:00",17.585705,78.126199,NH3,5,7,5
India,Rajasthan,Pratapgarh,"Pragati Nagar, Pratapgarh - RSPCB","15-04-2026 11:00:00",24.041198,74.780702,SO2,4,18,9
India,Rajasthan,Rajsamand,"Dhoinda, Rajsamand - RSPCB","15-04-2026 11:00:00",25.036360,73.883502,SO2,6,11,8
India,Rajasthan,Sikar,"Radhakishan Pura, Sikar - RSPCB","15-04-2026 11:00:00",27.608912,75.153302,PM2.5,32,200,56
India,Rajasthan,Sikar,"Radhakishan Pura, Sikar - RSPCB","15-04-2026 11:00:00",27.608912,75.153302,PM10,78,238,124
India,Rajasthan,Sikar,"Radhakishan Pura, Sikar - RSPCB","15-04-2026 11:00:00",27.608912,75.153302,SO2,4,10,6
India,Rajasthan,Sikar,"Radhakishan Pura, Sikar - RSPCB","15-04-2026 11:00:00",27.608912,75.153302,CO,13,36,22
India,Rajasthan,Sirohi,"Vedhaynath Colony, Sirohi - RSPCB","15-04-2026 11:00:00",24.885261,72.857549,PM10,78,175,120
India,Telangana,Hyderabad,"IITH Kandi, Hyderabad - TSPCB","15-04-2026 11:00:00",17.585705,78.126199,CO,18,46,31
India,Telangana,Hyderabad,"Kokapet, Hyderabad - TSPCB","15-04-2026 11:00:00",17.393559,78.339194,NO2,12,16,14
India,Telangana,Hyderabad,"Kompally Municipal Office, Hyderabad - TSPCB","15-04-2026 11:00:00",17.544899,78.486949,PM2.5,38,49,44
India,Telangana,Hyderabad,"Kompally Municipal Office, Hyderabad - TSPCB","15-04-2026 11:00:00",17.544899,78.486949,PM10,77,92,84
India,Telangana,Hyderabad,"Kompally Municipal Office, Hyderabad - TSPCB","15-04-2026 11:00:00",17.544899,78.486949,SO2,4,8,6
India,Telangana,Hyderabad,"Nacharam_TSIIC IALA, Hyderabad - TSPCB","15-04-2026 11:00:00",17.429398,78.569354,SO2,10,15,13
India,Telangana,Hyderabad,"Nacharam_TSIIC IALA, Hyderabad - TSPCB","15-04-2026 11:00:00",17.429398,78.569354,OZONE,15,28,17
India,Rajasthan,Tonk,"Shastri Nagar, Tonk - RSPCB","15-04-2026 11:00:00",26.159933,75.780517,PM2.5,32,270,96
India,Rajasthan,Udaipur,"Ashok Nagar, Udaipur - RSPCB","15-04-2026 11:00:00",24.5886166,73.6321397,NH3,3,24,10
India,Rajasthan,Udaipur,"Ashok Nagar, Udaipur - RSPCB","15-04-2026 11:00:00",24.5886166,73.6321397,OZONE,1,70,12
India,Sikkim,Gangtok,"Zero Point GICI, Gangtok - SSPCB","15-04-2026 11:00:00",27.338530,88.614099,PM10,31,89,63
India,TamilNadu,Chennai,"Arumbakkam, Chennai - TNPCB","15-04-2026 11:00:00",13.0664,"80.2112 ",PM2.5,2,23,12
India,TamilNadu,Chennai,"Arumbakkam, Chennai - TNPCB","15-04-2026 11:00:00",13.0664,"80.2112 ",SO2,2,5,2
India,TamilNadu,Chennai,"Kodungaiyur, Chennai - TNPCB","15-04-2026 11:00:00",13.1278,80.2642,PM2.5,2,33,19
India,TamilNadu,Chennai,"Kodungaiyur, Chennai - TNPCB","15-04-2026 11:00:00",13.1278,80.2642,NO2,10,16,13
India,TamilNadu,Chennai,"Manali Village, Chennai - TNPCB","15-04-2026 11:00:00",13.1662,80.2584,NO2,4,7,6
India,TamilNadu,Chennai,"Manali Village, Chennai - TNPCB","15-04-2026 11:00:00",13.1662,80.2584,NH3,1,2,2
India,TamilNadu,Chennai,"Manali, Chennai - CPCB","15-04-2026 11:00:00",13.164544,80.26285,PM2.5,9,70,27
India,Rajasthan,Jodhpur,"Jhalamand, Jodhpur - RSPCB","15-04-2026 11:00:00",26.215415,73.070156,CO,5,80,31
India,Rajasthan,Jodhpur,"Mandor, Jodhpur - RSPCB","15-04-2026 11:00:00",26.358805,73.047444,NO2,3,84,31
India,Rajasthan,Jodhpur,"Mandor, Jodhpur - RSPCB","15-04-2026 11:00:00",26.358805,73.047444,NH3,3,7,5
India,Rajasthan,Kota,"Dhanmandi, Kota - RSPCB","15-04-2026 11:00:00",25.164090,75.858137,SO2,9,29,16
India,Rajasthan,Kota,"Dhanmandi, Kota - RSPCB","15-04-2026 11:00:00",25.164090,75.858137,CO,1,116,92
India,Rajasthan,Jhunjhunu,"Indra Nagar, Jhunjhunu - RSPCB","15-04-2026 11:00:00",28.108988,75.386577,PM10,104,378,145
India,Rajasthan,Jhunjhunu,"Indra Nagar, Jhunjhunu - RSPCB","15-04-2026 11:00:00",28.108988,75.386577,CO,16,44,31
India,Rajasthan,Jodhpur,"Digari Kalan, Jodhpur - RSPCB","15-04-2026 11:00:00",26.295810,73.082283,PM10,68,429,195
India,Rajasthan,Jodhpur,"Digari Kalan, Jodhpur - RSPCB","15-04-2026 11:00:00",26.295810,73.082283,OZONE,1,58,16
India,Telangana,Hyderabad,"Ramachandrapuram, Hyderabad - TSPCB","15-04-2026 11:00:00",17.528544,78.286195,SO2,12,13,13
India,Telangana,Hyderabad,"Sanathnagar, Hyderabad - TSPCB","15-04-2026 11:00:00",17.4559458,78.4332152,CO,37,53,47
India,Telangana,Hyderabad,"Somajiguda, Hyderabad - TSPCB","15-04-2026 11:00:00",17.417094,78.457437,SO2,16,21,18
India,Telangana,Hyderabad,"Zoo Park, Hyderabad - TSPCB","15-04-2026 11:00:00",17.349694,78.451437,NH3,3,3,3
India,Telangana,Hyderabad,"Zoo Park, Hyderabad - TSPCB","15-04-2026 11:00:00",17.349694,78.451437,CO,2,56,15
India,Tripura,Agartala,"Bardowali, Agartala - Tripura SPCB","15-04-2026 11:00:00",23.8175497,91.2726974,NO2,17,21,18
India,Tripura,Agartala,"Bardowali, Agartala - Tripura SPCB","15-04-2026 11:00:00",23.8175497,91.2726974,SO2,3,3,3
India,Uttar_Pradesh,Agra,"Manoharpur, Agra - UPPCB","15-04-2026 11:00:00",27.23711,78.01936,PM2.5,28,124,70
India,Uttar_Pradesh,Ghaziabad,"Indirapuram, Ghaziabad - UPPCB","15-04-2026 11:00:00",28.646233,77.358075,PM2.5,53,336,185
India,Uttar_Pradesh,Ghaziabad,"Indirapuram, Ghaziabad - UPPCB","15-04-2026 11:00:00",28.646233,77.358075,CO,15,127,30
India,Uttar_Pradesh,Ghaziabad,"Loni, Ghaziabad - UPPCB","15-04-2026 11:00:00",28.757294,77.278792,PM10,158,466,325
India,Uttar_Pradesh,Ghaziabad,"Loni, Ghaziabad - UPPCB","15-04-2026 11:00:00",28.757294,77.278792,CO,4,52,25
India,Uttar_Pradesh,Ghaziabad,"Sanjay Nagar, Ghaziabad - UPPCB","15-04-2026 11:00:00",28.685382,77.453839,NH3,7,13,10
India,Uttar_Pradesh,Ghaziabad,"Sanjay Nagar, Ghaziabad - UPPCB","15-04-2026 11:00:00",28.685382,77.453839,SO2,12,54,24
India,Uttar_Pradesh,Ghaziabad,"Vasundhara, Ghaziabad - UPPCB","15-04-2026 11:00:00",28.6603346,77.3572563,NO2,45,159,101
India,Uttar_Pradesh,Ghaziabad,"Vasundhara, Ghaziabad - UPPCB","15-04-2026 11:00:00",28.6603346,77.3572563,NH3,5,10,7
India,Uttar_Pradesh,Ghaziabad,"Ved Vihar-Loni, Ghaziabad - UPPCB","15-04-2026 11:00:00","28.739153 ","77.273668 ",SO2,5,9,6
India,Uttar_Pradesh,Gorakhpur,"Madan Mohan Malaviya University of Technology, Gorakhpur - UPPCB","15-04-2026 11:00:00",26.730136,83.433859,NO2,11,12,11
India,Uttar_Pradesh,Gorakhpur,"Madan Mohan Malaviya University of Technology, Gorakhpur - UPPCB","15-04-2026 11:00:00",26.730136,83.433859,CO,3,4,3
India,Uttar_Pradesh,"Greater Noida","Knowledge Park - III, Greater Noida - UPPCB","15-04-2026 11:00:00",28.47272,77.482000,PM2.5,23,310,141
India,Uttar_Pradesh,"Greater Noida","Knowledge Park - III, Greater Noida - UPPCB","15-04-2026 11:00:00",28.47272,77.482000,PM10,104,454,228
India,Uttar_Pradesh,"Greater Noida","Knowledge Park - V, Greater Noida - UPPCB","15-04-2026 11:00:00",28.557054,77.453663,NH3,7,13,10
India,Uttar_Pradesh,Hapur,"Anand Vihar, Hapur - UPPCB","15-04-2026 11:00:00",28.725645,77.749675,SO2,26,110,53
India,Uttar_Pradesh,Jhansi,"Shivaji Nagar, Jhansi - UPPCB","15-04-2026 11:00:00",25.4547,78.6039,CO,6,72,17
India,Uttar_Pradesh,Kanpur,"FTI Kidwai Nagar, Kanpur - UPPCB","15-04-2026 11:00:00",26.428282,80.327067,PM2.5,14,250,96
India,Uttar_Pradesh,Kanpur,"FTI Kidwai Nagar, Kanpur - UPPCB","15-04-2026 11:00:00",26.428282,80.327067,OZONE,9,14,14
India,Uttar_Pradesh,Kanpur,"NSI Kalyanpur, Kanpur - UPPCB","15-04-2026 11:00:00",26.509954,80.249612,NO2,28,28,28
India,Uttar_Pradesh,Kanpur,"NSI Kalyanpur, Kanpur - UPPCB","15-04-2026 11:00:00",26.509954,80.249612,NH3,2,2,2
India,Uttar_Pradesh,Kanpur,"NSI Kalyanpur, Kanpur - UPPCB","15-04-2026 11:00:00",26.509954,80.249612,SO2,11,18,14
India,Uttar_Pradesh,Kanpur,"Nehru Nagar, Kanpur - UPPCB","15-04-2026 11:00:00",26.4703136,80.3229863,PM2.5,23,315,186
India,Uttar_Pradesh,Kanpur,"Nehru Nagar, Kanpur - UPPCB","15-04-2026 11:00:00",26.4703136,80.3229863,NO2,41,49,45
India,Uttar_Pradesh,Lucknow,"B R Ambedkar University, Lucknow - UPPCB","15-04-2026 11:00:00",26.766433,80.927299,PM2.5,12,218,99
India,Uttar_Pradesh,Lucknow,"B R Ambedkar University, Lucknow - UPPCB","15-04-2026 11:00:00",26.766433,80.927299,PM10,68,186,124
India,Uttar_Pradesh,Baghpat,"Sardar Patel Inter College, Baghpat - UPPCB","15-04-2026 11:00:00",28.964949,77.278761,PM2.5,15,247,111
India,Uttar_Pradesh,Baghpat,"Sardar Patel Inter College, Baghpat - UPPCB","15-04-2026 11:00:00",28.964949,77.278761,PM10,93,429,218
India,Uttar_Pradesh,Baghpat,"Sardar Patel Inter College, Baghpat - UPPCB","15-04-2026 11:00:00",28.964949,77.278761,NO2,9,59,28
India,Uttar_Pradesh,Bulandshahr,"Yamunapuram, Bulandshahr - UPPCB","15-04-2026 11:00:00",28.406963,77.849831,PM2.5,22,317,145
India,Uttar_Pradesh,Firozabad,"Nagla Bhau, Firozabad - UPPCB","15-04-2026 11:00:00",27.168897,78.376960,PM10,36,236,94
India,Uttar_Pradesh,Firozabad,"Nagla Bhau, Firozabad - UPPCB","15-04-2026 11:00:00",27.168897,78.376960,NO2,17,17,17
India,Uttar_Pradesh,Firozabad,"Nagla Bhau, Firozabad - UPPCB","15-04-2026 11:00:00",27.168897,78.376960,OZONE,9,16,12
India,Uttar_Pradesh,Lucknow,"Gomti Nagar, Lucknow - UPPCB","15-04-2026 11:00:00",26.868120,81.005119,PM2.5,33,152,78
India,Uttar_Pradesh,Lucknow,"Kendriya Vidyalaya, Lucknow - CPCB","15-04-2026 11:00:00",26.906111,80.948222,NH3,8,18,13
India,Uttar_Pradesh,Lucknow,"Lalbagh, Lucknow - CPCB","15-04-2026 11:00:00",26.8458805,80.9365541,NO2,29,45,41
India,Uttar_Pradesh,Lucknow,"Lalbagh, Lucknow - CPCB","15-04-2026 11:00:00",26.8458805,80.9365541,NH3,12,20,15
India,Uttar_Pradesh,Lucknow,"Lalbagh, Lucknow - CPCB","15-04-2026 11:00:00",26.8458805,80.9365541,CO,25,91,53
India,Uttar_Pradesh,Lucknow,"Talkatora District Industries Center, Lucknow - CPCB","15-04-2026 11:00:00",26.83399722,80.8917361,NO2,34,80,53
India,Uttar_Pradesh,Agra,"Rohta, Agra - UPPCB","15-04-2026 11:00:00",27.106972,78.000111,PM10,67,237,137
India,Uttar_Pradesh,Agra,"Rohta, Agra - UPPCB","15-04-2026 11:00:00",27.106972,78.000111,NO2,13,13,13
India,Uttar_Pradesh,Agra,"Sanjay Palace, Agra - UPPCB","15-04-2026 11:00:00",27.19865833,78.00598056,CO,28,36,34
India,Uttar_Pradesh,Agra,"Sector-3B Avas Vikas Colony, Agra - UPPCB","15-04-2026 11:00:00",27.19412,77.96237,PM2.5,69,311,153
India,Uttar_Pradesh,Agra,"Sector-3B Avas Vikas Colony, Agra - UPPCB","15-04-2026 11:00:00",27.19412,77.96237,NH3,8,9,8
India,Uttar_Pradesh,Agra,"Shastripuram, Agra - UPPCB","15-04-2026 11:00:00",27.19862,77.92066,NO2,16,16,16
India,Uttar_Pradesh,Meerut,"Ganga Nagar, Meerut - UPPCB","15-04-2026 11:00:00",28.999264,77.7590354,NH3,6,8,7
India,Uttar_Pradesh,Meerut,"Jai Bhim Nagar, Meerut - UPPCB","15-04-2026 11:00:00",28.9535882,77.7622941,CO,10,60,53
India,Uttar_Pradesh,Meerut,"Pallavpuram Phase 2, Meerut - UPPCB","15-04-2026 11:00:00",29.063510,77.709723,PM10,67,140,90
India,Uttar_Pradesh,Meerut,"Pallavpuram Phase 2, Meerut - UPPCB","15-04-2026 11:00:00",29.063510,77.709723,NH3,5,10,7
India,Uttar_Pradesh,Moradabad,"Eco Herbal Park, Moradabad - UPPCB","15-04-2026 11:00:00",28.840739,78.697531,OZONE,5,137,37
India,Uttar_Pradesh,Moradabad,"Jigar Colony, Moradabad - UPPCB","15-04-2026 11:00:00",28.856664,78.772638,PM2.5,31,111,67
India,Uttar_Pradesh,Prayagraj,"Motilal Nehru NIT, Prayagraj - UPPCB","15-04-2026 11:00:00",25.494,81.863,OZONE,1,89,13
India,Uttar_Pradesh,Prayagraj,"Nagar Nigam, Prayagraj - UPPCB","15-04-2026 11:00:00","25.44919916 ","81.82735986 ",PM10,36,140,68
India,Uttar_Pradesh,Prayagraj,"Nagar Nigam, Prayagraj - UPPCB","15-04-2026 11:00:00","25.44919916 ","81.82735986 ",NO2,5,5,5
India,Uttar_Pradesh,Varanasi,"Ardhali Bazar, Varanasi - UPPCB","15-04-2026 11:00:00",25.3505986,82.9083074,PM2.5,48,113,71
India,Uttar_Pradesh,Varanasi,"Ardhali Bazar, Varanasi - UPPCB","15-04-2026 11:00:00",25.3505986,82.9083074,PM10,72,141,102
India,Uttar_Pradesh,Varanasi,"Ardhali Bazar, Varanasi - UPPCB","15-04-2026 11:00:00",25.3505986,82.9083074,CO,8,26,13
India,Uttar_Pradesh,Varanasi,"Ardhali Bazar, Varanasi - UPPCB","15-04-2026 11:00:00",25.3505986,82.9083074,OZONE,9,94,31
India,Uttar_Pradesh,Varanasi,"Bhelupur, Varanasi - UPPCB","15-04-2026 11:00:00",25.301778,82.996789,SO2,22,30,25
India,Uttar_Pradesh,Varanasi,"Bhelupur, Varanasi - UPPCB","15-04-2026 11:00:00",25.301778,82.996789,OZONE,6,33,15
India,Uttar_Pradesh,Varanasi,"IESD Banaras Hindu University, Varanasi - UPPCB","15-04-2026 11:00:00",25.262326,82.995408,PM2.5,4,58,36
India,Uttar_Pradesh,Varanasi,"IESD Banaras Hindu University, Varanasi - UPPCB","15-04-2026 11:00:00",25.262326,82.995408,CO,2,14,9
India,Uttar_Pradesh,Varanasi,"IESD Banaras Hindu University, Varanasi - UPPCB","15-04-2026 11:00:00",25.262326,82.995408,OZONE,3,13,3
India,Uttar_Pradesh,Varanasi,"Maldahiya, Varanasi - UPPCB","15-04-2026 11:00:00",25.32393,82.99687,OZONE,3,14,6
India,Uttar_Pradesh,Vrindavan,"Omex Eternity, Vrindavan - UPPCB","15-04-2026 11:00:00",27.5714090,77.6557570,NO2,26,27,27
India,Uttar_Pradesh,Vrindavan,"Omex Eternity, Vrindavan - UPPCB","15-04-2026 11:00:00",27.5714090,77.6557570,NH3,4,9,8
India,Uttar_Pradesh,Vrindavan,"Omex Eternity, Vrindavan - UPPCB","15-04-2026 11:00:00",27.5714090,77.6557570,CO,19,56,50
India,Uttarakhand,Dehradun,"Doon University, Dehradun - UKPCB","15-04-2026 11:00:00",30.269444,78.044167,PM2.5,NA,NA,NA
India,Uttarakhand,Dehradun,"Doon University, Dehradun - UKPCB","15-04-2026 11:00:00",30.269444,78.044167,PM10,NA,NA,NA
India,Uttarakhand,Dehradun,"Doon University, Dehradun - UKPCB","15-04-2026 11:00:00",30.269444,78.044167,NO2,1,3,2
India,Uttarakhand,Kashipur,"Govt. Girls Inter College, Kashipur - UKPCB","15-04-2026 11:00:00",29.2124114,78.9611753,PM2.5,NA,NA,NA
India,Uttarakhand,Kashipur,"Govt. Girls Inter College, Kashipur - UKPCB","15-04-2026 11:00:00",29.2124114,78.9611753,NO2,NA,NA,NA
India,Uttarakhand,Kashipur,"Govt. Girls Inter College, Kashipur - UKPCB","15-04-2026 11:00:00",29.2124114,78.9611753,SO2,NA,NA,NA
India,Uttarakhand,Kashipur,"Govt. Girls Inter College, Kashipur - UKPCB","15-04-2026 11:00:00",29.2124114,78.9611753,CO,12,16,15
India,West_Bengal,Asansol,"Asansol Court Area, Asansol - WBPCB","15-04-2026 11:00:00",23.685297,86.945968,PM2.5,64,215,94
India,West_Bengal,Asansol,"Asansol Court Area, Asansol - WBPCB","15-04-2026 11:00:00",23.685297,86.945968,NO2,28,74,42
India,West_Bengal,Asansol,"Evelyn Lodge, Asansol - WBPCB","15-04-2026 11:00:00",23.6979360,86.9443950,CO,20,107,38
India,West_Bengal,Asansol,"Mahabir Colliery, Asansol - WBPCB","15-04-2026 11:00:00",23.6181830,87.1057180,PM10,56,127,80
India,West_Bengal,Asansol,"Mahabir Colliery, Asansol - WBPCB","15-04-2026 11:00:00",23.6181830,87.1057180,NH3,1,2,1
India,West_Bengal,Asansol,"Trivenidevi Bhalotia College, Asansol - WBPCB","15-04-2026 11:00:00",23.616515,87.119133,PM2.5,18,127,48
India,West_Bengal,Asansol,"Trivenidevi Bhalotia College, Asansol - WBPCB","15-04-2026 11:00:00",23.616515,87.119133,NO2,11,24,16
India,West_Bengal,Asansol,"Trivenidevi Bhalotia College, Asansol - WBPCB","15-04-2026 11:00:00",23.616515,87.119133,OZONE,9,43,11
India,West_Bengal,Durgapur,"Mahishkapur Road_B-Zone, Durgapur - WBPCB","15-04-2026 11:00:00",23.567923,87.306843,NH3,1,3,2
India,West_Bengal,Durgapur,"PCBL Residential Complex, Durgapur - WBPCB","15-04-2026 11:00:00",23.5087640,87.3544400,PM10,58,134,86
India,West_Bengal,Durgapur,"PCBL Residential Complex, Durgapur - WBPCB","15-04-2026 11:00:00",23.5087640,87.3544400,NO2,26,82,41
India,West_Bengal,Durgapur,"PCBL Residential Complex, Durgapur - WBPCB","15-04-2026 11:00:00",23.5087640,87.3544400,CO,54,98,70
India,West_Bengal,Durgapur,"Womens College_City Center, Durgapur - WBPCB","15-04-2026 11:00:00",23.549395,87.300496,NO2,26,37,30
India,West_Bengal,Durgapur,"Womens College_City Center, Durgapur - WBPCB","15-04-2026 11:00:00",23.549395,87.300496,SO2,12,12,12
India,West_Bengal,Haldia,"Priyambada Housing Estate, Haldia - WBPCB","15-04-2026 11:00:00",22.06047,88.109737,PM10,48,102,77
India,West_Bengal,Howrah,"Belur Math, Howrah - WBPCB","15-04-2026 11:00:00",22.629801,88.352017,SO2,5,18,9
India,West_Bengal,Howrah,"Botanical Garden, Howrah - WBPCB","15-04-2026 11:00:00",22.554954,88.292568,PM2.5,11,61,35
India,West_Bengal,Howrah,"Botanical Garden, Howrah - WBPCB","15-04-2026 11:00:00",22.554954,88.292568,CO,9,26,14
India,West_Bengal,Howrah,"Botanical Garden, Howrah - WBPCB","15-04-2026 11:00:00",22.554954,88.292568,OZONE,10,61,19
India,West_Bengal,Howrah,"Dasnagar, Howrah - WBPCB","15-04-2026 11:00:00",22.6025571,88.3105664,NH3,1,1,1
India,West_Bengal,Howrah,"Ghusuri, Howrah - WBPCB","15-04-2026 11:00:00",22.611968,88.347422,NO2,21,37,27
India,West_Bengal,Kolkata,"Rabindra Bharati University, Kolkata - WBPCB","15-04-2026 11:00:00",22.627847,88.380669,PM10,44,91,67
India,West_Bengal,Kolkata,"Rabindra Sarobar, Kolkata - WBPCB","15-04-2026 11:00:00",22.51106,88.35142,OZONE,12,55,16
India,West_Bengal,Kolkata,"Victoria, Kolkata - WBPCB","15-04-2026 11:00:00",22.5448082,88.3403691,PM2.5,29,82,52
India,West_Bengal,Kolkata,"Victoria, Kolkata - WBPCB","15-04-2026 11:00:00",22.5448082,88.3403691,SO2,9,42,17
India,West_Bengal,Kolkata,"Victoria, Kolkata - WBPCB","15-04-2026 11:00:00",22.5448082,88.3403691,OZONE,26,96,36
India,West_Bengal,Siliguri,"Ward-32 Bapupara, Siliguri - WBPCB","15-04-2026 11:00:00",26.6879226,88.4152495,PM10,65,134,91
India,West_Bengal,Siliguri,"Ward-32 Bapupara, Siliguri - WBPCB","15-04-2026 11:00:00",26.6879226,88.4152495,SO2,14,18,16
India,Uttar_Pradesh,Muzaffarnagar,"New Mandi, Muzaffarnagar - UPPCB","15-04-2026 11:00:00",29.4723508,77.7194031,CO,8,89,53
India,Uttar_Pradesh,Noida,"Sector - 62, Noida - IMD","15-04-2026 11:00:00",28.6245479,77.3577104,PM2.5,10,306,162
India,Uttar_Pradesh,Noida,"Sector - 62, Noida - IMD","15-04-2026 11:00:00",28.6245479,77.3577104,NO2,20,60,27
India,Uttar_Pradesh,Noida,"Sector-1, Noida - UPPCB","15-04-2026 11:00:00",28.5898,77.3101,SO2,5,68,18
India,Uttar_Pradesh,Noida,"Sector-116, Noida - UPPCB","15-04-2026 11:00:00",28.569230,77.393848,PM10,104,479,252
India,Uttar_Pradesh,Noida,"Sector-116, Noida - UPPCB","15-04-2026 11:00:00",28.569230,77.393848,NH3,5,10,7
India,Uttar_Pradesh,Noida,"Sector-116, Noida - UPPCB","15-04-2026 11:00:00",28.569230,77.393848,OZONE,6,111,21
India,West_Bengal,Howrah,"Padmapukur, Howrah - WBPCB","15-04-2026 11:00:00",22.5687319,88.2797276,OZONE,16,51,20
India,West_Bengal,Kolkata,"Ballygunge, Kolkata - WBPCB","15-04-2026 11:00:00",22.5367507,88.3638022,NH3,6,8,7
India,West_Bengal,Kolkata,"Ballygunge, Kolkata - WBPCB","15-04-2026 11:00:00",22.5367507,88.3638022,CO,6,23,10
India,West_Bengal,Kolkata,"Fort William, Kolkata - WBPCB","15-04-2026 11:00:00",22.556640,88.342674,SO2,3,30,7
India,West_Bengal,Kolkata,"Fort William, Kolkata - WBPCB","15-04-2026 11:00:00",22.556640,88.342674,CO,8,28,12
India,Uttar_Pradesh,Moradabad,"Kashiram Nagar, Moradabad - UPPCB","15-04-2026 11:00:00",28.849399,78.742362,SO2,NA,NA,NA
India,Uttar_Pradesh,Moradabad,"Transport Nagar, Moradabad - UPPCB","15-04-2026 11:00:00",28.802625,78.753728,PM2.5,NA,NA,NA
India,Uttar_Pradesh,Moradabad,"Transport Nagar, Moradabad - UPPCB","15-04-2026 11:00:00",28.802625,78.753728,PM10,NA,NA,NA
India,Uttar_Pradesh,Moradabad,"Transport Nagar, Moradabad - UPPCB","15-04-2026 11:00:00",28.802625,78.753728,SO2,NA,NA,NA
India,Uttar_Pradesh,Muzaffarnagar,"New Mandi, Muzaffarnagar - UPPCB","15-04-2026 11:00:00",29.4723508,77.7194031,SO2,14,83,38
